user_id,credit_archetype,loans_taken,credit_risk_label,final_credit_limit,gen_txn_count
USER_000000,occasional_borrower,2,0,78.125,103
USER_000001,occasional_borrower,1,0,62.5,110
USER_000002,responsible_borrower,3,0,97.65625,118
USER_000003,responsible_borrower,4,0,122.0703125,134
USER_000004,non_borrower,0,-1,0.0,101
USER_000005,non_borrower,0,-1,0.0,84
USER_000006,occasional_borrower,2,0,78.125,99
USER_000007,non_borrower,0,-1,0.0,107
USER_000008,occasional_borrower,2,1,62.5,118
USER_000009,non_borrower,0,-1,0.0,105
USER_000010,non_borrower,0,-1,0.0,97
USER_000011,non_borrower,0,-1,0.0,102
USER_000012,non_borrower,0,-1,0.0,94
USER_000013,occasional_borrower,2,1,50.0,101
USER_000014,non_borrower,0,-1,0.0,109
USER_000015,responsible_borrower,2,1,62.5,102
USER_000016,occasional_borrower,1,0,62.5,106
USER_000017,non_borrower,0,-1,0.0,107
USER_000018,non_borrower,0,-1,0.0,112
USER_000019,non_borrower,0,-1,0.0,105
USER_000020,non_borrower,0,-1,0.0,103
USER_000021,occasional_borrower,1,1,50.0,106
USER_000022,occasional_borrower,1,0,62.5,99
USER_000023,risky_borrower,4,1,50.0,100
USER_000024,responsible_borrower,2,0,78.125,99
USER_000025,responsible_borrower,4,0,122.0703125,96
USER_000026,risky_borrower,2,2,50.0,104
USER_000027,risky_borrower,4,2,50.0,116
USER_000028,non_borrower,0,-1,0.0,112
USER_000029,responsible_borrower,4,0,122.0703125,108
USER_000030,non_borrower,0,-1,0.0,88
USER_000031,responsible_borrower,4,0,122.0703125,90
USER_000032,non_borrower,0,-1,0.0,111
USER_000033,responsible_borrower,2,0,78.125,96
USER_000034,responsible_borrower,4,1,97.65625,121
USER_000035,responsible_borrower,4,0,122.0703125,100
USER_000036,non_borrower,0,-1,0.0,112
USER_000037,responsible_borrower,2,0,78.125,91
USER_000038,non_borrower,0,-1,0.0,77
USER_000039,occasional_borrower,2,1,50.0,128
USER_000040,responsible_borrower,3,0,97.65625,105
USER_000041,occasional_borrower,2,1,50.0,94
USER_000042,non_borrower,0,-1,0.0,98
USER_000043,responsible_borrower,2,0,78.125,110
USER_000044,non_borrower,0,-1,0.0,116
USER_000045,non_borrower,0,-1,0.0,100
USER_000046,non_borrower,0,-1,0.0,81
USER_000047,occasional_borrower,2,1,50.0,92
USER_000048,responsible_borrower,4,1,78.125,116
USER_000049,responsible_borrower,2,0,78.125,98
USER_000050,non_borrower,0,-1,0.0,131
USER_000051,responsible_borrower,3,0,97.65625,92
USER_000052,responsible_borrower,2,0,78.125,115
USER_000053,responsible_borrower,2,0,78.125,104
USER_000054,non_borrower,0,-1,0.0,105
USER_000055,non_borrower,0,-1,0.0,113
USER_000056,responsible_borrower,2,1,62.5,111
USER_000057,responsible_borrower,3,0,97.65625,97
USER_000058,non_borrower,0,-1,0.0,87
USER_000059,responsible_borrower,2,0,78.125,102
USER_000060,responsible_borrower,2,0,78.125,113
USER_000061,responsible_borrower,2,0,78.125,113
USER_000062,responsible_borrower,3,1,78.125,105
USER_000063,non_borrower,0,-1,0.0,99
USER_000064,responsible_borrower,3,0,97.65625,106
USER_000065,non_borrower,0,-1,0.0,113
USER_000066,non_borrower,0,-1,0.0,84
USER_000067,responsible_borrower,4,0,122.0703125,94
USER_000068,responsible_borrower,2,0,78.125,104
USER_000069,responsible_borrower,3,0,97.65625,102
USER_000070,non_borrower,0,-1,0.0,105
USER_000071,responsible_borrower,2,0,78.125,94
USER_000072,risky_borrower,6,1,50.0,111
USER_000073,occasional_borrower,1,0,62.5,113
USER_000074,responsible_borrower,2,0,78.125,93
USER_000075,responsible_borrower,2,0,78.125,100
USER_000076,non_borrower,0,-1,0.0,92
USER_000077,non_borrower,0,-1,0.0,107
USER_000078,responsible_borrower,2,0,78.125,111
USER_000079,non_borrower,0,-1,0.0,94
USER_000080,responsible_borrower,2,0,78.125,92
USER_000081,risky_borrower,5,1,50.0,109
USER_000082,responsible_borrower,3,0,97.65625,103
USER_000083,responsible_borrower,3,0,97.65625,139
USER_000084,responsible_borrower,3,0,97.65625,95
USER_000085,non_borrower,0,-1,0.0,98
USER_000086,non_borrower,0,-1,0.0,92
USER_000087,non_borrower,0,-1,0.0,87
USER_000088,responsible_borrower,3,1,78.125,109
USER_000089,occasional_borrower,2,0,78.125,93
USER_000090,non_borrower,0,-1,0.0,93
USER_000091,responsible_borrower,2,1,62.5,98
USER_000092,responsible_borrower,3,1,78.125,107
USER_000093,non_borrower,0,-1,0.0,87
USER_000094,risky_borrower,2,2,50.0,99
USER_000095,non_borrower,0,-1,0.0,99
USER_000096,non_borrower,0,-1,0.0,112
USER_000097,responsible_borrower,3,0,97.65625,122
USER_000098,responsible_borrower,3,0,97.65625,117
USER_000099,non_borrower,0,-1,0.0,104
USER_000100,responsible_borrower,3,1,78.125,109
USER_000101,non_borrower,0,-1,0.0,81
USER_000102,occasional_borrower,1,1,50.0,90
USER_000103,occasional_borrower,2,0,78.125,119
USER_000104,responsible_borrower,2,1,62.5,117
USER_000105,responsible_borrower,4,1,78.125,86
USER_000106,occasional_borrower,1,0,62.5,105
USER_000107,responsible_borrower,2,0,78.125,118
USER_000108,non_borrower,0,-1,0.0,94
USER_000109,non_borrower,0,-1,0.0,109
USER_000110,responsible_borrower,3,1,78.125,116
USER_000111,responsible_borrower,3,0,97.65625,111
USER_000112,responsible_borrower,2,0,78.125,114
USER_000113,occasional_borrower,2,1,50.0,99
USER_000114,non_borrower,0,-1,0.0,88
USER_000115,non_borrower,0,-1,0.0,94
USER_000116,non_borrower,0,-1,0.0,93
USER_000117,non_borrower,0,-1,0.0,105
USER_000118,risky_borrower,1,2,50.0,110
USER_000119,non_borrower,0,-1,0.0,109
USER_000120,defaulter,1,2,50.0,93
USER_000121,non_borrower,0,-1,0.0,104
USER_000122,occasional_borrower,2,1,62.5,106
USER_000123,responsible_borrower,2,1,62.5,125
USER_000124,responsible_borrower,2,0,78.125,109
USER_000125,risky_borrower,3,2,50.0,84
USER_000126,non_borrower,0,-1,0.0,111
USER_000127,non_borrower,0,-1,0.0,97
USER_000128,non_borrower,0,-1,0.0,94
USER_000129,non_borrower,0,-1,0.0,93
USER_000130,non_borrower,0,-1,0.0,101
USER_000131,non_borrower,0,-1,0.0,93
USER_000132,responsible_borrower,4,0,122.0703125,99
USER_000133,responsible_borrower,2,0,78.125,125
USER_000134,non_borrower,0,-1,0.0,99
USER_000135,responsible_borrower,3,0,97.65625,103
USER_000136,non_borrower,0,-1,0.0,97
USER_000137,non_borrower,0,-1,0.0,100
USER_000138,defaulter,1,2,50.0,100
USER_000139,non_borrower,0,-1,0.0,95
USER_000140,responsible_borrower,3,1,78.125,104
USER_000141,non_borrower,0,-1,0.0,99
USER_000142,responsible_borrower,2,1,62.5,105
USER_000143,non_borrower,0,-1,0.0,104
USER_000144,occasional_borrower,2,1,62.5,102
USER_000145,occasional_borrower,2,1,62.5,104
USER_000146,non_borrower,0,-1,0.0,98
USER_000147,risky_borrower,4,2,50.0,114
USER_000148,risky_borrower,6,1,50.0,112
USER_000149,responsible_borrower,3,0,97.65625,99
USER_000150,responsible_borrower,3,0,97.65625,99
USER_000151,non_borrower,0,-1,0.0,92
USER_000152,risky_borrower,4,1,50.0,105
USER_000153,responsible_borrower,3,1,78.125,110
USER_000154,responsible_borrower,4,1,97.65625,121
USER_000155,non_borrower,0,-1,0.0,125
USER_000156,responsible_borrower,2,0,78.125,108
USER_000157,responsible_borrower,2,0,78.125,88
USER_000158,non_borrower,0,-1,0.0,91
USER_000159,responsible_borrower,3,0,97.65625,106
USER_000160,responsible_borrower,2,0,78.125,123
USER_000161,risky_borrower,4,2,50.0,105
USER_000162,occasional_borrower,2,1,62.5,110
USER_000163,responsible_borrower,4,0,122.0703125,100
USER_000164,non_borrower,0,-1,0.0,82
USER_000165,non_borrower,0,-1,0.0,109
USER_000166,non_borrower,0,-1,0.0,116
USER_000167,non_borrower,0,-1,0.0,93
USER_000168,responsible_borrower,4,0,122.0703125,103
USER_000169,responsible_borrower,4,1,97.65625,107
USER_000170,responsible_borrower,4,0,122.0703125,103
USER_000171,responsible_borrower,4,0,122.0703125,109
USER_000172,non_borrower,0,-1,0.0,87
USER_000173,occasional_borrower,1,0,62.5,88
USER_000174,responsible_borrower,4,0,122.0703125,90
USER_000175,occasional_borrower,1,0,62.5,106
USER_000176,non_borrower,0,-1,0.0,101
USER_000177,non_borrower,0,-1,0.0,109
USER_000178,non_borrower,0,-1,0.0,97
USER_000179,risky_borrower,6,2,50.0,122
USER_000180,non_borrower,0,-1,0.0,97
USER_000181,non_borrower,0,-1,0.0,95
USER_000182,risky_borrower,3,2,50.0,115
USER_000183,non_borrower,0,-1,0.0,101
USER_000184,non_borrower,0,-1,0.0,75
USER_000185,responsible_borrower,3,1,78.125,121
USER_000186,responsible_borrower,3,0,97.65625,99
USER_000187,occasional_borrower,1,1,50.0,100
USER_000188,responsible_borrower,3,0,97.65625,93
USER_000189,non_borrower,0,-1,0.0,114
USER_000190,responsible_borrower,3,0,97.65625,101
USER_000191,occasional_borrower,2,0,78.125,110
USER_000192,non_borrower,0,-1,0.0,106
USER_000193,responsible_borrower,3,0,97.65625,95
USER_000194,non_borrower,0,-1,0.0,89
USER_000195,risky_borrower,1,2,50.0,110
USER_000196,responsible_borrower,3,0,97.65625,121
USER_000197,non_borrower,0,-1,0.0,119
USER_000198,risky_borrower,2,2,50.0,93
USER_000199,non_borrower,0,-1,0.0,111
USER_000200,responsible_borrower,3,0,97.65625,100
USER_000201,occasional_borrower,1,0,62.5,101
USER_000202,responsible_borrower,2,0,78.125,110
USER_000203,non_borrower,0,-1,0.0,89
USER_000204,responsible_borrower,4,0,122.0703125,114
USER_000205,responsible_borrower,4,0,122.0703125,101
USER_000206,non_borrower,0,-1,0.0,120
USER_000207,non_borrower,0,-1,0.0,103
USER_000208,non_borrower,0,-1,0.0,107
USER_000209,responsible_borrower,3,1,78.125,113
USER_000210,responsible_borrower,4,0,122.0703125,111
USER_000211,occasional_borrower,1,0,62.5,93
USER_000212,responsible_borrower,2,0,78.125,92
USER_000213,risky_borrower,4,1,50.0,95
USER_000214,responsible_borrower,3,1,62.5,100
USER_000215,non_borrower,0,-1,0.0,105
USER_000216,occasional_borrower,1,0,62.5,109
USER_000217,non_borrower,0,-1,0.0,106
USER_000218,non_borrower,0,-1,0.0,103
USER_000219,responsible_borrower,2,0,78.125,100
USER_000220,occasional_borrower,1,1,50.0,103
USER_000221,occasional_borrower,2,0,78.125,108
USER_000222,responsible_borrower,2,0,78.125,118
USER_000223,occasional_borrower,2,0,78.125,113
USER_000224,non_borrower,0,-1,0.0,102
USER_000225,occasional_borrower,2,0,78.125,87
USER_000226,responsible_borrower,4,0,122.0703125,96
USER_000227,non_borrower,0,-1,0.0,103
USER_000228,non_borrower,0,-1,0.0,94
USER_000229,responsible_borrower,4,0,122.0703125,115
USER_000230,occasional_borrower,2,0,78.125,119
USER_000231,responsible_borrower,3,1,78.125,102
USER_000232,risky_borrower,4,1,50.0,117
USER_000233,occasional_borrower,1,1,50.0,93
USER_000234,responsible_borrower,3,0,97.65625,107
USER_000235,occasional_borrower,2,0,78.125,109
USER_000236,risky_borrower,1,2,50.0,103
USER_000237,risky_borrower,3,2,50.0,107
USER_000238,responsible_borrower,3,0,97.65625,103
USER_000239,non_borrower,0,-1,0.0,107
USER_000240,non_borrower,0,-1,0.0,103
USER_000241,defaulter,1,2,50.0,94
USER_000242,risky_borrower,2,2,50.0,111
USER_000243,non_borrower,0,-1,0.0,93
USER_000244,responsible_borrower,4,0,122.0703125,104
USER_000245,non_borrower,0,-1,0.0,106
USER_000246,responsible_borrower,2,0,78.125,115
USER_000247,defaulter,1,2,50.0,116
USER_000248,occasional_borrower,1,1,50.0,123
USER_000249,non_borrower,0,-1,0.0,104
USER_000250,non_borrower,0,-1,0.0,96
USER_000251,responsible_borrower,2,0,78.125,108
USER_000252,non_borrower,0,-1,0.0,103
USER_000253,non_borrower,0,-1,0.0,107
USER_000254,responsible_borrower,4,1,97.65625,113
USER_000255,risky_borrower,4,1,50.0,114
USER_000256,defaulter,1,2,50.0,99
USER_000257,responsible_borrower,4,1,78.125,91
USER_000258,responsible_borrower,2,0,78.125,107
USER_000259,non_borrower,0,-1,0.0,107
USER_000260,responsible_borrower,4,0,122.0703125,112
USER_000261,non_borrower,0,-1,0.0,100
USER_000262,non_borrower,0,-1,0.0,96
USER_000263,occasional_borrower,1,0,62.5,96
USER_000264,responsible_borrower,2,0,78.125,102
USER_000265,responsible_borrower,4,1,97.65625,87
USER_000266,non_borrower,0,-1,0.0,100
USER_000267,defaulter,1,2,50.0,118
USER_000268,responsible_borrower,4,1,97.65625,113
USER_000269,non_borrower,0,-1,0.0,90
USER_000270,risky_borrower,4,1,50.0,115
USER_000271,non_borrower,0,-1,0.0,98
USER_000272,non_borrower,0,-1,0.0,104
USER_000273,non_borrower,0,-1,0.0,105
USER_000274,occasional_borrower,1,0,62.5,110
USER_000275,non_borrower,0,-1,0.0,107
USER_000276,responsible_borrower,2,0,78.125,99
USER_000277,occasional_borrower,1,0,62.5,101
USER_000278,non_borrower,0,-1,0.0,103
USER_000279,non_borrower,0,-1,0.0,100
USER_000280,responsible_borrower,3,1,78.125,108
USER_000281,non_borrower,0,-1,0.0,94
USER_000282,non_borrower,0,-1,0.0,102
USER_000283,responsible_borrower,4,0,122.0703125,106
USER_000284,non_borrower,0,-1,0.0,87
USER_000285,responsible_borrower,2,1,62.5,116
USER_000286,occasional_borrower,2,1,50.0,100
USER_000287,non_borrower,0,-1,0.0,106
USER_000288,responsible_borrower,2,1,62.5,101
USER_000289,non_borrower,0,-1,0.0,113
USER_000290,non_borrower,0,-1,0.0,88
USER_000291,non_borrower,0,-1,0.0,103
USER_000292,non_borrower,0,-1,0.0,109
USER_000293,occasional_borrower,2,0,78.125,109
USER_000294,non_borrower,0,-1,0.0,93
USER_000295,responsible_borrower,4,0,122.0703125,98
USER_000296,non_borrower,0,-1,0.0,91
USER_000297,responsible_borrower,2,0,78.125,95
USER_000298,non_borrower,0,-1,0.0,93
USER_000299,responsible_borrower,2,0,78.125,101
USER_000300,responsible_borrower,4,0,122.0703125,80
USER_000301,non_borrower,0,-1,0.0,113
USER_000302,risky_borrower,6,1,50.0,123
USER_000303,responsible_borrower,3,0,97.65625,115
USER_000304,responsible_borrower,3,0,97.65625,104
USER_000305,risky_borrower,5,2,50.0,124
USER_000306,non_borrower,0,-1,0.0,100
USER_000307,responsible_borrower,3,0,97.65625,114
USER_000308,non_borrower,0,-1,0.0,111
USER_000309,responsible_borrower,4,0,122.0703125,105
USER_000310,non_borrower,0,-1,0.0,103
USER_000311,non_borrower,0,-1,0.0,86
USER_000312,non_borrower,0,-1,0.0,104
USER_000313,responsible_borrower,3,1,78.125,120
USER_000314,non_borrower,0,-1,0.0,103
USER_000315,responsible_borrower,2,0,78.125,112
USER_000316,non_borrower,0,-1,0.0,86
USER_000317,occasional_borrower,2,1,62.5,101
USER_000318,non_borrower,0,-1,0.0,97
USER_000319,responsible_borrower,3,0,97.65625,119
USER_000320,non_borrower,0,-1,0.0,100
USER_000321,responsible_borrower,2,0,78.125,119
USER_000322,occasional_borrower,2,0,78.125,88
USER_000323,occasional_borrower,1,0,62.5,106
USER_000324,occasional_borrower,1,1,50.0,104
USER_000325,non_borrower,0,-1,0.0,82
USER_000326,responsible_borrower,4,0,122.0703125,102
USER_000327,non_borrower,0,-1,0.0,93
USER_000328,occasional_borrower,1,0,62.5,97
USER_000329,non_borrower,0,-1,0.0,99
USER_000330,responsible_borrower,2,0,78.125,94
USER_000331,non_borrower,0,-1,0.0,93
USER_000332,defaulter,1,2,50.0,119
USER_000333,responsible_borrower,3,0,97.65625,110
USER_000334,occasional_borrower,1,0,62.5,93
USER_000335,non_borrower,0,-1,0.0,115
USER_000336,occasional_borrower,2,0,78.125,113
USER_000337,responsible_borrower,3,0,97.65625,105
USER_000338,occasional_borrower,2,0,78.125,103
USER_000339,non_borrower,0,-1,0.0,100
USER_000340,occasional_borrower,1,0,62.5,104
USER_000341,responsible_borrower,3,0,97.65625,115
USER_000342,occasional_borrower,1,0,62.5,117
USER_000343,responsible_borrower,2,0,78.125,100
USER_000344,non_borrower,0,-1,0.0,95
USER_000345,occasional_borrower,2,1,62.5,117
USER_000346,responsible_borrower,3,0,97.65625,107
USER_000347,occasional_borrower,2,0,78.125,117
USER_000348,non_borrower,0,-1,0.0,95
USER_000349,occasional_borrower,1,0,62.5,86
USER_000350,non_borrower,0,-1,0.0,103
USER_000351,responsible_borrower,2,0,78.125,107
USER_000352,non_borrower,0,-1,0.0,103
USER_000353,responsible_borrower,4,1,97.65625,130
USER_000354,occasional_borrower,1,0,62.5,104
USER_000355,responsible_borrower,3,0,97.65625,102
USER_000356,responsible_borrower,4,0,122.0703125,102
USER_000357,responsible_borrower,4,1,97.65625,108
USER_000358,non_borrower,0,-1,0.0,90
USER_000359,responsible_borrower,2,0,78.125,97
USER_000360,responsible_borrower,4,0,122.0703125,120
USER_000361,responsible_borrower,3,0,97.65625,117
USER_000362,responsible_borrower,4,0,122.0703125,117
USER_000363,risky_borrower,6,1,50.0,104
USER_000364,non_borrower,0,-1,0.0,93
USER_000365,responsible_borrower,2,0,78.125,93
USER_000366,non_borrower,0,-1,0.0,117
USER_000367,non_borrower,0,-1,0.0,92
USER_000368,non_borrower,0,-1,0.0,96
USER_000369,non_borrower,0,-1,0.0,94
USER_000370,non_borrower,0,-1,0.0,104
USER_000371,non_borrower,0,-1,0.0,101
USER_000372,occasional_borrower,1,0,62.5,109
USER_000373,risky_borrower,1,2,50.0,92
USER_000374,risky_borrower,1,2,50.0,107
USER_000375,non_borrower,0,-1,0.0,91
USER_000376,non_borrower,0,-1,0.0,100
USER_000377,responsible_borrower,3,0,97.65625,103
USER_000378,occasional_borrower,1,0,62.5,100
USER_000379,occasional_borrower,1,1,50.0,103
USER_000380,non_borrower,0,-1,0.0,125
USER_000381,responsible_borrower,3,1,78.125,109
USER_000382,responsible_borrower,4,1,97.65625,99
USER_000383,occasional_borrower,1,0,62.5,104
USER_000384,responsible_borrower,4,0,122.0703125,87
USER_000385,non_borrower,0,-1,0.0,96
USER_000386,non_borrower,0,-1,0.0,87
USER_000387,occasional_borrower,1,0,62.5,106
USER_000388,non_borrower,0,-1,0.0,92
USER_000389,non_borrower,0,-1,0.0,110
USER_000390,non_borrower,0,-1,0.0,91
USER_000391,non_borrower,0,-1,0.0,117
USER_000392,non_borrower,0,-1,0.0,95
USER_000393,non_borrower,0,-1,0.0,105
USER_000394,responsible_borrower,3,0,97.65625,109
USER_000395,responsible_borrower,4,1,97.65625,112
USER_000396,responsible_borrower,3,0,97.65625,122
USER_000397,responsible_borrower,4,0,122.0703125,109
USER_000398,responsible_borrower,3,0,97.65625,125
USER_000399,non_borrower,0,-1,0.0,94
USER_000400,responsible_borrower,2,1,62.5,92
USER_000401,risky_borrower,3,2,50.0,97
USER_000402,defaulter,1,2,50.0,105
USER_000403,occasional_borrower,2,1,62.5,109
USER_000404,occasional_borrower,1,0,62.5,121
USER_000405,responsible_borrower,2,1,62.5,105
USER_000406,non_borrower,0,-1,0.0,115
USER_000407,responsible_borrower,4,1,97.65625,95
USER_000408,non_borrower,0,-1,0.0,98
USER_000409,responsible_borrower,3,1,78.125,121
USER_000410,responsible_borrower,2,0,78.125,94
USER_000411,defaulter,1,2,50.0,84
USER_000412,responsible_borrower,2,0,78.125,95
USER_000413,responsible_borrower,2,0,78.125,110
USER_000414,occasional_borrower,1,1,50.0,111
USER_000415,non_borrower,0,-1,0.0,110
USER_000416,responsible_borrower,3,0,97.65625,94
USER_000417,non_borrower,0,-1,0.0,95
USER_000418,non_borrower,0,-1,0.0,101
USER_000419,occasional_borrower,2,1,62.5,99
USER_000420,non_borrower,0,-1,0.0,109
USER_000421,non_borrower,0,-1,0.0,94
USER_000422,non_borrower,0,-1,0.0,116
USER_000423,non_borrower,0,-1,0.0,100
USER_000424,risky_borrower,4,2,50.0,107
USER_000425,occasional_borrower,1,0,62.5,101
USER_000426,non_borrower,0,-1,0.0,98
USER_000427,responsible_borrower,2,0,78.125,122
USER_000428,occasional_borrower,1,1,50.0,97
USER_000429,non_borrower,0,-1,0.0,104
USER_000430,responsible_borrower,4,1,97.65625,117
USER_000431,occasional_borrower,1,1,50.0,105
USER_000432,non_borrower,0,-1,0.0,98
USER_000433,non_borrower,0,-1,0.0,91
USER_000434,responsible_borrower,3,0,97.65625,100
USER_000435,occasional_borrower,1,0,62.5,86
USER_000436,non_borrower,0,-1,0.0,110
USER_000437,non_borrower,0,-1,0.0,97
USER_000438,risky_borrower,3,2,50.0,124
USER_000439,non_borrower,0,-1,0.0,103
USER_000440,defaulter,1,2,50.0,79
USER_000441,non_borrower,0,-1,0.0,89
USER_000442,occasional_borrower,1,0,62.5,80
USER_000443,non_borrower,0,-1,0.0,91
USER_000444,non_borrower,0,-1,0.0,100
USER_000445,risky_borrower,4,1,50.0,107
USER_000446,occasional_borrower,2,1,62.5,95
USER_000447,responsible_borrower,4,0,122.0703125,120
USER_000448,responsible_borrower,3,0,97.65625,108
USER_000449,occasional_borrower,1,0,62.5,113
USER_000450,non_borrower,0,-1,0.0,90
USER_000451,non_borrower,0,-1,0.0,114
USER_000452,responsible_borrower,3,0,97.65625,112
USER_000453,non_borrower,0,-1,0.0,103
USER_000454,occasional_borrower,2,0,78.125,121
USER_000455,non_borrower,0,-1,0.0,90
USER_000456,occasional_borrower,1,0,62.5,100
USER_000457,non_borrower,0,-1,0.0,100
USER_000458,responsible_borrower,4,0,122.0703125,106
USER_000459,non_borrower,0,-1,0.0,100
USER_000460,occasional_borrower,1,0,62.5,107
USER_000461,responsible_borrower,4,1,97.65625,102
USER_000462,responsible_borrower,2,0,78.125,104
USER_000463,occasional_borrower,2,1,62.5,85
USER_000464,non_borrower,0,-1,0.0,103
USER_000465,non_borrower,0,-1,0.0,88
USER_000466,non_borrower,0,-1,0.0,110
USER_000467,responsible_borrower,4,0,122.0703125,106
USER_000468,non_borrower,0,-1,0.0,89
USER_000469,responsible_borrower,3,1,78.125,117
USER_000470,non_borrower,0,-1,0.0,100
USER_000471,non_borrower,0,-1,0.0,115
USER_000472,responsible_borrower,4,0,122.0703125,113
USER_000473,non_borrower,0,-1,0.0,107
USER_000474,non_borrower,0,-1,0.0,83
USER_000475,responsible_borrower,2,0,78.125,98
USER_000476,responsible_borrower,3,0,97.65625,115
USER_000477,non_borrower,0,-1,0.0,94
USER_000478,occasional_borrower,1,0,62.5,88
USER_000479,risky_borrower,5,1,50.0,111
USER_000480,occasional_borrower,1,0,62.5,117
USER_000481,risky_borrower,4,1,50.0,111
USER_000482,non_borrower,0,-1,0.0,126
USER_000483,responsible_borrower,4,0,122.0703125,111
USER_000484,responsible_borrower,4,1,97.65625,115
USER_000485,responsible_borrower,3,0,97.65625,97
USER_000486,responsible_borrower,2,0,78.125,95
USER_000487,occasional_borrower,2,1,50.0,102
USER_000488,non_borrower,0,-1,0.0,93
USER_000489,responsible_borrower,3,0,97.65625,100
USER_000490,responsible_borrower,4,0,122.0703125,110
USER_000491,responsible_borrower,4,0,122.0703125,102
USER_000492,responsible_borrower,4,0,122.0703125,98
USER_000493,responsible_borrower,2,1,62.5,90
USER_000494,non_borrower,0,-1,0.0,102
USER_000495,responsible_borrower,2,0,78.125,82
USER_000496,non_borrower,0,-1,0.0,105
USER_000497,responsible_borrower,2,0,78.125,126
USER_000498,responsible_borrower,2,0,78.125,95
USER_000499,responsible_borrower,2,1,62.5,120
USER_000500,responsible_borrower,4,0,122.0703125,97
USER_000501,risky_borrower,5,1,50.0,89
USER_000502,responsible_borrower,4,1,97.65625,119
USER_000503,risky_borrower,6,2,50.0,118
USER_000504,non_borrower,0,-1,0.0,93
USER_000505,responsible_borrower,3,0,97.65625,88
USER_000506,occasional_borrower,2,0,78.125,109
USER_000507,responsible_borrower,3,0,97.65625,110
USER_000508,responsible_borrower,4,1,97.65625,113
USER_000509,non_borrower,0,-1,0.0,115
USER_000510,non_borrower,0,-1,0.0,108
USER_000511,occasional_borrower,1,0,62.5,97
USER_000512,non_borrower,0,-1,0.0,125
USER_000513,defaulter,1,2,50.0,107
USER_000514,responsible_borrower,2,0,78.125,119
USER_000515,occasional_borrower,1,1,50.0,117
USER_000516,non_borrower,0,-1,0.0,95
USER_000517,risky_borrower,4,1,50.0,97
USER_000518,non_borrower,0,-1,0.0,83
USER_000519,non_borrower,0,-1,0.0,102
USER_000520,responsible_borrower,2,1,62.5,96
USER_000521,non_borrower,0,-1,0.0,95
USER_000522,occasional_borrower,2,0,78.125,105
USER_000523,responsible_borrower,3,0,97.65625,123
USER_000524,occasional_borrower,2,1,62.5,109
USER_000525,non_borrower,0,-1,0.0,92
USER_000526,non_borrower,0,-1,0.0,90
USER_000527,non_borrower,0,-1,0.0,97
USER_000528,non_borrower,0,-1,0.0,93
USER_000529,responsible_borrower,3,0,97.65625,100
USER_000530,occasional_borrower,2,1,62.5,115
USER_000531,occasional_borrower,2,1,62.5,87
USER_000532,responsible_borrower,4,0,122.0703125,115
USER_000533,non_borrower,0,-1,0.0,88
USER_000534,non_borrower,0,-1,0.0,102
USER_000535,non_borrower,0,-1,0.0,112
USER_000536,non_borrower,0,-1,0.0,104
USER_000537,responsible_borrower,4,1,97.65625,116
USER_000538,responsible_borrower,2,0,78.125,103
USER_000539,responsible_borrower,2,0,78.125,99
USER_000540,responsible_borrower,4,0,122.0703125,120
USER_000541,responsible_borrower,3,1,78.125,97
USER_000542,occasional_borrower,2,0,78.125,105
USER_000543,non_borrower,0,-1,0.0,80
USER_000544,non_borrower,0,-1,0.0,79
USER_000545,non_borrower,0,-1,0.0,101
USER_000546,responsible_borrower,4,1,97.65625,116
USER_000547,responsible_borrower,2,0,78.125,89
USER_000548,responsible_borrower,4,0,122.0703125,103
USER_000549,non_borrower,0,-1,0.0,118
USER_000550,occasional_borrower,1,1,50.0,125
USER_000551,non_borrower,0,-1,0.0,97
USER_000552,responsible_borrower,2,0,78.125,101
USER_000553,responsible_borrower,4,1,97.65625,108
USER_000554,responsible_borrower,4,0,122.0703125,99
USER_000555,risky_borrower,4,1,50.0,106
USER_000556,occasional_borrower,1,0,62.5,92
USER_000557,responsible_borrower,3,0,97.65625,112
USER_000558,non_borrower,0,-1,0.0,98
USER_000559,non_borrower,0,-1,0.0,94
USER_000560,responsible_borrower,3,1,62.5,97
USER_000561,non_borrower,0,-1,0.0,88
USER_000562,risky_borrower,4,1,50.0,126
USER_000563,occasional_borrower,1,1,50.0,109
USER_000564,responsible_borrower,2,1,62.5,112
USER_000565,non_borrower,0,-1,0.0,100
USER_000566,non_borrower,0,-1,0.0,91
USER_000567,responsible_borrower,4,1,78.125,115
USER_000568,defaulter,1,2,50.0,102
USER_000569,responsible_borrower,4,0,122.0703125,106
USER_000570,risky_borrower,1,2,50.0,98
USER_000571,occasional_borrower,1,0,62.5,103
USER_000572,responsible_borrower,4,1,78.125,109
USER_000573,occasional_borrower,2,1,50.0,97
USER_000574,responsible_borrower,3,1,78.125,98
USER_000575,responsible_borrower,2,0,78.125,121
USER_000576,responsible_borrower,4,0,122.0703125,124
USER_000577,non_borrower,0,-1,0.0,108
USER_000578,non_borrower,0,-1,0.0,92
USER_000579,occasional_borrower,2,0,78.125,104
USER_000580,responsible_borrower,3,0,97.65625,96
USER_000581,occasional_borrower,1,0,62.5,120
USER_000582,responsible_borrower,2,0,78.125,115
USER_000583,responsible_borrower,4,0,122.0703125,103
USER_000584,non_borrower,0,-1,0.0,95
USER_000585,non_borrower,0,-1,0.0,105
USER_000586,non_borrower,0,-1,0.0,115
USER_000587,occasional_borrower,1,0,62.5,101
USER_000588,risky_borrower,4,1,50.0,123
USER_000589,non_borrower,0,-1,0.0,94
USER_000590,responsible_borrower,4,0,122.0703125,114
USER_000591,non_borrower,0,-1,0.0,107
USER_000592,non_borrower,0,-1,0.0,97
USER_000593,non_borrower,0,-1,0.0,100
USER_000594,non_borrower,0,-1,0.0,99
USER_000595,non_borrower,0,-1,0.0,104
USER_000596,occasional_borrower,2,1,62.5,109
USER_000597,non_borrower,0,-1,0.0,117
USER_000598,non_borrower,0,-1,0.0,134
USER_000599,responsible_borrower,3,0,97.65625,113
USER_000600,responsible_borrower,2,1,62.5,129
USER_000601,responsible_borrower,4,0,122.0703125,114
USER_000602,non_borrower,0,-1,0.0,115
USER_000603,non_borrower,0,-1,0.0,82
USER_000604,responsible_borrower,4,0,122.0703125,117
USER_000605,responsible_borrower,4,0,122.0703125,111
USER_000606,non_borrower,0,-1,0.0,81
USER_000607,responsible_borrower,4,1,97.65625,111
USER_000608,risky_borrower,5,1,50.0,117
USER_000609,non_borrower,0,-1,0.0,83
USER_000610,risky_borrower,4,2,50.0,112
USER_000611,responsible_borrower,3,0,97.65625,102
USER_000612,responsible_borrower,2,0,78.125,126
USER_000613,risky_borrower,2,2,50.0,107
USER_000614,responsible_borrower,2,0,78.125,94
USER_000615,responsible_borrower,4,0,122.0703125,116
USER_000616,non_borrower,0,-1,0.0,115
USER_000617,non_borrower,0,-1,0.0,105
USER_000618,responsible_borrower,4,1,78.125,99
USER_000619,risky_borrower,4,1,50.0,112
USER_000620,non_borrower,0,-1,0.0,89
USER_000621,responsible_borrower,4,0,122.0703125,115
USER_000622,risky_borrower,4,2,50.0,110
USER_000623,non_borrower,0,-1,0.0,129
USER_000624,responsible_borrower,2,0,78.125,100
USER_000625,responsible_borrower,3,1,78.125,99
USER_000626,occasional_borrower,1,1,50.0,108
USER_000627,responsible_borrower,2,0,78.125,111
USER_000628,responsible_borrower,3,0,97.65625,109
USER_000629,responsible_borrower,2,0,78.125,108
USER_000630,responsible_borrower,3,1,78.125,121
USER_000631,occasional_borrower,2,1,62.5,105
USER_000632,non_borrower,0,-1,0.0,99
USER_000633,responsible_borrower,3,0,97.65625,118
USER_000634,risky_borrower,6,1,50.0,105
USER_000635,occasional_borrower,1,0,62.5,118
USER_000636,non_borrower,0,-1,0.0,109
USER_000637,non_borrower,0,-1,0.0,95
USER_000638,responsible_borrower,2,0,78.125,96
USER_000639,non_borrower,0,-1,0.0,95
USER_000640,responsible_borrower,4,0,122.0703125,102
USER_000641,non_borrower,0,-1,0.0,83
USER_000642,non_borrower,0,-1,0.0,83
USER_000643,non_borrower,0,-1,0.0,102
USER_000644,non_borrower,0,-1,0.0,95
USER_000645,non_borrower,0,-1,0.0,101
USER_000646,occasional_borrower,2,1,62.5,109
USER_000647,occasional_borrower,2,1,62.5,107
USER_000648,non_borrower,0,-1,0.0,95
USER_000649,non_borrower,0,-1,0.0,104
USER_000650,non_borrower,0,-1,0.0,85
USER_000651,non_borrower,0,-1,0.0,95
USER_000652,occasional_borrower,2,1,50.0,116
USER_000653,responsible_borrower,3,0,97.65625,98
USER_000654,responsible_borrower,4,0,122.0703125,121
USER_000655,responsible_borrower,3,0,97.65625,99
USER_000656,non_borrower,0,-1,0.0,95
USER_000657,non_borrower,0,-1,0.0,109
USER_000658,responsible_borrower,3,0,97.65625,110
USER_000659,non_borrower,0,-1,0.0,117
USER_000660,non_borrower,0,-1,0.0,100
USER_000661,non_borrower,0,-1,0.0,92
USER_000662,non_borrower,0,-1,0.0,98
USER_000663,responsible_borrower,4,1,97.65625,109
USER_000664,non_borrower,0,-1,0.0,95
USER_000665,non_borrower,0,-1,0.0,121
USER_000666,non_borrower,0,-1,0.0,96
USER_000667,responsible_borrower,2,0,78.125,107
USER_000668,non_borrower,0,-1,0.0,94
USER_000669,non_borrower,0,-1,0.0,81
USER_000670,responsible_borrower,3,0,97.65625,111
USER_000671,non_borrower,0,-1,0.0,112
USER_000672,responsible_borrower,3,1,78.125,117
USER_000673,responsible_borrower,4,0,122.0703125,103
USER_000674,non_borrower,0,-1,0.0,93
USER_000675,risky_borrower,4,1,50.0,104
USER_000676,responsible_borrower,4,0,122.0703125,123
USER_000677,responsible_borrower,2,0,78.125,112
USER_000678,non_borrower,0,-1,0.0,116
USER_000679,non_borrower,0,-1,0.0,89
USER_000680,non_borrower,0,-1,0.0,90
USER_000681,non_borrower,0,-1,0.0,108
USER_000682,responsible_borrower,3,0,97.65625,105
USER_000683,defaulter,1,2,50.0,103
USER_000684,non_borrower,0,-1,0.0,105
USER_000685,non_borrower,0,-1,0.0,84
USER_000686,occasional_borrower,2,1,62.5,96
USER_000687,non_borrower,0,-1,0.0,86
USER_000688,responsible_borrower,4,1,97.65625,126
USER_000689,responsible_borrower,3,0,97.65625,108
USER_000690,responsible_borrower,3,0,97.65625,108
USER_000691,responsible_borrower,4,1,97.65625,116
USER_000692,non_borrower,0,-1,0.0,93
USER_000693,non_borrower,0,-1,0.0,102
USER_000694,non_borrower,0,-1,0.0,99
USER_000695,non_borrower,0,-1,0.0,89
USER_000696,responsible_borrower,4,0,122.0703125,116
USER_000697,non_borrower,0,-1,0.0,92
USER_000698,responsible_borrower,2,0,78.125,110
USER_000699,occasional_borrower,1,0,62.5,100
USER_000700,non_borrower,0,-1,0.0,100
USER_000701,responsible_borrower,2,0,78.125,106
USER_000702,non_borrower,0,-1,0.0,99
USER_000703,responsible_borrower,4,0,122.0703125,120
USER_000704,responsible_borrower,4,1,97.65625,97
USER_000705,defaulter,1,2,50.0,105
USER_000706,non_borrower,0,-1,0.0,115
USER_000707,responsible_borrower,2,0,78.125,101
USER_000708,responsible_borrower,4,0,122.0703125,112
USER_000709,occasional_borrower,2,0,78.125,123
USER_000710,responsible_borrower,2,0,78.125,102
USER_000711,non_borrower,0,-1,0.0,88
USER_000712,responsible_borrower,4,1,97.65625,122
USER_000713,responsible_borrower,3,0,97.65625,102
USER_000714,responsible_borrower,3,0,97.65625,118
USER_000715,occasional_borrower,2,1,50.0,93
USER_000716,non_borrower,0,-1,0.0,99
USER_000717,non_borrower,0,-1,0.0,114
USER_000718,responsible_borrower,2,0,78.125,106
USER_000719,occasional_borrower,1,1,50.0,115
USER_000720,responsible_borrower,2,1,62.5,100
USER_000721,non_borrower,0,-1,0.0,117
USER_000722,non_borrower,0,-1,0.0,99
USER_000723,responsible_borrower,2,1,62.5,113
USER_000724,occasional_borrower,1,1,50.0,110
USER_000725,responsible_borrower,3,0,97.65625,111
USER_000726,non_borrower,0,-1,0.0,113
USER_000727,responsible_borrower,2,1,62.5,98
USER_000728,responsible_borrower,4,0,122.0703125,103
USER_000729,non_borrower,0,-1,0.0,111
USER_000730,responsible_borrower,3,0,97.65625,110
USER_000731,non_borrower,0,-1,0.0,96
USER_000732,occasional_borrower,1,0,62.5,110
USER_000733,risky_borrower,1,2,50.0,110
USER_000734,responsible_borrower,3,0,97.65625,97
USER_000735,responsible_borrower,2,1,62.5,107
USER_000736,risky_borrower,2,2,50.0,95
USER_000737,responsible_borrower,3,0,97.65625,103
USER_000738,non_borrower,0,-1,0.0,102
USER_000739,responsible_borrower,4,0,122.0703125,104
USER_000740,responsible_borrower,4,1,78.125,91
USER_000741,responsible_borrower,2,0,78.125,112
USER_000742,non_borrower,0,-1,0.0,97
USER_000743,responsible_borrower,3,0,97.65625,102
USER_000744,risky_borrower,4,2,50.0,117
USER_000745,responsible_borrower,2,0,78.125,116
USER_000746,responsible_borrower,2,0,78.125,106
USER_000747,responsible_borrower,4,1,97.65625,103
USER_000748,occasional_borrower,2,1,62.5,97
USER_000749,responsible_borrower,2,0,78.125,107
USER_000750,non_borrower,0,-1,0.0,88
USER_000751,defaulter,1,2,50.0,115
USER_000752,responsible_borrower,2,0,78.125,106
USER_000753,occasional_borrower,1,0,62.5,110
USER_000754,non_borrower,0,-1,0.0,101
USER_000755,occasional_borrower,2,1,62.5,109
USER_000756,non_borrower,0,-1,0.0,99
USER_000757,responsible_borrower,3,0,97.65625,108
USER_000758,occasional_borrower,2,0,78.125,110
USER_000759,occasional_borrower,2,1,62.5,103
USER_000760,non_borrower,0,-1,0.0,105
USER_000761,non_borrower,0,-1,0.0,98
USER_000762,occasional_borrower,2,1,62.5,94
USER_000763,non_borrower,0,-1,0.0,106
USER_000764,responsible_borrower,3,1,78.125,88
USER_000765,non_borrower,0,-1,0.0,103
USER_000766,responsible_borrower,4,0,122.0703125,114
USER_000767,non_borrower,0,-1,0.0,122
USER_000768,occasional_borrower,1,0,62.5,117
USER_000769,defaulter,1,2,50.0,102
USER_000770,non_borrower,0,-1,0.0,83
USER_000771,responsible_borrower,4,0,122.0703125,110
USER_000772,non_borrower,0,-1,0.0,94
USER_000773,responsible_borrower,3,0,97.65625,109
USER_000774,responsible_borrower,4,0,122.0703125,109
USER_000775,responsible_borrower,3,1,78.125,114
USER_000776,non_borrower,0,-1,0.0,86
USER_000777,non_borrower,0,-1,0.0,103
USER_000778,responsible_borrower,4,1,97.65625,112
USER_000779,responsible_borrower,3,0,97.65625,85
USER_000780,responsible_borrower,3,0,97.65625,95
USER_000781,responsible_borrower,3,0,97.65625,103
USER_000782,occasional_borrower,1,1,50.0,103
USER_000783,responsible_borrower,3,1,78.125,124
USER_000784,responsible_borrower,4,0,122.0703125,97
USER_000785,responsible_borrower,3,1,78.125,137
USER_000786,occasional_borrower,2,0,78.125,113
USER_000787,non_borrower,0,-1,0.0,110
USER_000788,responsible_borrower,2,0,78.125,124
USER_000789,responsible_borrower,4,0,122.0703125,98
USER_000790,risky_borrower,3,2,50.0,113
USER_000791,occasional_borrower,1,1,50.0,98
USER_000792,responsible_borrower,2,1,62.5,90
USER_000793,responsible_borrower,2,0,78.125,99
USER_000794,non_borrower,0,-1,0.0,98
USER_000795,non_borrower,0,-1,0.0,95
USER_000796,non_borrower,0,-1,0.0,106
USER_000797,non_borrower,0,-1,0.0,111
USER_000798,responsible_borrower,2,1,62.5,103
USER_000799,non_borrower,0,-1,0.0,116
USER_000800,responsible_borrower,4,0,122.0703125,100
USER_000801,occasional_borrower,1,0,62.5,120
USER_000802,responsible_borrower,2,0,78.125,94
USER_000803,responsible_borrower,4,1,97.65625,103
USER_000804,responsible_borrower,2,0,78.125,98
USER_000805,non_borrower,0,-1,0.0,93
USER_000806,responsible_borrower,2,0,78.125,97
USER_000807,non_borrower,0,-1,0.0,100
USER_000808,defaulter,1,2,50.0,93
USER_000809,responsible_borrower,3,0,97.65625,112
USER_000810,responsible_borrower,2,0,78.125,120
USER_000811,non_borrower,0,-1,0.0,82
USER_000812,risky_borrower,4,1,50.0,95
USER_000813,non_borrower,0,-1,0.0,104
USER_000814,responsible_borrower,4,0,122.0703125,120
USER_000815,non_borrower,0,-1,0.0,104
USER_000816,non_borrower,0,-1,0.0,96
USER_000817,occasional_borrower,2,0,78.125,112
USER_000818,non_borrower,0,-1,0.0,98
USER_000819,risky_borrower,4,1,50.0,113
USER_000820,responsible_borrower,4,1,97.65625,108
USER_000821,responsible_borrower,3,0,97.65625,109
USER_000822,non_borrower,0,-1,0.0,81
USER_000823,non_borrower,0,-1,0.0,95
USER_000824,responsible_borrower,4,0,122.0703125,117
USER_000825,non_borrower,0,-1,0.0,115
USER_000826,responsible_borrower,2,1,62.5,106
USER_000827,responsible_borrower,2,0,78.125,104
USER_000828,occasional_borrower,1,0,62.5,99
USER_000829,responsible_borrower,3,1,78.125,124
USER_000830,non_borrower,0,-1,0.0,103
USER_000831,occasional_borrower,1,1,50.0,104
USER_000832,responsible_borrower,4,0,122.0703125,103
USER_000833,non_borrower,0,-1,0.0,93
USER_000834,responsible_borrower,3,0,97.65625,107
USER_000835,risky_borrower,5,1,50.0,102
USER_000836,occasional_borrower,2,1,62.5,113
USER_000837,risky_borrower,2,2,50.0,93
USER_000838,non_borrower,0,-1,0.0,95
USER_000839,defaulter,1,2,50.0,110
USER_000840,non_borrower,0,-1,0.0,100
USER_000841,responsible_borrower,2,1,62.5,102
USER_000842,non_borrower,0,-1,0.0,92
USER_000843,non_borrower,0,-1,0.0,94
USER_000844,occasional_borrower,2,0,78.125,116
USER_000845,occasional_borrower,1,1,50.0,89
USER_000846,non_borrower,0,-1,0.0,79
USER_000847,defaulter,1,2,50.0,115
USER_000848,non_borrower,0,-1,0.0,110
USER_000849,occasional_borrower,2,0,78.125,111
USER_000850,responsible_borrower,3,0,97.65625,101
USER_000851,occasional_borrower,2,1,50.0,120
USER_000852,responsible_borrower,3,0,97.65625,119
USER_000853,occasional_borrower,2,0,78.125,104
USER_000854,responsible_borrower,2,0,78.125,108
USER_000855,occasional_borrower,1,0,62.5,92
USER_000856,occasional_borrower,1,1,50.0,122
USER_000857,non_borrower,0,-1,0.0,109
USER_000858,occasional_borrower,2,0,78.125,117
USER_000859,responsible_borrower,2,0,78.125,110
USER_000860,non_borrower,0,-1,0.0,106
USER_000861,occasional_borrower,2,0,78.125,107
USER_000862,responsible_borrower,3,1,78.125,105
USER_000863,risky_borrower,5,1,50.0,124
USER_000864,non_borrower,0,-1,0.0,89
USER_000865,responsible_borrower,3,0,97.65625,111
USER_000866,non_borrower,0,-1,0.0,103
USER_000867,responsible_borrower,2,1,62.5,111
USER_000868,non_borrower,0,-1,0.0,112
USER_000869,responsible_borrower,4,1,78.125,119
USER_000870,occasional_borrower,2,1,62.5,105
USER_000871,non_borrower,0,-1,0.0,103
USER_000872,non_borrower,0,-1,0.0,101
USER_000873,occasional_borrower,2,1,62.5,122
USER_000874,responsible_borrower,2,0,78.125,103
USER_000875,responsible_borrower,3,0,97.65625,93
USER_000876,responsible_borrower,4,0,122.0703125,95
USER_000877,non_borrower,0,-1,0.0,90
USER_000878,responsible_borrower,4,0,122.0703125,103
USER_000879,responsible_borrower,4,1,78.125,113
USER_000880,non_borrower,0,-1,0.0,90
USER_000881,non_borrower,0,-1,0.0,110
USER_000882,non_borrower,0,-1,0.0,101
USER_000883,occasional_borrower,1,0,62.5,111
USER_000884,occasional_borrower,1,0,62.5,114
USER_000885,occasional_borrower,1,0,62.5,85
USER_000886,risky_borrower,2,2,50.0,74
USER_000887,non_borrower,0,-1,0.0,100
USER_000888,non_borrower,0,-1,0.0,111
USER_000889,non_borrower,0,-1,0.0,90
USER_000890,non_borrower,0,-1,0.0,79
USER_000891,responsible_borrower,4,1,97.65625,121
USER_000892,non_borrower,0,-1,0.0,101
USER_000893,non_borrower,0,-1,0.0,97
USER_000894,responsible_borrower,2,0,78.125,105
USER_000895,defaulter,1,2,50.0,87
USER_000896,responsible_borrower,3,0,97.65625,100
USER_000897,non_borrower,0,-1,0.0,102
USER_000898,non_borrower,0,-1,0.0,91
USER_000899,defaulter,1,2,50.0,123
USER_000900,responsible_borrower,3,0,97.65625,99
USER_000901,non_borrower,0,-1,0.0,95
USER_000902,occasional_borrower,2,0,78.125,111
USER_000903,occasional_borrower,1,0,62.5,114
USER_000904,occasional_borrower,1,0,62.5,111
USER_000905,occasional_borrower,2,1,62.5,105
USER_000906,responsible_borrower,4,1,78.125,104
USER_000907,non_borrower,0,-1,0.0,105
USER_000908,non_borrower,0,-1,0.0,118
USER_000909,responsible_borrower,4,0,122.0703125,109
USER_000910,non_borrower,0,-1,0.0,105
USER_000911,responsible_borrower,2,0,78.125,103
USER_000912,non_borrower,0,-1,0.0,102
USER_000913,occasional_borrower,1,1,50.0,102
USER_000914,responsible_borrower,2,0,78.125,99
USER_000915,responsible_borrower,4,1,97.65625,114
USER_000916,non_borrower,0,-1,0.0,101
USER_000917,non_borrower,0,-1,0.0,86
USER_000918,responsible_borrower,3,0,97.65625,111
USER_000919,occasional_borrower,1,0,62.5,95
USER_000920,responsible_borrower,2,0,78.125,104
USER_000921,occasional_borrower,2,0,78.125,78
USER_000922,responsible_borrower,2,0,78.125,115
USER_000923,responsible_borrower,2,0,78.125,110
USER_000924,occasional_borrower,2,0,78.125,107
USER_000925,risky_borrower,5,1,50.0,102
USER_000926,responsible_borrower,2,0,78.125,101
USER_000927,non_borrower,0,-1,0.0,105
USER_000928,responsible_borrower,4,0,122.0703125,103
USER_000929,occasional_borrower,2,0,78.125,97
USER_000930,responsible_borrower,2,0,78.125,85
USER_000931,responsible_borrower,2,0,78.125,94
USER_000932,non_borrower,0,-1,0.0,120
USER_000933,occasional_borrower,2,1,50.0,97
USER_000934,non_borrower,0,-1,0.0,88
USER_000935,non_borrower,0,-1,0.0,101
USER_000936,occasional_borrower,2,1,62.5,112
USER_000937,responsible_borrower,2,1,62.5,104
USER_000938,risky_borrower,5,2,50.0,101
USER_000939,responsible_borrower,3,0,97.65625,113
USER_000940,non_borrower,0,-1,0.0,107
USER_000941,responsible_borrower,3,0,97.65625,98
USER_000942,responsible_borrower,4,0,122.0703125,112
USER_000943,responsible_borrower,3,1,78.125,115
USER_000944,occasional_borrower,2,1,62.5,107
USER_000945,risky_borrower,2,2,50.0,100
USER_000946,responsible_borrower,2,0,78.125,96
USER_000947,non_borrower,0,-1,0.0,108
USER_000948,occasional_borrower,1,0,62.5,98
USER_000949,responsible_borrower,3,0,97.65625,106
USER_000950,responsible_borrower,2,0,78.125,105
USER_000951,risky_borrower,4,2,50.0,96
USER_000952,occasional_borrower,1,0,62.5,106
USER_000953,occasional_borrower,1,1,50.0,88
USER_000954,responsible_borrower,3,0,97.65625,92
USER_000955,responsible_borrower,4,1,78.125,107
USER_000956,responsible_borrower,4,1,97.65625,113
USER_000957,responsible_borrower,3,1,78.125,112
USER_000958,responsible_borrower,3,0,97.65625,94
USER_000959,responsible_borrower,2,0,78.125,84
USER_000960,non_borrower,0,-1,0.0,108
USER_000961,occasional_borrower,1,0,62.5,112
USER_000962,non_borrower,0,-1,0.0,112
USER_000963,non_borrower,0,-1,0.0,109
USER_000964,responsible_borrower,2,0,78.125,103
USER_000965,occasional_borrower,2,0,78.125,103
USER_000966,non_borrower,0,-1,0.0,93
USER_000967,non_borrower,0,-1,0.0,89
USER_000968,non_borrower,0,-1,0.0,107
USER_000969,risky_borrower,5,1,50.0,129
USER_000970,non_borrower,0,-1,0.0,100
USER_000971,occasional_borrower,2,1,50.0,93
USER_000972,responsible_borrower,4,1,97.65625,104
USER_000973,non_borrower,0,-1,0.0,99
USER_000974,non_borrower,0,-1,0.0,108
USER_000975,responsible_borrower,2,0,78.125,114
USER_000976,responsible_borrower,4,0,122.0703125,101
USER_000977,responsible_borrower,4,0,122.0703125,100
USER_000978,non_borrower,0,-1,0.0,108
USER_000979,responsible_borrower,3,0,97.65625,114
USER_000980,non_borrower,0,-1,0.0,93
USER_000981,responsible_borrower,3,0,97.65625,116
USER_000982,non_borrower,0,-1,0.0,91
USER_000983,occasional_borrower,1,0,62.5,94
USER_000984,non_borrower,0,-1,0.0,101
USER_000985,non_borrower,0,-1,0.0,106
USER_000986,responsible_borrower,3,0,97.65625,116
USER_000987,non_borrower,0,-1,0.0,111
USER_000988,non_borrower,0,-1,0.0,112
USER_000989,risky_borrower,2,2,50.0,92
USER_000990,responsible_borrower,2,0,78.125,104
USER_000991,responsible_borrower,2,0,78.125,89
USER_000992,occasional_borrower,1,0,62.5,99
USER_000993,non_borrower,0,-1,0.0,79
USER_000994,responsible_borrower,3,0,97.65625,112
USER_000995,responsible_borrower,2,0,78.125,99
USER_000996,occasional_borrower,1,0,62.5,120
USER_000997,responsible_borrower,3,1,78.125,101
USER_000998,non_borrower,0,-1,0.0,102
USER_000999,occasional_borrower,2,1,62.5,110
USER_001000,responsible_borrower,2,1,62.5,99
USER_001001,non_borrower,0,-1,0.0,103
USER_001002,occasional_borrower,1,0,62.5,96
USER_001003,defaulter,1,2,50.0,105
USER_001004,occasional_borrower,2,1,62.5,96
USER_001005,risky_borrower,5,1,50.0,117
USER_001006,occasional_borrower,1,0,62.5,103
USER_001007,responsible_borrower,3,0,97.65625,93
USER_001008,non_borrower,0,-1,0.0,98
USER_001009,non_borrower,0,-1,0.0,99
USER_001010,risky_borrower,3,2,50.0,103
USER_001011,responsible_borrower,4,1,97.65625,125
USER_001012,non_borrower,0,-1,0.0,93
USER_001013,responsible_borrower,4,0,122.0703125,110
USER_001014,non_borrower,0,-1,0.0,98
USER_001015,responsible_borrower,4,0,122.0703125,99
USER_001016,responsible_borrower,3,0,97.65625,123
USER_001017,non_borrower,0,-1,0.0,96
USER_001018,non_borrower,0,-1,0.0,74
USER_001019,responsible_borrower,4,0,122.0703125,108
USER_001020,responsible_borrower,3,1,62.5,111
USER_001021,defaulter,1,2,50.0,94
USER_001022,risky_borrower,1,2,50.0,110
USER_001023,responsible_borrower,2,0,78.125,102
USER_001024,non_borrower,0,-1,0.0,82
USER_001025,non_borrower,0,-1,0.0,98
USER_001026,responsible_borrower,3,0,97.65625,97
USER_001027,non_borrower,0,-1,0.0,110
USER_001028,responsible_borrower,3,0,97.65625,98
USER_001029,occasional_borrower,2,0,78.125,102
USER_001030,occasional_borrower,1,0,62.5,104
USER_001031,responsible_borrower,2,0,78.125,110
USER_001032,non_borrower,0,-1,0.0,80
USER_001033,responsible_borrower,3,1,78.125,77
USER_001034,responsible_borrower,2,0,78.125,102
USER_001035,non_borrower,0,-1,0.0,104
USER_001036,non_borrower,0,-1,0.0,99
USER_001037,non_borrower,0,-1,0.0,122
USER_001038,responsible_borrower,4,0,122.0703125,111
USER_001039,risky_borrower,5,1,50.0,105
USER_001040,non_borrower,0,-1,0.0,117
USER_001041,responsible_borrower,4,0,122.0703125,117
USER_001042,risky_borrower,4,1,50.0,94
USER_001043,responsible_borrower,4,1,97.65625,106
USER_001044,responsible_borrower,4,1,97.65625,113
USER_001045,responsible_borrower,2,0,78.125,102
USER_001046,non_borrower,0,-1,0.0,93
USER_001047,risky_borrower,1,2,50.0,100
USER_001048,responsible_borrower,2,0,78.125,103
USER_001049,responsible_borrower,2,0,78.125,112
USER_001050,responsible_borrower,3,0,97.65625,125
USER_001051,occasional_borrower,2,1,50.0,106
USER_001052,responsible_borrower,3,0,97.65625,114
USER_001053,non_borrower,0,-1,0.0,95
USER_001054,non_borrower,0,-1,0.0,85
USER_001055,occasional_borrower,1,0,62.5,103
USER_001056,non_borrower,0,-1,0.0,95
USER_001057,non_borrower,0,-1,0.0,106
USER_001058,responsible_borrower,3,0,97.65625,105
USER_001059,defaulter,1,2,50.0,119
USER_001060,non_borrower,0,-1,0.0,92
USER_001061,defaulter,1,2,50.0,101
USER_001062,responsible_borrower,3,0,97.65625,102
USER_001063,non_borrower,0,-1,0.0,102
USER_001064,occasional_borrower,2,0,78.125,106
USER_001065,non_borrower,0,-1,0.0,101
USER_001066,non_borrower,0,-1,0.0,110
USER_001067,responsible_borrower,3,0,97.65625,118
USER_001068,responsible_borrower,2,0,78.125,122
USER_001069,occasional_borrower,2,1,62.5,83
USER_001070,non_borrower,0,-1,0.0,95
USER_001071,responsible_borrower,4,0,122.0703125,103
USER_001072,responsible_borrower,4,1,97.65625,110
USER_001073,occasional_borrower,2,0,78.125,107
USER_001074,non_borrower,0,-1,0.0,114
USER_001075,non_borrower,0,-1,0.0,92
USER_001076,responsible_borrower,2,1,62.5,106
USER_001077,non_borrower,0,-1,0.0,97
USER_001078,non_borrower,0,-1,0.0,119
USER_001079,non_borrower,0,-1,0.0,103
USER_001080,responsible_borrower,4,1,97.65625,121
USER_001081,responsible_borrower,4,0,122.0703125,115
USER_001082,non_borrower,0,-1,0.0,92
USER_001083,responsible_borrower,2,1,62.5,95
USER_001084,non_borrower,0,-1,0.0,113
USER_001085,non_borrower,0,-1,0.0,87
USER_001086,responsible_borrower,4,0,122.0703125,131
USER_001087,non_borrower,0,-1,0.0,88
USER_001088,non_borrower,0,-1,0.0,92
USER_001089,responsible_borrower,2,0,78.125,98
USER_001090,non_borrower,0,-1,0.0,92
USER_001091,risky_borrower,5,1,50.0,104
USER_001092,responsible_borrower,4,0,122.0703125,93
USER_001093,non_borrower,0,-1,0.0,96
USER_001094,non_borrower,0,-1,0.0,111
USER_001095,non_borrower,0,-1,0.0,99
USER_001096,non_borrower,0,-1,0.0,113
USER_001097,responsible_borrower,2,0,78.125,99
USER_001098,responsible_borrower,2,0,78.125,117
USER_001099,occasional_borrower,1,0,62.5,97
USER_001100,non_borrower,0,-1,0.0,130
USER_001101,responsible_borrower,3,0,97.65625,112
USER_001102,risky_borrower,6,1,50.0,115
USER_001103,non_borrower,0,-1,0.0,104
USER_001104,responsible_borrower,2,0,78.125,127
USER_001105,non_borrower,0,-1,0.0,109
USER_001106,non_borrower,0,-1,0.0,97
USER_001107,non_borrower,0,-1,0.0,90
USER_001108,non_borrower,0,-1,0.0,88
USER_001109,occasional_borrower,1,1,50.0,109
USER_001110,non_borrower,0,-1,0.0,95
USER_001111,responsible_borrower,2,0,78.125,82
USER_001112,responsible_borrower,2,0,78.125,111
USER_001113,occasional_borrower,2,1,62.5,99
USER_001114,risky_borrower,5,2,50.0,105
USER_001115,defaulter,1,2,50.0,115
USER_001116,non_borrower,0,-1,0.0,113
USER_001117,risky_borrower,4,1,50.0,115
USER_001118,non_borrower,0,-1,0.0,101
USER_001119,occasional_borrower,2,1,62.5,101
USER_001120,responsible_borrower,3,0,97.65625,94
USER_001121,occasional_borrower,2,1,62.5,88
USER_001122,non_borrower,0,-1,0.0,103
USER_001123,responsible_borrower,3,1,62.5,106
USER_001124,non_borrower,0,-1,0.0,95
USER_001125,responsible_borrower,3,0,97.65625,100
USER_001126,non_borrower,0,-1,0.0,94
USER_001127,non_borrower,0,-1,0.0,89
USER_001128,responsible_borrower,3,0,97.65625,109
USER_001129,defaulter,1,2,50.0,109
USER_001130,responsible_borrower,3,0,97.65625,98
USER_001131,non_borrower,0,-1,0.0,91
USER_001132,non_borrower,0,-1,0.0,81
USER_001133,responsible_borrower,3,1,78.125,106
USER_001134,risky_borrower,1,2,50.0,102
USER_001135,responsible_borrower,3,0,97.65625,98
USER_001136,non_borrower,0,-1,0.0,99
USER_001137,risky_borrower,4,1,50.0,111
USER_001138,responsible_borrower,4,1,97.65625,105
USER_001139,non_borrower,0,-1,0.0,106
USER_001140,non_borrower,0,-1,0.0,101
USER_001141,non_borrower,0,-1,0.0,96
USER_001142,responsible_borrower,3,1,78.125,104
USER_001143,responsible_borrower,2,0,78.125,118
USER_001144,non_borrower,0,-1,0.0,104
USER_001145,risky_borrower,1,2,50.0,105
USER_001146,responsible_borrower,3,0,97.65625,116
USER_001147,responsible_borrower,2,0,78.125,108
USER_001148,responsible_borrower,2,0,78.125,92
USER_001149,responsible_borrower,2,1,62.5,107
USER_001150,responsible_borrower,2,0,78.125,110
USER_001151,non_borrower,0,-1,0.0,105
USER_001152,non_borrower,0,-1,0.0,92
USER_001153,non_borrower,0,-1,0.0,96
USER_001154,occasional_borrower,2,0,78.125,98
USER_001155,risky_borrower,4,2,50.0,110
USER_001156,non_borrower,0,-1,0.0,111
USER_001157,responsible_borrower,2,0,78.125,117
USER_001158,occasional_borrower,1,0,62.5,101
USER_001159,risky_borrower,2,2,50.0,89
USER_001160,responsible_borrower,2,0,78.125,97
USER_001161,responsible_borrower,3,0,97.65625,80
USER_001162,non_borrower,0,-1,0.0,95
USER_001163,non_borrower,0,-1,0.0,94
USER_001164,risky_borrower,6,1,50.0,109
USER_001165,risky_borrower,4,2,50.0,101
USER_001166,non_borrower,0,-1,0.0,102
USER_001167,non_borrower,0,-1,0.0,92
USER_001168,non_borrower,0,-1,0.0,109
USER_001169,non_borrower,0,-1,0.0,111
USER_001170,risky_borrower,1,2,50.0,91
USER_001171,responsible_borrower,2,0,78.125,91
USER_001172,responsible_borrower,4,0,122.0703125,115
USER_001173,non_borrower,0,-1,0.0,93
USER_001174,risky_borrower,4,2,50.0,130
USER_001175,responsible_borrower,3,0,97.65625,108
USER_001176,responsible_borrower,2,1,62.5,90
USER_001177,responsible_borrower,4,1,97.65625,102
USER_001178,occasional_borrower,2,1,50.0,105
USER_001179,non_borrower,0,-1,0.0,113
USER_001180,non_borrower,0,-1,0.0,107
USER_001181,non_borrower,0,-1,0.0,115
USER_001182,non_borrower,0,-1,0.0,102
USER_001183,responsible_borrower,3,0,97.65625,109
USER_001184,non_borrower,0,-1,0.0,106
USER_001185,responsible_borrower,2,0,78.125,115
USER_001186,occasional_borrower,2,1,62.5,106
USER_001187,occasional_borrower,1,0,62.5,118
USER_001188,responsible_borrower,2,1,62.5,102
USER_001189,responsible_borrower,3,1,78.125,104
USER_001190,occasional_borrower,1,1,50.0,104
USER_001191,responsible_borrower,4,1,97.65625,102
USER_001192,non_borrower,0,-1,0.0,110
USER_001193,non_borrower,0,-1,0.0,101
USER_001194,non_borrower,0,-1,0.0,98
USER_001195,responsible_borrower,4,1,97.65625,116
USER_001196,occasional_borrower,2,1,62.5,94
USER_001197,non_borrower,0,-1,0.0,100
USER_001198,risky_borrower,5,1,50.0,110
USER_001199,responsible_borrower,2,0,78.125,119
USER_001200,non_borrower,0,-1,0.0,90
USER_001201,non_borrower,0,-1,0.0,97
USER_001202,responsible_borrower,4,0,122.0703125,104
USER_001203,risky_borrower,3,2,50.0,115
USER_001204,occasional_borrower,2,2,50.0,111
USER_001205,responsible_borrower,3,0,97.65625,98
USER_001206,responsible_borrower,2,1,62.5,111
USER_001207,risky_borrower,2,2,50.0,108
USER_001208,non_borrower,0,-1,0.0,104
USER_001209,non_borrower,0,-1,0.0,96
USER_001210,responsible_borrower,3,1,62.5,103
USER_001211,risky_borrower,5,1,50.0,106
USER_001212,occasional_borrower,2,0,78.125,103
USER_001213,occasional_borrower,2,1,62.5,115
USER_001214,responsible_borrower,3,0,97.65625,100
USER_001215,occasional_borrower,2,1,62.5,99
USER_001216,non_borrower,0,-1,0.0,85
USER_001217,risky_borrower,3,2,50.0,106
USER_001218,responsible_borrower,4,0,122.0703125,100
USER_001219,occasional_borrower,2,2,50.0,118
USER_001220,responsible_borrower,2,0,78.125,104
USER_001221,responsible_borrower,2,1,50.0,113
USER_001222,non_borrower,0,-1,0.0,105
USER_001223,risky_borrower,4,1,50.0,116
USER_001224,non_borrower,0,-1,0.0,101
USER_001225,occasional_borrower,1,0,62.5,93
USER_001226,defaulter,1,2,50.0,101
USER_001227,occasional_borrower,1,0,62.5,103
USER_001228,non_borrower,0,-1,0.0,113
USER_001229,responsible_borrower,2,0,78.125,99
USER_001230,non_borrower,0,-1,0.0,88
USER_001231,non_borrower,0,-1,0.0,107
USER_001232,risky_borrower,6,1,50.0,115
USER_001233,non_borrower,0,-1,0.0,114
USER_001234,non_borrower,0,-1,0.0,88
USER_001235,defaulter,1,2,50.0,124
USER_001236,non_borrower,0,-1,0.0,106
USER_001237,occasional_borrower,2,1,62.5,107
USER_001238,risky_borrower,4,1,50.0,110
USER_001239,responsible_borrower,2,0,78.125,92
USER_001240,non_borrower,0,-1,0.0,85
USER_001241,non_borrower,0,-1,0.0,108
USER_001242,responsible_borrower,3,0,97.65625,95
USER_001243,responsible_borrower,4,0,122.0703125,122
USER_001244,risky_borrower,1,2,50.0,98
USER_001245,occasional_borrower,2,1,50.0,100
USER_001246,risky_borrower,3,2,50.0,109
USER_001247,responsible_borrower,2,1,62.5,86
USER_001248,non_borrower,0,-1,0.0,91
USER_001249,non_borrower,0,-1,0.0,84
USER_001250,responsible_borrower,4,1,97.65625,111
USER_001251,defaulter,1,2,50.0,88
USER_001252,non_borrower,0,-1,0.0,96
USER_001253,responsible_borrower,2,1,62.5,87
USER_001254,risky_borrower,4,1,50.0,117
USER_001255,non_borrower,0,-1,0.0,100
USER_001256,non_borrower,0,-1,0.0,96
USER_001257,non_borrower,0,-1,0.0,95
USER_001258,non_borrower,0,-1,0.0,109
USER_001259,responsible_borrower,2,0,78.125,119
USER_001260,responsible_borrower,4,1,97.65625,113
USER_001261,responsible_borrower,2,0,78.125,111
USER_001262,occasional_borrower,2,1,62.5,111
USER_001263,non_borrower,0,-1,0.0,93
USER_001264,risky_borrower,2,2,50.0,92
USER_001265,risky_borrower,5,1,50.0,105
USER_001266,non_borrower,0,-1,0.0,93
USER_001267,defaulter,1,2,50.0,93
USER_001268,non_borrower,0,-1,0.0,103
USER_001269,occasional_borrower,1,0,62.5,110
USER_001270,risky_borrower,6,1,50.0,103
USER_001271,responsible_borrower,3,0,97.65625,103
USER_001272,occasional_borrower,1,0,62.5,112
USER_001273,non_borrower,0,-1,0.0,105
USER_001274,risky_borrower,2,2,50.0,80
USER_001275,responsible_borrower,2,0,78.125,111
USER_001276,responsible_borrower,4,0,122.0703125,111
USER_001277,occasional_borrower,1,0,62.5,89
USER_001278,responsible_borrower,3,0,97.65625,107
USER_001279,risky_borrower,3,2,50.0,86
USER_001280,responsible_borrower,3,0,97.65625,101
USER_001281,responsible_borrower,2,0,78.125,115
USER_001282,responsible_borrower,3,0,97.65625,109
USER_001283,defaulter,1,2,50.0,92
USER_001284,risky_borrower,1,2,50.0,93
USER_001285,non_borrower,0,-1,0.0,108
USER_001286,non_borrower,0,-1,0.0,101
USER_001287,responsible_borrower,3,0,97.65625,103
USER_001288,responsible_borrower,4,0,122.0703125,110
USER_001289,occasional_borrower,1,0,62.5,88
USER_001290,risky_borrower,2,2,50.0,103
USER_001291,non_borrower,0,-1,0.0,95
USER_001292,responsible_borrower,4,0,122.0703125,110
USER_001293,responsible_borrower,4,0,122.0703125,110
USER_001294,responsible_borrower,3,0,97.65625,113
USER_001295,responsible_borrower,2,0,78.125,103
USER_001296,non_borrower,0,-1,0.0,96
USER_001297,occasional_borrower,1,0,62.5,101
USER_001298,non_borrower,0,-1,0.0,86
USER_001299,responsible_borrower,2,0,78.125,111
USER_001300,risky_borrower,5,1,50.0,117
USER_001301,non_borrower,0,-1,0.0,87
USER_001302,occasional_borrower,2,1,62.5,123
USER_001303,non_borrower,0,-1,0.0,96
USER_001304,responsible_borrower,3,1,78.125,119
USER_001305,responsible_borrower,3,1,78.125,114
USER_001306,responsible_borrower,3,1,62.5,85
USER_001307,responsible_borrower,4,0,122.0703125,130
USER_001308,non_borrower,0,-1,0.0,110
USER_001309,occasional_borrower,1,0,62.5,97
USER_001310,non_borrower,0,-1,0.0,118
USER_001311,non_borrower,0,-1,0.0,96
USER_001312,non_borrower,0,-1,0.0,105
USER_001313,non_borrower,0,-1,0.0,113
USER_001314,responsible_borrower,3,1,78.125,108
USER_001315,defaulter,1,2,50.0,96
USER_001316,risky_borrower,1,2,50.0,88
USER_001317,non_borrower,0,-1,0.0,105
USER_001318,responsible_borrower,2,1,62.5,110
USER_001319,risky_borrower,1,2,50.0,94
USER_001320,responsible_borrower,4,0,122.0703125,112
USER_001321,risky_borrower,5,1,50.0,112
USER_001322,occasional_borrower,2,1,62.5,111
USER_001323,non_borrower,0,-1,0.0,106
USER_001324,non_borrower,0,-1,0.0,104
USER_001325,non_borrower,0,-1,0.0,106
USER_001326,risky_borrower,2,2,50.0,92
USER_001327,responsible_borrower,4,0,122.0703125,107
USER_001328,non_borrower,0,-1,0.0,112
USER_001329,occasional_borrower,2,1,62.5,109
USER_001330,non_borrower,0,-1,0.0,97
USER_001331,responsible_borrower,4,0,122.0703125,113
USER_001332,non_borrower,0,-1,0.0,103
USER_001333,risky_borrower,4,1,50.0,89
USER_001334,non_borrower,0,-1,0.0,102
USER_001335,non_borrower,0,-1,0.0,87
USER_001336,occasional_borrower,1,1,50.0,106
USER_001337,non_borrower,0,-1,0.0,85
USER_001338,responsible_borrower,3,0,97.65625,123
USER_001339,responsible_borrower,4,0,122.0703125,118
USER_001340,risky_borrower,5,1,50.0,110
USER_001341,non_borrower,0,-1,0.0,114
USER_001342,risky_borrower,2,2,50.0,89
USER_001343,responsible_borrower,2,0,78.125,98
USER_001344,non_borrower,0,-1,0.0,103
USER_001345,responsible_borrower,3,0,97.65625,100
USER_001346,responsible_borrower,4,0,122.0703125,107
USER_001347,occasional_borrower,1,1,50.0,100
USER_001348,non_borrower,0,-1,0.0,102
USER_001349,non_borrower,0,-1,0.0,115
USER_001350,responsible_borrower,2,0,78.125,98
USER_001351,non_borrower,0,-1,0.0,95
USER_001352,risky_borrower,2,2,50.0,103
USER_001353,responsible_borrower,2,0,78.125,108
USER_001354,responsible_borrower,2,1,62.5,94
USER_001355,responsible_borrower,2,0,78.125,95
USER_001356,non_borrower,0,-1,0.0,106
USER_001357,responsible_borrower,2,0,78.125,104
USER_001358,non_borrower,0,-1,0.0,93
USER_001359,responsible_borrower,2,0,78.125,118
USER_001360,non_borrower,0,-1,0.0,108
USER_001361,occasional_borrower,1,1,50.0,74
USER_001362,non_borrower,0,-1,0.0,96
USER_001363,non_borrower,0,-1,0.0,93
USER_001364,responsible_borrower,2,0,78.125,104
USER_001365,responsible_borrower,3,1,78.125,118
USER_001366,risky_borrower,4,1,50.0,118
USER_001367,occasional_borrower,1,0,62.5,109
USER_001368,non_borrower,0,-1,0.0,93
USER_001369,non_borrower,0,-1,0.0,99
USER_001370,non_borrower,0,-1,0.0,111
USER_001371,responsible_borrower,2,0,78.125,95
USER_001372,non_borrower,0,-1,0.0,109
USER_001373,non_borrower,0,-1,0.0,89
USER_001374,defaulter,1,2,50.0,92
USER_001375,responsible_borrower,2,1,62.5,86
USER_001376,non_borrower,0,-1,0.0,94
USER_001377,non_borrower,0,-1,0.0,106
USER_001378,responsible_borrower,3,0,97.65625,110
USER_001379,non_borrower,0,-1,0.0,93
USER_001380,risky_borrower,1,2,50.0,98
USER_001381,risky_borrower,5,1,50.0,110
USER_001382,non_borrower,0,-1,0.0,110
USER_001383,responsible_borrower,4,1,97.65625,107
USER_001384,non_borrower,0,-1,0.0,78
USER_001385,non_borrower,0,-1,0.0,108
USER_001386,non_borrower,0,-1,0.0,102
USER_001387,non_borrower,0,-1,0.0,106
USER_001388,responsible_borrower,3,1,78.125,117
USER_001389,responsible_borrower,3,0,97.65625,101
USER_001390,responsible_borrower,3,1,78.125,110
USER_001391,non_borrower,0,-1,0.0,117
USER_001392,responsible_borrower,4,1,97.65625,90
USER_001393,responsible_borrower,3,1,78.125,103
USER_001394,responsible_borrower,3,0,97.65625,103
USER_001395,responsible_borrower,2,0,78.125,98
USER_001396,non_borrower,0,-1,0.0,114
USER_001397,non_borrower,0,-1,0.0,103
USER_001398,responsible_borrower,4,0,122.0703125,128
USER_001399,responsible_borrower,4,0,122.0703125,111
USER_001400,risky_borrower,3,2,50.0,106
USER_001401,occasional_borrower,1,0,62.5,88
USER_001402,responsible_borrower,4,0,122.0703125,106
USER_001403,occasional_borrower,1,0,62.5,107
USER_001404,occasional_borrower,2,1,50.0,116
USER_001405,non_borrower,0,-1,0.0,93
USER_001406,responsible_borrower,3,0,97.65625,119
USER_001407,occasional_borrower,1,1,50.0,108
USER_001408,responsible_borrower,3,0,97.65625,118
USER_001409,risky_borrower,5,2,50.0,114
USER_001410,responsible_borrower,2,0,78.125,104
USER_001411,responsible_borrower,2,0,78.125,94
USER_001412,non_borrower,0,-1,0.0,105
USER_001413,non_borrower,0,-1,0.0,96
USER_001414,occasional_borrower,1,2,50.0,96
USER_001415,non_borrower,0,-1,0.0,92
USER_001416,non_borrower,0,-1,0.0,94
USER_001417,non_borrower,0,-1,0.0,84
USER_001418,responsible_borrower,3,0,97.65625,100
USER_001419,responsible_borrower,4,1,97.65625,100
USER_001420,responsible_borrower,4,1,97.65625,97
USER_001421,non_borrower,0,-1,0.0,108
USER_001422,responsible_borrower,4,0,122.0703125,121
USER_001423,occasional_borrower,2,0,78.125,96
USER_001424,responsible_borrower,3,1,78.125,98
USER_001425,responsible_borrower,2,0,78.125,106
USER_001426,defaulter,1,2,50.0,92
USER_001427,occasional_borrower,2,1,62.5,102
USER_001428,non_borrower,0,-1,0.0,107
USER_001429,occasional_borrower,2,1,62.5,112
USER_001430,occasional_borrower,1,0,62.5,83
USER_001431,defaulter,1,2,50.0,106
USER_001432,occasional_borrower,2,0,78.125,98
USER_001433,risky_borrower,5,2,50.0,105
USER_001434,responsible_borrower,2,0,78.125,116
USER_001435,responsible_borrower,3,0,97.65625,93
USER_001436,responsible_borrower,4,0,122.0703125,105
USER_001437,non_borrower,0,-1,0.0,90
USER_001438,non_borrower,0,-1,0.0,113
USER_001439,non_borrower,0,-1,0.0,104
USER_001440,non_borrower,0,-1,0.0,106
USER_001441,defaulter,1,2,50.0,120
USER_001442,responsible_borrower,2,0,78.125,96
USER_001443,occasional_borrower,2,1,50.0,111
USER_001444,non_borrower,0,-1,0.0,115
USER_001445,responsible_borrower,3,0,97.65625,89
USER_001446,non_borrower,0,-1,0.0,112
USER_001447,responsible_borrower,2,0,78.125,100
USER_001448,non_borrower,0,-1,0.0,95
USER_001449,non_borrower,0,-1,0.0,111
USER_001450,risky_borrower,6,1,50.0,100
USER_001451,risky_borrower,6,1,50.0,123
USER_001452,responsible_borrower,2,1,62.5,94
USER_001453,non_borrower,0,-1,0.0,94
USER_001454,responsible_borrower,3,0,97.65625,110
USER_001455,risky_borrower,4,2,50.0,96
USER_001456,risky_borrower,2,2,50.0,95
USER_001457,risky_borrower,2,2,50.0,106
USER_001458,non_borrower,0,-1,0.0,97
USER_001459,non_borrower,0,-1,0.0,101
USER_001460,non_borrower,0,-1,0.0,65
USER_001461,responsible_borrower,2,0,78.125,98
USER_001462,responsible_borrower,3,0,97.65625,109
USER_001463,responsible_borrower,3,0,97.65625,92
USER_001464,responsible_borrower,3,0,97.65625,107
USER_001465,responsible_borrower,3,1,78.125,111
USER_001466,non_borrower,0,-1,0.0,99
USER_001467,non_borrower,0,-1,0.0,98
USER_001468,non_borrower,0,-1,0.0,101
USER_001469,responsible_borrower,4,1,97.65625,117
USER_001470,occasional_borrower,1,1,50.0,106
USER_001471,occasional_borrower,1,1,50.0,104
USER_001472,responsible_borrower,3,0,97.65625,100
USER_001473,defaulter,1,2,50.0,89
USER_001474,responsible_borrower,2,0,78.125,112
USER_001475,risky_borrower,4,1,50.0,91
USER_001476,non_borrower,0,-1,0.0,97
USER_001477,non_borrower,0,-1,0.0,103
USER_001478,responsible_borrower,2,0,78.125,118
USER_001479,occasional_borrower,1,1,50.0,95
USER_001480,risky_borrower,5,1,50.0,111
USER_001481,responsible_borrower,4,0,122.0703125,106
USER_001482,responsible_borrower,3,0,97.65625,112
USER_001483,non_borrower,0,-1,0.0,99
USER_001484,occasional_borrower,2,1,62.5,95
USER_001485,non_borrower,0,-1,0.0,99
USER_001486,non_borrower,0,-1,0.0,97
USER_001487,occasional_borrower,1,1,50.0,87
USER_001488,non_borrower,0,-1,0.0,110
USER_001489,non_borrower,0,-1,0.0,98
USER_001490,occasional_borrower,2,0,78.125,94
USER_001491,responsible_borrower,4,0,122.0703125,110
USER_001492,risky_borrower,2,2,50.0,81
USER_001493,responsible_borrower,2,0,78.125,96
USER_001494,non_borrower,0,-1,0.0,84
USER_001495,non_borrower,0,-1,0.0,121
USER_001496,responsible_borrower,3,1,78.125,111
USER_001497,non_borrower,0,-1,0.0,103
USER_001498,non_borrower,0,-1,0.0,90
USER_001499,responsible_borrower,3,0,97.65625,103
USER_001500,non_borrower,0,-1,0.0,93
USER_001501,non_borrower,0,-1,0.0,105
USER_001502,responsible_borrower,3,0,97.65625,99
USER_001503,non_borrower,0,-1,0.0,102
USER_001504,non_borrower,0,-1,0.0,106
USER_001505,responsible_borrower,4,0,122.0703125,112
USER_001506,non_borrower,0,-1,0.0,110
USER_001507,non_borrower,0,-1,0.0,114
USER_001508,occasional_borrower,2,1,62.5,109
USER_001509,non_borrower,0,-1,0.0,89
USER_001510,responsible_borrower,3,0,97.65625,113
USER_001511,responsible_borrower,3,0,97.65625,98
USER_001512,responsible_borrower,3,0,97.65625,98
USER_001513,non_borrower,0,-1,0.0,111
USER_001514,responsible_borrower,4,0,122.0703125,117
USER_001515,responsible_borrower,2,0,78.125,115
USER_001516,non_borrower,0,-1,0.0,80
USER_001517,non_borrower,0,-1,0.0,109
USER_001518,risky_borrower,6,1,50.0,115
USER_001519,responsible_borrower,4,1,97.65625,103
USER_001520,occasional_borrower,2,1,50.0,100
USER_001521,non_borrower,0,-1,0.0,97
USER_001522,responsible_borrower,3,0,97.65625,110
USER_001523,responsible_borrower,4,0,122.0703125,113
USER_001524,non_borrower,0,-1,0.0,95
USER_001525,responsible_borrower,2,1,62.5,118
USER_001526,occasional_borrower,1,1,50.0,100
USER_001527,responsible_borrower,3,0,97.65625,122
USER_001528,non_borrower,0,-1,0.0,91
USER_001529,risky_borrower,2,2,50.0,99
USER_001530,responsible_borrower,2,0,78.125,112
USER_001531,non_borrower,0,-1,0.0,82
USER_001532,responsible_borrower,4,0,122.0703125,104
USER_001533,responsible_borrower,4,1,78.125,114
USER_001534,occasional_borrower,1,1,50.0,114
USER_001535,responsible_borrower,4,1,97.65625,121
USER_001536,non_borrower,0,-1,0.0,100
USER_001537,non_borrower,0,-1,0.0,112
USER_001538,non_borrower,0,-1,0.0,104
USER_001539,responsible_borrower,2,0,78.125,95
USER_001540,non_borrower,0,-1,0.0,102
USER_001541,defaulter,1,2,50.0,86
USER_001542,non_borrower,0,-1,0.0,102
USER_001543,responsible_borrower,2,0,78.125,120
USER_001544,occasional_borrower,1,0,62.5,83
USER_001545,non_borrower,0,-1,0.0,116
USER_001546,responsible_borrower,3,0,97.65625,111
USER_001547,risky_borrower,1,2,50.0,91
USER_001548,non_borrower,0,-1,0.0,83
USER_001549,risky_borrower,2,2,50.0,101
USER_001550,non_borrower,0,-1,0.0,84
USER_001551,responsible_borrower,4,0,122.0703125,109
USER_001552,non_borrower,0,-1,0.0,107
USER_001553,non_borrower,0,-1,0.0,86
USER_001554,responsible_borrower,3,0,97.65625,95
USER_001555,responsible_borrower,3,0,97.65625,90
USER_001556,non_borrower,0,-1,0.0,117
USER_001557,non_borrower,0,-1,0.0,110
USER_001558,non_borrower,0,-1,0.0,112
USER_001559,responsible_borrower,2,0,78.125,83
USER_001560,non_borrower,0,-1,0.0,100
USER_001561,occasional_borrower,1,0,62.5,110
USER_001562,non_borrower,0,-1,0.0,96
USER_001563,responsible_borrower,2,0,78.125,108
USER_001564,responsible_borrower,4,0,122.0703125,103
USER_001565,non_borrower,0,-1,0.0,95
USER_001566,responsible_borrower,2,0,78.125,92
USER_001567,defaulter,1,2,50.0,106
USER_001568,risky_borrower,3,2,50.0,119
USER_001569,responsible_borrower,2,0,78.125,109
USER_001570,occasional_borrower,2,1,62.5,104
USER_001571,non_borrower,0,-1,0.0,116
USER_001572,occasional_borrower,2,1,62.5,123
USER_001573,occasional_borrower,2,0,78.125,106
USER_001574,responsible_borrower,3,0,97.65625,124
USER_001575,occasional_borrower,1,2,50.0,88
USER_001576,non_borrower,0,-1,0.0,101
USER_001577,non_borrower,0,-1,0.0,100
USER_001578,risky_borrower,1,2,50.0,103
USER_001579,responsible_borrower,3,0,97.65625,103
USER_001580,responsible_borrower,4,0,122.0703125,130
USER_001581,non_borrower,0,-1,0.0,114
USER_001582,risky_borrower,2,2,50.0,115
USER_001583,non_borrower,0,-1,0.0,99
USER_001584,responsible_borrower,4,0,122.0703125,114
USER_001585,non_borrower,0,-1,0.0,101
USER_001586,occasional_borrower,2,1,62.5,104
USER_001587,non_borrower,0,-1,0.0,89
USER_001588,risky_borrower,2,2,50.0,107
USER_001589,responsible_borrower,2,0,78.125,96
USER_001590,responsible_borrower,2,0,78.125,94
USER_001591,non_borrower,0,-1,0.0,101
USER_001592,responsible_borrower,4,0,122.0703125,96
USER_001593,non_borrower,0,-1,0.0,111
USER_001594,responsible_borrower,4,0,122.0703125,105
USER_001595,non_borrower,0,-1,0.0,100
USER_001596,risky_borrower,2,2,50.0,94
USER_001597,non_borrower,0,-1,0.0,91
USER_001598,responsible_borrower,2,0,78.125,92
USER_001599,occasional_borrower,1,1,50.0,103
USER_001600,responsible_borrower,4,1,97.65625,99
USER_001601,non_borrower,0,-1,0.0,87
USER_001602,responsible_borrower,2,0,78.125,99
USER_001603,responsible_borrower,2,0,78.125,109
USER_001604,non_borrower,0,-1,0.0,85
USER_001605,non_borrower,0,-1,0.0,105
USER_001606,non_borrower,0,-1,0.0,123
USER_001607,non_borrower,0,-1,0.0,85
USER_001608,responsible_borrower,3,1,78.125,106
USER_001609,responsible_borrower,4,0,122.0703125,97
USER_001610,non_borrower,0,-1,0.0,97
USER_001611,non_borrower,0,-1,0.0,111
USER_001612,responsible_borrower,4,0,122.0703125,88
USER_001613,responsible_borrower,2,0,78.125,115
USER_001614,non_borrower,0,-1,0.0,112
USER_001615,responsible_borrower,4,0,122.0703125,103
USER_001616,non_borrower,0,-1,0.0,111
USER_001617,responsible_borrower,4,0,122.0703125,103
USER_001618,occasional_borrower,2,1,62.5,103
USER_001619,responsible_borrower,4,0,122.0703125,99
USER_001620,responsible_borrower,3,0,97.65625,125
USER_001621,responsible_borrower,2,1,62.5,103
USER_001622,responsible_borrower,4,0,122.0703125,104
USER_001623,responsible_borrower,2,0,78.125,111
USER_001624,responsible_borrower,3,0,97.65625,108
USER_001625,non_borrower,0,-1,0.0,88
USER_001626,responsible_borrower,4,1,97.65625,111
USER_001627,occasional_borrower,2,1,62.5,93
USER_001628,responsible_borrower,4,0,122.0703125,129
USER_001629,non_borrower,0,-1,0.0,123
USER_001630,non_borrower,0,-1,0.0,97
USER_001631,responsible_borrower,4,0,122.0703125,109
USER_001632,responsible_borrower,4,0,122.0703125,125
USER_001633,non_borrower,0,-1,0.0,93
USER_001634,non_borrower,0,-1,0.0,115
USER_001635,responsible_borrower,4,0,122.0703125,93
USER_001636,non_borrower,0,-1,0.0,93
USER_001637,responsible_borrower,4,0,122.0703125,93
USER_001638,non_borrower,0,-1,0.0,97
USER_001639,non_borrower,0,-1,0.0,83
USER_001640,occasional_borrower,1,0,62.5,102
USER_001641,non_borrower,0,-1,0.0,93
USER_001642,responsible_borrower,4,0,122.0703125,113
USER_001643,responsible_borrower,2,0,78.125,100
USER_001644,non_borrower,0,-1,0.0,91
USER_001645,responsible_borrower,2,0,78.125,105
USER_001646,non_borrower,0,-1,0.0,96
USER_001647,responsible_borrower,3,0,97.65625,96
USER_001648,non_borrower,0,-1,0.0,108
USER_001649,occasional_borrower,1,0,62.5,93
USER_001650,non_borrower,0,-1,0.0,92
USER_001651,non_borrower,0,-1,0.0,92
USER_001652,non_borrower,0,-1,0.0,81
USER_001653,non_borrower,0,-1,0.0,116
USER_001654,non_borrower,0,-1,0.0,108
USER_001655,non_borrower,0,-1,0.0,95
USER_001656,responsible_borrower,2,0,78.125,94
USER_001657,occasional_borrower,2,0,78.125,89
USER_001658,responsible_borrower,2,1,62.5,102
USER_001659,responsible_borrower,2,0,78.125,103
USER_001660,responsible_borrower,3,1,78.125,108
USER_001661,occasional_borrower,1,2,50.0,99
USER_001662,non_borrower,0,-1,0.0,108
USER_001663,non_borrower,0,-1,0.0,93
USER_001664,non_borrower,0,-1,0.0,100
USER_001665,occasional_borrower,2,0,78.125,114
USER_001666,non_borrower,0,-1,0.0,99
USER_001667,non_borrower,0,-1,0.0,93
USER_001668,non_borrower,0,-1,0.0,117
USER_001669,responsible_borrower,2,0,78.125,128
USER_001670,responsible_borrower,4,1,97.65625,112
USER_001671,responsible_borrower,4,1,97.65625,108
USER_001672,non_borrower,0,-1,0.0,102
USER_001673,responsible_borrower,2,0,78.125,107
USER_001674,non_borrower,0,-1,0.0,101
USER_001675,occasional_borrower,2,1,62.5,109
USER_001676,non_borrower,0,-1,0.0,101
USER_001677,responsible_borrower,2,0,78.125,95
USER_001678,non_borrower,0,-1,0.0,114
USER_001679,non_borrower,0,-1,0.0,93
USER_001680,occasional_borrower,1,0,62.5,98
USER_001681,non_borrower,0,-1,0.0,86
USER_001682,non_borrower,0,-1,0.0,82
USER_001683,responsible_borrower,3,0,97.65625,106
USER_001684,non_borrower,0,-1,0.0,93
USER_001685,responsible_borrower,3,1,78.125,112
USER_001686,responsible_borrower,2,1,62.5,127
USER_001687,defaulter,1,2,50.0,86
USER_001688,non_borrower,0,-1,0.0,98
USER_001689,occasional_borrower,2,1,62.5,91
USER_001690,non_borrower,0,-1,0.0,111
USER_001691,non_borrower,0,-1,0.0,97
USER_001692,non_borrower,0,-1,0.0,91
USER_001693,responsible_borrower,4,0,122.0703125,83
USER_001694,occasional_borrower,2,1,62.5,108
USER_001695,non_borrower,0,-1,0.0,101
USER_001696,responsible_borrower,2,1,62.5,97
USER_001697,risky_borrower,6,1,50.0,112
USER_001698,non_borrower,0,-1,0.0,101
USER_001699,non_borrower,0,-1,0.0,119
USER_001700,non_borrower,0,-1,0.0,94
USER_001701,responsible_borrower,2,0,78.125,91
USER_001702,non_borrower,0,-1,0.0,100
USER_001703,non_borrower,0,-1,0.0,88
USER_001704,non_borrower,0,-1,0.0,112
USER_001705,occasional_borrower,1,2,50.0,103
USER_001706,responsible_borrower,4,0,122.0703125,94
USER_001707,non_borrower,0,-1,0.0,90
USER_001708,non_borrower,0,-1,0.0,104
USER_001709,non_borrower,0,-1,0.0,98
USER_001710,responsible_borrower,3,1,78.125,102
USER_001711,responsible_borrower,4,0,122.0703125,119
USER_001712,responsible_borrower,3,0,97.65625,109
USER_001713,non_borrower,0,-1,0.0,94
USER_001714,responsible_borrower,3,0,97.65625,123
USER_001715,risky_borrower,1,2,50.0,96
USER_001716,responsible_borrower,3,0,97.65625,91
USER_001717,non_borrower,0,-1,0.0,85
USER_001718,occasional_borrower,2,0,78.125,91
USER_001719,occasional_borrower,1,1,50.0,100
USER_001720,responsible_borrower,2,0,78.125,91
USER_001721,responsible_borrower,2,0,78.125,102
USER_001722,non_borrower,0,-1,0.0,105
USER_001723,occasional_borrower,2,1,62.5,103
USER_001724,non_borrower,0,-1,0.0,96
USER_001725,occasional_borrower,1,0,62.5,115
USER_001726,risky_borrower,5,2,50.0,126
USER_001727,responsible_borrower,3,0,97.65625,100
USER_001728,occasional_borrower,2,1,50.0,114
USER_001729,non_borrower,0,-1,0.0,116
USER_001730,responsible_borrower,3,0,97.65625,113
USER_001731,responsible_borrower,4,0,122.0703125,115
USER_001732,occasional_borrower,2,1,50.0,100
USER_001733,non_borrower,0,-1,0.0,104
USER_001734,non_borrower,0,-1,0.0,104
USER_001735,responsible_borrower,4,1,78.125,93
USER_001736,non_borrower,0,-1,0.0,116
USER_001737,responsible_borrower,2,0,78.125,96
USER_001738,responsible_borrower,3,1,78.125,108
USER_001739,responsible_borrower,2,0,78.125,116
USER_001740,non_borrower,0,-1,0.0,88
USER_001741,non_borrower,0,-1,0.0,91
USER_001742,non_borrower,0,-1,0.0,101
USER_001743,non_borrower,0,-1,0.0,132
USER_001744,non_borrower,0,-1,0.0,110
USER_001745,occasional_borrower,2,1,62.5,86
USER_001746,responsible_borrower,3,0,97.65625,117
USER_001747,occasional_borrower,1,1,50.0,104
USER_001748,responsible_borrower,3,0,97.65625,116
USER_001749,non_borrower,0,-1,0.0,89
USER_001750,non_borrower,0,-1,0.0,97
USER_001751,risky_borrower,6,1,50.0,107
USER_001752,non_borrower,0,-1,0.0,114
USER_001753,non_borrower,0,-1,0.0,101
USER_001754,non_borrower,0,-1,0.0,101
USER_001755,occasional_borrower,1,1,50.0,99
USER_001756,risky_borrower,4,1,50.0,122
USER_001757,occasional_borrower,1,0,62.5,98
USER_001758,defaulter,1,2,50.0,104
USER_001759,non_borrower,0,-1,0.0,98
USER_001760,non_borrower,0,-1,0.0,90
USER_001761,non_borrower,0,-1,0.0,116
USER_001762,non_borrower,0,-1,0.0,101
USER_001763,non_borrower,0,-1,0.0,100
USER_001764,responsible_borrower,2,0,78.125,102
USER_001765,responsible_borrower,4,1,97.65625,99
USER_001766,non_borrower,0,-1,0.0,104
USER_001767,non_borrower,0,-1,0.0,96
USER_001768,non_borrower,0,-1,0.0,102
USER_001769,non_borrower,0,-1,0.0,102
USER_001770,occasional_borrower,1,0,62.5,108
USER_001771,responsible_borrower,4,0,122.0703125,103
USER_001772,occasional_borrower,1,0,62.5,94
USER_001773,non_borrower,0,-1,0.0,118
USER_001774,occasional_borrower,2,1,50.0,110
USER_001775,non_borrower,0,-1,0.0,117
USER_001776,non_borrower,0,-1,0.0,90
USER_001777,non_borrower,0,-1,0.0,71
USER_001778,risky_borrower,2,2,50.0,126
USER_001779,occasional_borrower,2,0,78.125,114
USER_001780,non_borrower,0,-1,0.0,92
USER_001781,occasional_borrower,2,1,50.0,84
USER_001782,non_borrower,0,-1,0.0,118
USER_001783,occasional_borrower,1,0,62.5,95
USER_001784,responsible_borrower,2,1,62.5,97
USER_001785,risky_borrower,4,2,50.0,113
USER_001786,non_borrower,0,-1,0.0,108
USER_001787,non_borrower,0,-1,0.0,103
USER_001788,responsible_borrower,3,1,78.125,102
USER_001789,non_borrower,0,-1,0.0,103
USER_001790,non_borrower,0,-1,0.0,93
USER_001791,non_borrower,0,-1,0.0,108
USER_001792,responsible_borrower,4,0,122.0703125,103
USER_001793,non_borrower,0,-1,0.0,109
USER_001794,responsible_borrower,4,1,97.65625,108
USER_001795,responsible_borrower,4,1,97.65625,101
USER_001796,non_borrower,0,-1,0.0,102
USER_001797,occasional_borrower,2,1,62.5,116
USER_001798,non_borrower,0,-1,0.0,114
USER_001799,non_borrower,0,-1,0.0,102
USER_001800,risky_borrower,1,2,50.0,97
USER_001801,occasional_borrower,2,1,62.5,97
USER_001802,responsible_borrower,3,0,97.65625,109
USER_001803,non_borrower,0,-1,0.0,112
USER_001804,occasional_borrower,1,0,62.5,104
USER_001805,non_borrower,0,-1,0.0,117
USER_001806,non_borrower,0,-1,0.0,106
USER_001807,non_borrower,0,-1,0.0,80
USER_001808,occasional_borrower,1,0,62.5,94
USER_001809,non_borrower,0,-1,0.0,106
USER_001810,occasional_borrower,2,1,62.5,119
USER_001811,responsible_borrower,4,0,122.0703125,108
USER_001812,non_borrower,0,-1,0.0,106
USER_001813,risky_borrower,5,2,50.0,125
USER_001814,responsible_borrower,4,0,122.0703125,100
USER_001815,non_borrower,0,-1,0.0,102
USER_001816,responsible_borrower,4,1,97.65625,123
USER_001817,non_borrower,0,-1,0.0,110
USER_001818,non_borrower,0,-1,0.0,109
USER_001819,non_borrower,0,-1,0.0,104
USER_001820,non_borrower,0,-1,0.0,88
USER_001821,responsible_borrower,4,1,97.65625,111
USER_001822,non_borrower,0,-1,0.0,83
USER_001823,responsible_borrower,4,0,122.0703125,103
USER_001824,non_borrower,0,-1,0.0,93
USER_001825,occasional_borrower,2,0,78.125,113
USER_001826,non_borrower,0,-1,0.0,112
USER_001827,non_borrower,0,-1,0.0,93
USER_001828,responsible_borrower,2,0,78.125,118
USER_001829,non_borrower,0,-1,0.0,100
USER_001830,non_borrower,0,-1,0.0,101
USER_001831,occasional_borrower,1,1,50.0,104
USER_001832,non_borrower,0,-1,0.0,102
USER_001833,risky_borrower,4,1,50.0,100
USER_001834,non_borrower,0,-1,0.0,87
USER_001835,non_borrower,0,-1,0.0,120
USER_001836,non_borrower,0,-1,0.0,98
USER_001837,non_borrower,0,-1,0.0,90
USER_001838,non_borrower,0,-1,0.0,93
USER_001839,risky_borrower,6,2,50.0,114
USER_001840,non_borrower,0,-1,0.0,116
USER_001841,non_borrower,0,-1,0.0,103
USER_001842,non_borrower,0,-1,0.0,116
USER_001843,non_borrower,0,-1,0.0,96
USER_001844,non_borrower,0,-1,0.0,92
USER_001845,responsible_borrower,2,0,78.125,117
USER_001846,non_borrower,0,-1,0.0,107
USER_001847,non_borrower,0,-1,0.0,110
USER_001848,non_borrower,0,-1,0.0,106
USER_001849,responsible_borrower,2,0,78.125,89
USER_001850,responsible_borrower,3,0,97.65625,109
USER_001851,responsible_borrower,3,1,78.125,113
USER_001852,responsible_borrower,2,0,78.125,113
USER_001853,occasional_borrower,2,0,78.125,93
USER_001854,responsible_borrower,2,0,78.125,117
USER_001855,responsible_borrower,3,0,97.65625,95
USER_001856,non_borrower,0,-1,0.0,89
USER_001857,non_borrower,0,-1,0.0,107
USER_001858,responsible_borrower,2,0,78.125,122
USER_001859,occasional_borrower,1,0,62.5,115
USER_001860,responsible_borrower,4,0,122.0703125,111
USER_001861,responsible_borrower,3,1,78.125,112
USER_001862,responsible_borrower,3,1,78.125,99
USER_001863,responsible_borrower,3,1,78.125,91
USER_001864,non_borrower,0,-1,0.0,96
USER_001865,responsible_borrower,4,0,122.0703125,109
USER_001866,responsible_borrower,3,1,78.125,96
USER_001867,occasional_borrower,2,0,78.125,101
USER_001868,non_borrower,0,-1,0.0,97
USER_001869,responsible_borrower,4,0,122.0703125,124
USER_001870,non_borrower,0,-1,0.0,103
USER_001871,occasional_borrower,1,0,62.5,99
USER_001872,non_borrower,0,-1,0.0,97
USER_001873,non_borrower,0,-1,0.0,93
USER_001874,non_borrower,0,-1,0.0,99
USER_001875,occasional_borrower,1,1,50.0,89
USER_001876,non_borrower,0,-1,0.0,86
USER_001877,responsible_borrower,4,1,78.125,122
USER_001878,non_borrower,0,-1,0.0,88
USER_001879,responsible_borrower,2,0,78.125,93
USER_001880,non_borrower,0,-1,0.0,96
USER_001881,occasional_borrower,1,1,50.0,112
USER_001882,responsible_borrower,4,0,122.0703125,107
USER_001883,responsible_borrower,3,1,62.5,108
USER_001884,responsible_borrower,3,1,78.125,108
USER_001885,responsible_borrower,3,1,78.125,85
USER_001886,non_borrower,0,-1,0.0,107
USER_001887,non_borrower,0,-1,0.0,117
USER_001888,non_borrower,0,-1,0.0,88
USER_001889,non_borrower,0,-1,0.0,104
USER_001890,non_borrower,0,-1,0.0,103
USER_001891,risky_borrower,5,1,50.0,112
USER_001892,occasional_borrower,1,0,62.5,110
USER_001893,non_borrower,0,-1,0.0,93
USER_001894,non_borrower,0,-1,0.0,97
USER_001895,responsible_borrower,4,1,97.65625,103
USER_001896,responsible_borrower,4,0,122.0703125,111
USER_001897,risky_borrower,4,1,50.0,138
USER_001898,non_borrower,0,-1,0.0,108
USER_001899,responsible_borrower,3,0,97.65625,96
USER_001900,non_borrower,0,-1,0.0,99
USER_001901,responsible_borrower,4,0,122.0703125,104
USER_001902,occasional_borrower,1,0,62.5,120
USER_001903,responsible_borrower,3,1,78.125,110
USER_001904,responsible_borrower,2,0,78.125,110
USER_001905,non_borrower,0,-1,0.0,110
USER_001906,responsible_borrower,4,1,97.65625,104
USER_001907,responsible_borrower,3,1,78.125,101
USER_001908,defaulter,1,2,50.0,91
USER_001909,responsible_borrower,4,1,78.125,107
USER_001910,responsible_borrower,4,1,97.65625,110
USER_001911,occasional_borrower,1,1,50.0,93
USER_001912,responsible_borrower,2,0,78.125,91
USER_001913,non_borrower,0,-1,0.0,98
USER_001914,non_borrower,0,-1,0.0,96
USER_001915,non_borrower,0,-1,0.0,91
USER_001916,occasional_borrower,2,1,50.0,98
USER_001917,responsible_borrower,2,0,78.125,98
USER_001918,occasional_borrower,2,1,50.0,103
USER_001919,non_borrower,0,-1,0.0,88
USER_001920,responsible_borrower,2,0,78.125,111
USER_001921,occasional_borrower,2,1,62.5,115
USER_001922,responsible_borrower,4,1,97.65625,95
USER_001923,non_borrower,0,-1,0.0,115
USER_001924,responsible_borrower,3,0,97.65625,106
USER_001925,defaulter,1,2,50.0,117
USER_001926,responsible_borrower,3,0,97.65625,117
USER_001927,occasional_borrower,1,2,50.0,115
USER_001928,occasional_borrower,2,1,62.5,102
USER_001929,non_borrower,0,-1,0.0,100
USER_001930,occasional_borrower,1,0,62.5,107
USER_001931,responsible_borrower,4,0,122.0703125,105
USER_001932,non_borrower,0,-1,0.0,92
USER_001933,non_borrower,0,-1,0.0,91
USER_001934,non_borrower,0,-1,0.0,99
USER_001935,occasional_borrower,2,1,50.0,105
USER_001936,non_borrower,0,-1,0.0,105
USER_001937,occasional_borrower,2,1,62.5,108
USER_001938,non_borrower,0,-1,0.0,99
USER_001939,responsible_borrower,3,0,97.65625,105
USER_001940,risky_borrower,1,2,50.0,109
USER_001941,occasional_borrower,2,0,78.125,92
USER_001942,non_borrower,0,-1,0.0,106
USER_001943,non_borrower,0,-1,0.0,111
USER_001944,responsible_borrower,3,0,97.65625,106
USER_001945,responsible_borrower,4,0,122.0703125,140
USER_001946,non_borrower,0,-1,0.0,92
USER_001947,occasional_borrower,2,0,78.125,97
USER_001948,occasional_borrower,2,1,50.0,115
USER_001949,risky_borrower,5,1,50.0,115
USER_001950,occasional_borrower,2,1,62.5,115
USER_001951,risky_borrower,4,1,50.0,106
USER_001952,occasional_borrower,2,1,62.5,95
USER_001953,occasional_borrower,1,1,50.0,87
USER_001954,non_borrower,0,-1,0.0,90
USER_001955,responsible_borrower,2,0,78.125,118
USER_001956,non_borrower,0,-1,0.0,95
USER_001957,occasional_borrower,2,0,78.125,86
USER_001958,non_borrower,0,-1,0.0,102
USER_001959,occasional_borrower,1,0,62.5,86
USER_001960,responsible_borrower,3,0,97.65625,102
USER_001961,non_borrower,0,-1,0.0,124
USER_001962,non_borrower,0,-1,0.0,106
USER_001963,non_borrower,0,-1,0.0,104
USER_001964,non_borrower,0,-1,0.0,92
USER_001965,responsible_borrower,3,0,97.65625,109
USER_001966,responsible_borrower,4,1,78.125,98
USER_001967,non_borrower,0,-1,0.0,92
USER_001968,non_borrower,0,-1,0.0,85
USER_001969,non_borrower,0,-1,0.0,85
USER_001970,responsible_borrower,3,0,97.65625,110
USER_001971,non_borrower,0,-1,0.0,112
USER_001972,responsible_borrower,3,1,78.125,93
USER_001973,non_borrower,0,-1,0.0,123
USER_001974,risky_borrower,5,2,50.0,132
USER_001975,non_borrower,0,-1,0.0,92
USER_001976,non_borrower,0,-1,0.0,98
USER_001977,occasional_borrower,2,1,62.5,91
USER_001978,non_borrower,0,-1,0.0,112
USER_001979,responsible_borrower,2,0,78.125,112
USER_001980,occasional_borrower,1,1,50.0,92
USER_001981,responsible_borrower,3,0,97.65625,109
USER_001982,non_borrower,0,-1,0.0,110
USER_001983,non_borrower,0,-1,0.0,100
USER_001984,non_borrower,0,-1,0.0,110
USER_001985,occasional_borrower,2,1,62.5,96
USER_001986,responsible_borrower,3,0,97.65625,104
USER_001987,non_borrower,0,-1,0.0,80
USER_001988,responsible_borrower,2,1,62.5,89
USER_001989,responsible_borrower,4,0,122.0703125,92
USER_001990,non_borrower,0,-1,0.0,108
USER_001991,non_borrower,0,-1,0.0,94
USER_001992,non_borrower,0,-1,0.0,97
USER_001993,occasional_borrower,2,0,78.125,96
USER_001994,responsible_borrower,3,1,78.125,91
USER_001995,non_borrower,0,-1,0.0,96
USER_001996,non_borrower,0,-1,0.0,104
USER_001997,non_borrower,0,-1,0.0,91
USER_001998,non_borrower,0,-1,0.0,107
USER_001999,non_borrower,0,-1,0.0,107
USER_002000,non_borrower,0,-1,0.0,108
USER_002001,responsible_borrower,2,0,78.125,117
USER_002002,occasional_borrower,1,1,50.0,107
USER_002003,occasional_borrower,2,1,62.5,107
USER_002004,non_borrower,0,-1,0.0,86
USER_002005,responsible_borrower,4,0,122.0703125,100
USER_002006,non_borrower,0,-1,0.0,96
USER_002007,responsible_borrower,2,1,62.5,105
USER_002008,responsible_borrower,3,0,97.65625,100
USER_002009,occasional_borrower,2,1,62.5,94
USER_002010,non_borrower,0,-1,0.0,95
USER_002011,responsible_borrower,4,0,122.0703125,104
USER_002012,non_borrower,0,-1,0.0,113
USER_002013,non_borrower,0,-1,0.0,110
USER_002014,occasional_borrower,2,1,62.5,94
USER_002015,occasional_borrower,2,0,78.125,98
USER_002016,non_borrower,0,-1,0.0,88
USER_002017,responsible_borrower,2,0,78.125,92
USER_002018,responsible_borrower,4,0,122.0703125,127
USER_002019,occasional_borrower,2,0,78.125,113
USER_002020,non_borrower,0,-1,0.0,91
USER_002021,responsible_borrower,3,0,97.65625,97
USER_002022,occasional_borrower,2,2,62.5,121
USER_002023,responsible_borrower,2,0,78.125,111
USER_002024,responsible_borrower,3,1,62.5,125
USER_002025,responsible_borrower,3,0,97.65625,123
USER_002026,occasional_borrower,1,1,50.0,103
USER_002027,occasional_borrower,1,1,50.0,115
USER_002028,non_borrower,0,-1,0.0,112
USER_002029,non_borrower,0,-1,0.0,94
USER_002030,responsible_borrower,4,0,122.0703125,100
USER_002031,responsible_borrower,3,1,78.125,100
USER_002032,non_borrower,0,-1,0.0,107
USER_002033,non_borrower,0,-1,0.0,99
USER_002034,responsible_borrower,4,0,122.0703125,97
USER_002035,responsible_borrower,4,1,97.65625,110
USER_002036,occasional_borrower,2,1,62.5,112
USER_002037,risky_borrower,6,1,50.0,114
USER_002038,occasional_borrower,2,2,62.5,100
USER_002039,responsible_borrower,2,1,62.5,94
USER_002040,non_borrower,0,-1,0.0,106
USER_002041,responsible_borrower,4,0,122.0703125,120
USER_002042,responsible_borrower,2,0,78.125,100
USER_002043,non_borrower,0,-1,0.0,102
USER_002044,occasional_borrower,2,1,62.5,106
USER_002045,occasional_borrower,1,1,50.0,116
USER_002046,non_borrower,0,-1,0.0,115
USER_002047,occasional_borrower,2,1,62.5,101
USER_002048,occasional_borrower,1,0,62.5,108
USER_002049,responsible_borrower,4,0,122.0703125,108
USER_002050,responsible_borrower,3,0,97.65625,96
USER_002051,responsible_borrower,2,0,78.125,97
USER_002052,occasional_borrower,1,1,50.0,106
USER_002053,responsible_borrower,4,0,122.0703125,108
USER_002054,responsible_borrower,2,0,78.125,89
USER_002055,non_borrower,0,-1,0.0,91
USER_002056,responsible_borrower,2,0,78.125,107
USER_002057,non_borrower,0,-1,0.0,99
USER_002058,non_borrower,0,-1,0.0,98
USER_002059,risky_borrower,1,2,50.0,104
USER_002060,responsible_borrower,2,0,78.125,98
USER_002061,occasional_borrower,2,1,62.5,106
USER_002062,responsible_borrower,3,0,97.65625,105
USER_002063,non_borrower,0,-1,0.0,94
USER_002064,non_borrower,0,-1,0.0,99
USER_002065,non_borrower,0,-1,0.0,101
USER_002066,risky_borrower,1,2,50.0,76
USER_002067,responsible_borrower,4,1,97.65625,102
USER_002068,non_borrower,0,-1,0.0,93
USER_002069,responsible_borrower,3,0,97.65625,128
USER_002070,responsible_borrower,4,0,122.0703125,97
USER_002071,risky_borrower,1,2,50.0,108
USER_002072,non_borrower,0,-1,0.0,103
USER_002073,non_borrower,0,-1,0.0,93
USER_002074,risky_borrower,1,2,50.0,110
USER_002075,non_borrower,0,-1,0.0,105
USER_002076,defaulter,1,2,50.0,96
USER_002077,non_borrower,0,-1,0.0,92
USER_002078,responsible_borrower,4,1,97.65625,112
USER_002079,non_borrower,0,-1,0.0,104
USER_002080,responsible_borrower,2,0,78.125,118
USER_002081,non_borrower,0,-1,0.0,103
USER_002082,responsible_borrower,2,0,78.125,99
USER_002083,responsible_borrower,4,0,122.0703125,116
USER_002084,risky_borrower,1,2,50.0,95
USER_002085,responsible_borrower,3,0,97.65625,108
USER_002086,responsible_borrower,4,0,122.0703125,107
USER_002087,non_borrower,0,-1,0.0,108
USER_002088,responsible_borrower,2,0,78.125,92
USER_002089,non_borrower,0,-1,0.0,91
USER_002090,non_borrower,0,-1,0.0,106
USER_002091,responsible_borrower,4,1,97.65625,94
USER_002092,occasional_borrower,2,1,62.5,120
USER_002093,non_borrower,0,-1,0.0,79
USER_002094,responsible_borrower,2,0,78.125,122
USER_002095,non_borrower,0,-1,0.0,93
USER_002096,non_borrower,0,-1,0.0,82
USER_002097,non_borrower,0,-1,0.0,87
USER_002098,non_borrower,0,-1,0.0,98
USER_002099,occasional_borrower,1,1,50.0,115
USER_002100,responsible_borrower,2,0,78.125,110
USER_002101,occasional_borrower,2,1,62.5,106
USER_002102,responsible_borrower,4,0,122.0703125,116
USER_002103,non_borrower,0,-1,0.0,98
USER_002104,responsible_borrower,4,0,122.0703125,109
USER_002105,non_borrower,0,-1,0.0,121
USER_002106,responsible_borrower,2,0,78.125,123
USER_002107,risky_borrower,4,2,50.0,95
USER_002108,occasional_borrower,1,0,62.5,121
USER_002109,non_borrower,0,-1,0.0,99
USER_002110,non_borrower,0,-1,0.0,110
USER_002111,occasional_borrower,1,1,50.0,113
USER_002112,responsible_borrower,3,0,97.65625,110
USER_002113,non_borrower,0,-1,0.0,117
USER_002114,responsible_borrower,3,0,97.65625,105
USER_002115,occasional_borrower,1,1,50.0,94
USER_002116,non_borrower,0,-1,0.0,93
USER_002117,non_borrower,0,-1,0.0,115
USER_002118,non_borrower,0,-1,0.0,106
USER_002119,responsible_borrower,2,0,78.125,85
USER_002120,responsible_borrower,4,0,122.0703125,93
USER_002121,responsible_borrower,2,0,78.125,105
USER_002122,risky_borrower,2,2,50.0,111
USER_002123,responsible_borrower,3,0,97.65625,103
USER_002124,responsible_borrower,4,0,122.0703125,88
USER_002125,non_borrower,0,-1,0.0,79
USER_002126,responsible_borrower,4,1,97.65625,115
USER_002127,non_borrower,0,-1,0.0,105
USER_002128,risky_borrower,4,1,50.0,107
USER_002129,non_borrower,0,-1,0.0,99
USER_002130,occasional_borrower,1,0,62.5,106
USER_002131,occasional_borrower,2,1,50.0,95
USER_002132,occasional_borrower,2,0,78.125,109
USER_002133,non_borrower,0,-1,0.0,94
USER_002134,non_borrower,0,-1,0.0,87
USER_002135,non_borrower,0,-1,0.0,92
USER_002136,responsible_borrower,2,0,78.125,94
USER_002137,responsible_borrower,3,0,97.65625,132
USER_002138,responsible_borrower,2,1,62.5,110
USER_002139,occasional_borrower,2,0,78.125,111
USER_002140,responsible_borrower,3,0,97.65625,106
USER_002141,responsible_borrower,2,0,78.125,117
USER_002142,occasional_borrower,2,1,62.5,104
USER_002143,non_borrower,0,-1,0.0,122
USER_002144,non_borrower,0,-1,0.0,108
USER_002145,responsible_borrower,3,0,97.65625,110
USER_002146,responsible_borrower,2,0,78.125,94
USER_002147,non_borrower,0,-1,0.0,86
USER_002148,non_borrower,0,-1,0.0,89
USER_002149,occasional_borrower,2,1,50.0,108
USER_002150,responsible_borrower,2,0,78.125,97
USER_002151,responsible_borrower,2,0,78.125,122
USER_002152,non_borrower,0,-1,0.0,86
USER_002153,non_borrower,0,-1,0.0,104
USER_002154,responsible_borrower,3,0,97.65625,93
USER_002155,responsible_borrower,2,0,78.125,102
USER_002156,non_borrower,0,-1,0.0,84
USER_002157,responsible_borrower,2,0,78.125,87
USER_002158,non_borrower,0,-1,0.0,80
USER_002159,non_borrower,0,-1,0.0,106
USER_002160,non_borrower,0,-1,0.0,112
USER_002161,responsible_borrower,2,0,78.125,102
USER_002162,non_borrower,0,-1,0.0,84
USER_002163,responsible_borrower,2,1,50.0,100
USER_002164,responsible_borrower,3,1,62.5,103
USER_002165,responsible_borrower,2,1,62.5,110
USER_002166,responsible_borrower,2,1,50.0,94
USER_002167,non_borrower,0,-1,0.0,102
USER_002168,responsible_borrower,4,1,97.65625,108
USER_002169,non_borrower,0,-1,0.0,126
USER_002170,responsible_borrower,4,0,122.0703125,109
USER_002171,responsible_borrower,3,0,97.65625,123
USER_002172,non_borrower,0,-1,0.0,94
USER_002173,non_borrower,0,-1,0.0,111
USER_002174,non_borrower,0,-1,0.0,91
USER_002175,non_borrower,0,-1,0.0,95
USER_002176,non_borrower,0,-1,0.0,87
USER_002177,non_borrower,0,-1,0.0,84
USER_002178,responsible_borrower,2,0,78.125,94
USER_002179,non_borrower,0,-1,0.0,103
USER_002180,non_borrower,0,-1,0.0,120
USER_002181,risky_borrower,5,1,50.0,103
USER_002182,responsible_borrower,3,0,97.65625,93
USER_002183,responsible_borrower,4,0,122.0703125,96
USER_002184,non_borrower,0,-1,0.0,105
USER_002185,non_borrower,0,-1,0.0,117
USER_002186,non_borrower,0,-1,0.0,104
USER_002187,occasional_borrower,1,1,50.0,111
USER_002188,occasional_borrower,2,0,78.125,88
USER_002189,occasional_borrower,1,0,62.5,104
USER_002190,non_borrower,0,-1,0.0,107
USER_002191,responsible_borrower,4,1,97.65625,98
USER_002192,risky_borrower,5,1,50.0,95
USER_002193,occasional_borrower,1,0,62.5,116
USER_002194,non_borrower,0,-1,0.0,105
USER_002195,responsible_borrower,2,0,78.125,107
USER_002196,non_borrower,0,-1,0.0,97
USER_002197,non_borrower,0,-1,0.0,98
USER_002198,non_borrower,0,-1,0.0,103
USER_002199,responsible_borrower,2,1,62.5,114
USER_002200,non_borrower,0,-1,0.0,113
USER_002201,occasional_borrower,1,0,62.5,111
USER_002202,non_borrower,0,-1,0.0,98
USER_002203,occasional_borrower,2,0,78.125,106
USER_002204,non_borrower,0,-1,0.0,111
USER_002205,non_borrower,0,-1,0.0,86
USER_002206,responsible_borrower,2,0,78.125,88
USER_002207,non_borrower,0,-1,0.0,97
USER_002208,non_borrower,0,-1,0.0,110
USER_002209,responsible_borrower,4,1,97.65625,114
USER_002210,non_borrower,0,-1,0.0,94
USER_002211,responsible_borrower,4,1,97.65625,116
USER_002212,non_borrower,0,-1,0.0,102
USER_002213,responsible_borrower,2,0,78.125,99
USER_002214,non_borrower,0,-1,0.0,107
USER_002215,non_borrower,0,-1,0.0,101
USER_002216,responsible_borrower,3,1,78.125,95
USER_002217,occasional_borrower,2,1,62.5,116
USER_002218,non_borrower,0,-1,0.0,84
USER_002219,non_borrower,0,-1,0.0,107
USER_002220,responsible_borrower,4,0,122.0703125,101
USER_002221,responsible_borrower,4,0,122.0703125,124
USER_002222,occasional_borrower,2,0,78.125,94
USER_002223,responsible_borrower,3,1,78.125,110
USER_002224,non_borrower,0,-1,0.0,94
USER_002225,non_borrower,0,-1,0.0,92
USER_002226,responsible_borrower,3,1,62.5,114
USER_002227,responsible_borrower,3,1,78.125,88
USER_002228,non_borrower,0,-1,0.0,104
USER_002229,non_borrower,0,-1,0.0,98
USER_002230,occasional_borrower,2,0,78.125,90
USER_002231,non_borrower,0,-1,0.0,93
USER_002232,non_borrower,0,-1,0.0,122
USER_002233,non_borrower,0,-1,0.0,108
USER_002234,non_borrower,0,-1,0.0,97
USER_002235,responsible_borrower,2,0,78.125,117
USER_002236,non_borrower,0,-1,0.0,97
USER_002237,non_borrower,0,-1,0.0,100
USER_002238,occasional_borrower,2,1,62.5,90
USER_002239,responsible_borrower,3,0,97.65625,88
USER_002240,occasional_borrower,2,0,78.125,119
USER_002241,risky_borrower,6,1,50.0,108
USER_002242,non_borrower,0,-1,0.0,86
USER_002243,occasional_borrower,2,0,78.125,99
USER_002244,non_borrower,0,-1,0.0,119
USER_002245,responsible_borrower,3,0,97.65625,118
USER_002246,non_borrower,0,-1,0.0,93
USER_002247,occasional_borrower,1,1,50.0,110
USER_002248,non_borrower,0,-1,0.0,84
USER_002249,responsible_borrower,3,0,97.65625,98
USER_002250,occasional_borrower,2,1,62.5,118
USER_002251,occasional_borrower,1,1,50.0,99
USER_002252,occasional_borrower,1,0,62.5,109
USER_002253,responsible_borrower,4,0,122.0703125,107
USER_002254,occasional_borrower,1,0,62.5,97
USER_002255,non_borrower,0,-1,0.0,104
USER_002256,occasional_borrower,1,0,62.5,122
USER_002257,responsible_borrower,3,0,97.65625,124
USER_002258,non_borrower,0,-1,0.0,105
USER_002259,non_borrower,0,-1,0.0,100
USER_002260,occasional_borrower,1,1,50.0,95
USER_002261,risky_borrower,4,2,50.0,83
USER_002262,non_borrower,0,-1,0.0,95
USER_002263,responsible_borrower,4,0,122.0703125,109
USER_002264,occasional_borrower,2,1,62.5,93
USER_002265,non_borrower,0,-1,0.0,123
USER_002266,risky_borrower,5,1,50.0,104
USER_002267,responsible_borrower,2,0,78.125,100
USER_002268,non_borrower,0,-1,0.0,91
USER_002269,responsible_borrower,4,1,97.65625,104
USER_002270,occasional_borrower,1,0,62.5,100
USER_002271,non_borrower,0,-1,0.0,109
USER_002272,responsible_borrower,2,0,78.125,108
USER_002273,occasional_borrower,2,1,62.5,99
USER_002274,responsible_borrower,4,0,122.0703125,97
USER_002275,non_borrower,0,-1,0.0,94
USER_002276,risky_borrower,6,1,50.0,114
USER_002277,non_borrower,0,-1,0.0,103
USER_002278,responsible_borrower,3,1,78.125,106
USER_002279,non_borrower,0,-1,0.0,102
USER_002280,responsible_borrower,4,1,97.65625,108
USER_002281,responsible_borrower,4,0,122.0703125,94
USER_002282,non_borrower,0,-1,0.0,104
USER_002283,risky_borrower,1,2,50.0,110
USER_002284,non_borrower,0,-1,0.0,110
USER_002285,non_borrower,0,-1,0.0,87
USER_002286,non_borrower,0,-1,0.0,100
USER_002287,non_borrower,0,-1,0.0,84
USER_002288,occasional_borrower,2,1,62.5,95
USER_002289,non_borrower,0,-1,0.0,93
USER_002290,non_borrower,0,-1,0.0,101
USER_002291,occasional_borrower,2,0,78.125,114
USER_002292,responsible_borrower,3,0,97.65625,96
USER_002293,non_borrower,0,-1,0.0,102
USER_002294,non_borrower,0,-1,0.0,116
USER_002295,responsible_borrower,4,0,122.0703125,113
USER_002296,occasional_borrower,2,1,62.5,118
USER_002297,responsible_borrower,2,1,62.5,96
USER_002298,risky_borrower,4,2,50.0,93
USER_002299,non_borrower,0,-1,0.0,120
USER_002300,responsible_borrower,3,0,97.65625,99
USER_002301,occasional_borrower,2,1,62.5,108
USER_002302,responsible_borrower,2,0,78.125,99
USER_002303,non_borrower,0,-1,0.0,89
USER_002304,occasional_borrower,1,0,62.5,84
USER_002305,occasional_borrower,2,0,78.125,90
USER_002306,non_borrower,0,-1,0.0,75
USER_002307,occasional_borrower,2,1,62.5,106
USER_002308,non_borrower,0,-1,0.0,104
USER_002309,non_borrower,0,-1,0.0,112
USER_002310,non_borrower,0,-1,0.0,85
USER_002311,responsible_borrower,3,0,97.65625,100
USER_002312,occasional_borrower,2,1,50.0,119
USER_002313,non_borrower,0,-1,0.0,107
USER_002314,responsible_borrower,3,0,97.65625,109
USER_002315,non_borrower,0,-1,0.0,92
USER_002316,responsible_borrower,4,1,97.65625,107
USER_002317,responsible_borrower,2,0,78.125,103
USER_002318,responsible_borrower,2,0,78.125,108
USER_002319,non_borrower,0,-1,0.0,127
USER_002320,non_borrower,0,-1,0.0,92
USER_002321,non_borrower,0,-1,0.0,83
USER_002322,non_borrower,0,-1,0.0,102
USER_002323,non_borrower,0,-1,0.0,94
USER_002324,non_borrower,0,-1,0.0,111
USER_002325,non_borrower,0,-1,0.0,96
USER_002326,responsible_borrower,2,0,78.125,105
USER_002327,non_borrower,0,-1,0.0,87
USER_002328,non_borrower,0,-1,0.0,94
USER_002329,occasional_borrower,2,1,62.5,116
USER_002330,defaulter,1,2,50.0,125
USER_002331,responsible_borrower,3,0,97.65625,119
USER_002332,responsible_borrower,4,1,97.65625,104
USER_002333,responsible_borrower,2,1,62.5,121
USER_002334,non_borrower,0,-1,0.0,108
USER_002335,responsible_borrower,4,0,122.0703125,99
USER_002336,responsible_borrower,3,1,78.125,109
USER_002337,non_borrower,0,-1,0.0,83
USER_002338,responsible_borrower,3,0,97.65625,97
USER_002339,non_borrower,0,-1,0.0,98
USER_002340,non_borrower,0,-1,0.0,101
USER_002341,responsible_borrower,4,0,122.0703125,106
USER_002342,non_borrower,0,-1,0.0,88
USER_002343,responsible_borrower,3,1,78.125,110
USER_002344,non_borrower,0,-1,0.0,95
USER_002345,non_borrower,0,-1,0.0,120
USER_002346,non_borrower,0,-1,0.0,95
USER_002347,non_borrower,0,-1,0.0,107
USER_002348,non_borrower,0,-1,0.0,100
USER_002349,responsible_borrower,3,0,97.65625,109
USER_002350,non_borrower,0,-1,0.0,101
USER_002351,non_borrower,0,-1,0.0,117
USER_002352,defaulter,1,2,50.0,100
USER_002353,defaulter,1,2,50.0,90
USER_002354,responsible_borrower,4,1,97.65625,115
USER_002355,occasional_borrower,1,0,62.5,100
USER_002356,defaulter,1,2,50.0,105
USER_002357,non_borrower,0,-1,0.0,101
USER_002358,occasional_borrower,1,0,62.5,125
USER_002359,defaulter,1,2,50.0,97
USER_002360,responsible_borrower,2,0,78.125,112
USER_002361,non_borrower,0,-1,0.0,112
USER_002362,non_borrower,0,-1,0.0,98
USER_002363,responsible_borrower,2,0,78.125,106
USER_002364,defaulter,1,2,50.0,110
USER_002365,occasional_borrower,1,0,62.5,106
USER_002366,responsible_borrower,2,0,78.125,118
USER_002367,risky_borrower,5,1,50.0,119
USER_002368,responsible_borrower,2,0,78.125,110
USER_002369,responsible_borrower,3,1,78.125,107
USER_002370,non_borrower,0,-1,0.0,95
USER_002371,risky_borrower,4,1,50.0,110
USER_002372,occasional_borrower,1,0,62.5,96
USER_002373,non_borrower,0,-1,0.0,110
USER_002374,non_borrower,0,-1,0.0,98
USER_002375,responsible_borrower,4,1,97.65625,124
USER_002376,non_borrower,0,-1,0.0,104
USER_002377,non_borrower,0,-1,0.0,108
USER_002378,responsible_borrower,2,1,62.5,100
USER_002379,responsible_borrower,4,0,122.0703125,135
USER_002380,responsible_borrower,3,1,62.5,99
USER_002381,non_borrower,0,-1,0.0,90
USER_002382,responsible_borrower,2,1,62.5,113
USER_002383,non_borrower,0,-1,0.0,101
USER_002384,responsible_borrower,2,0,78.125,85
USER_002385,non_borrower,0,-1,0.0,93
USER_002386,responsible_borrower,3,0,97.65625,114
USER_002387,responsible_borrower,3,0,97.65625,95
USER_002388,risky_borrower,1,2,50.0,87
USER_002389,non_borrower,0,-1,0.0,107
USER_002390,occasional_borrower,2,0,78.125,102
USER_002391,responsible_borrower,4,0,122.0703125,114
USER_002392,responsible_borrower,2,0,78.125,89
USER_002393,responsible_borrower,3,1,78.125,120
USER_002394,responsible_borrower,4,0,122.0703125,97
USER_002395,responsible_borrower,4,0,122.0703125,115
USER_002396,responsible_borrower,3,1,78.125,78
USER_002397,non_borrower,0,-1,0.0,100
USER_002398,risky_borrower,4,2,50.0,89
USER_002399,responsible_borrower,4,1,97.65625,115
USER_002400,risky_borrower,6,2,50.0,111
USER_002401,non_borrower,0,-1,0.0,97
USER_002402,non_borrower,0,-1,0.0,101
USER_002403,non_borrower,0,-1,0.0,99
USER_002404,non_borrower,0,-1,0.0,101
USER_002405,non_borrower,0,-1,0.0,90
USER_002406,risky_borrower,4,1,50.0,88
USER_002407,non_borrower,0,-1,0.0,101
USER_002408,non_borrower,0,-1,0.0,93
USER_002409,non_borrower,0,-1,0.0,121
USER_002410,non_borrower,0,-1,0.0,112
USER_002411,occasional_borrower,2,1,62.5,108
USER_002412,occasional_borrower,2,2,50.0,96
USER_002413,occasional_borrower,2,1,62.5,108
USER_002414,responsible_borrower,3,1,78.125,86
USER_002415,occasional_borrower,1,0,62.5,110
USER_002416,occasional_borrower,1,1,50.0,79
USER_002417,non_borrower,0,-1,0.0,91
USER_002418,non_borrower,0,-1,0.0,88
USER_002419,non_borrower,0,-1,0.0,104
USER_002420,occasional_borrower,1,0,62.5,142
USER_002421,occasional_borrower,1,0,62.5,103
USER_002422,non_borrower,0,-1,0.0,104
USER_002423,responsible_borrower,2,1,62.5,91
USER_002424,non_borrower,0,-1,0.0,112
USER_002425,defaulter,1,2,50.0,132
USER_002426,non_borrower,0,-1,0.0,109
USER_002427,responsible_borrower,2,0,78.125,87
USER_002428,responsible_borrower,4,1,97.65625,111
USER_002429,non_borrower,0,-1,0.0,98
USER_002430,non_borrower,0,-1,0.0,91
USER_002431,non_borrower,0,-1,0.0,106
USER_002432,responsible_borrower,3,0,97.65625,106
USER_002433,occasional_borrower,1,0,62.5,107
USER_002434,occasional_borrower,1,0,62.5,100
USER_002435,non_borrower,0,-1,0.0,90
USER_002436,non_borrower,0,-1,0.0,103
USER_002437,responsible_borrower,3,0,97.65625,92
USER_002438,responsible_borrower,2,1,62.5,96
USER_002439,risky_borrower,5,1,50.0,114
USER_002440,responsible_borrower,4,1,97.65625,109
USER_002441,responsible_borrower,4,0,122.0703125,104
USER_002442,risky_borrower,4,1,50.0,110
USER_002443,non_borrower,0,-1,0.0,88
USER_002444,responsible_borrower,2,0,78.125,117
USER_002445,responsible_borrower,4,0,122.0703125,115
USER_002446,risky_borrower,4,1,50.0,107
USER_002447,occasional_borrower,1,1,50.0,108
USER_002448,responsible_borrower,2,0,78.125,108
USER_002449,non_borrower,0,-1,0.0,92
USER_002450,responsible_borrower,3,0,97.65625,101
USER_002451,non_borrower,0,-1,0.0,106
USER_002452,responsible_borrower,3,1,62.5,102
USER_002453,occasional_borrower,1,1,50.0,102
USER_002454,non_borrower,0,-1,0.0,119
USER_002455,non_borrower,0,-1,0.0,105
USER_002456,risky_borrower,2,2,50.0,111
USER_002457,non_borrower,0,-1,0.0,103
USER_002458,occasional_borrower,1,0,62.5,107
USER_002459,non_borrower,0,-1,0.0,90
USER_002460,responsible_borrower,4,0,122.0703125,140
USER_002461,non_borrower,0,-1,0.0,107
USER_002462,non_borrower,0,-1,0.0,106
USER_002463,non_borrower,0,-1,0.0,102
USER_002464,risky_borrower,4,2,50.0,96
USER_002465,non_borrower,0,-1,0.0,102
USER_002466,responsible_borrower,4,1,97.65625,103
USER_002467,responsible_borrower,4,0,122.0703125,133
USER_002468,occasional_borrower,2,0,78.125,101
USER_002469,responsible_borrower,4,0,122.0703125,111
USER_002470,non_borrower,0,-1,0.0,94
USER_002471,non_borrower,0,-1,0.0,79
USER_002472,responsible_borrower,3,0,97.65625,111
USER_002473,responsible_borrower,3,0,97.65625,89
USER_002474,responsible_borrower,4,0,122.0703125,115
USER_002475,non_borrower,0,-1,0.0,107
USER_002476,non_borrower,0,-1,0.0,98
USER_002477,responsible_borrower,3,0,97.65625,99
USER_002478,responsible_borrower,3,0,97.65625,125
USER_002479,non_borrower,0,-1,0.0,106
USER_002480,non_borrower,0,-1,0.0,99
USER_002481,non_borrower,0,-1,0.0,103
USER_002482,non_borrower,0,-1,0.0,108
USER_002483,non_borrower,0,-1,0.0,91
USER_002484,non_borrower,0,-1,0.0,104
USER_002485,occasional_borrower,1,1,50.0,93
USER_002486,risky_borrower,4,1,50.0,106
USER_002487,responsible_borrower,3,0,97.65625,114
USER_002488,non_borrower,0,-1,0.0,96
USER_002489,non_borrower,0,-1,0.0,109
USER_002490,occasional_borrower,2,1,62.5,114
USER_002491,occasional_borrower,1,1,50.0,105
USER_002492,non_borrower,0,-1,0.0,92
USER_002493,occasional_borrower,1,0,62.5,109
USER_002494,non_borrower,0,-1,0.0,103
USER_002495,occasional_borrower,2,1,62.5,118
USER_002496,responsible_borrower,3,1,78.125,125
USER_002497,responsible_borrower,3,0,97.65625,106
USER_002498,non_borrower,0,-1,0.0,100
USER_002499,non_borrower,0,-1,0.0,90
USER_002500,non_borrower,0,-1,0.0,105
USER_002501,non_borrower,0,-1,0.0,98
USER_002502,non_borrower,0,-1,0.0,104
USER_002503,defaulter,1,2,50.0,115
USER_002504,non_borrower,0,-1,0.0,98
USER_002505,risky_borrower,2,2,50.0,92
USER_002506,non_borrower,0,-1,0.0,122
USER_002507,risky_borrower,5,2,50.0,101
USER_002508,non_borrower,0,-1,0.0,100
USER_002509,risky_borrower,5,2,50.0,119
USER_002510,non_borrower,0,-1,0.0,95
USER_002511,non_borrower,0,-1,0.0,95
USER_002512,responsible_borrower,3,1,78.125,103
USER_002513,non_borrower,0,-1,0.0,84
USER_002514,responsible_borrower,3,0,97.65625,125
USER_002515,non_borrower,0,-1,0.0,81
USER_002516,occasional_borrower,1,0,62.5,104
USER_002517,responsible_borrower,3,1,78.125,115
USER_002518,responsible_borrower,3,0,97.65625,107
USER_002519,non_borrower,0,-1,0.0,95
USER_002520,occasional_borrower,2,0,78.125,105
USER_002521,responsible_borrower,4,1,78.125,108
USER_002522,non_borrower,0,-1,0.0,102
USER_002523,occasional_borrower,1,1,50.0,99
USER_002524,non_borrower,0,-1,0.0,92
USER_002525,non_borrower,0,-1,0.0,91
USER_002526,non_borrower,0,-1,0.0,104
USER_002527,non_borrower,0,-1,0.0,101
USER_002528,defaulter,1,2,50.0,117
USER_002529,responsible_borrower,4,0,122.0703125,134
USER_002530,non_borrower,0,-1,0.0,89
USER_002531,responsible_borrower,4,0,122.0703125,113
USER_002532,non_borrower,0,-1,0.0,86
USER_002533,non_borrower,0,-1,0.0,88
USER_002534,occasional_borrower,1,2,50.0,120
USER_002535,non_borrower,0,-1,0.0,91
USER_002536,risky_borrower,4,1,50.0,99
USER_002537,defaulter,1,2,50.0,108
USER_002538,non_borrower,0,-1,0.0,101
USER_002539,non_borrower,0,-1,0.0,86
USER_002540,risky_borrower,6,1,50.0,91
USER_002541,non_borrower,0,-1,0.0,90
USER_002542,responsible_borrower,3,0,97.65625,120
USER_002543,responsible_borrower,4,1,78.125,111
USER_002544,responsible_borrower,4,0,122.0703125,118
USER_002545,responsible_borrower,3,0,97.65625,92
USER_002546,responsible_borrower,2,0,78.125,126
USER_002547,risky_borrower,1,2,50.0,103
USER_002548,non_borrower,0,-1,0.0,109
USER_002549,responsible_borrower,3,0,97.65625,96
USER_002550,responsible_borrower,4,0,122.0703125,119
USER_002551,non_borrower,0,-1,0.0,98
USER_002552,non_borrower,0,-1,0.0,103
USER_002553,responsible_borrower,2,1,50.0,130
USER_002554,non_borrower,0,-1,0.0,108
USER_002555,non_borrower,0,-1,0.0,106
USER_002556,occasional_borrower,2,0,78.125,104
USER_002557,risky_borrower,1,2,50.0,103
USER_002558,responsible_borrower,4,1,97.65625,108
USER_002559,non_borrower,0,-1,0.0,91
USER_002560,non_borrower,0,-1,0.0,110
USER_002561,risky_borrower,1,2,50.0,101
USER_002562,responsible_borrower,2,0,78.125,100
USER_002563,non_borrower,0,-1,0.0,92
USER_002564,responsible_borrower,2,1,62.5,110
USER_002565,occasional_borrower,1,1,50.0,93
USER_002566,non_borrower,0,-1,0.0,103
USER_002567,non_borrower,0,-1,0.0,118
USER_002568,occasional_borrower,1,1,50.0,98
USER_002569,occasional_borrower,1,0,62.5,83
USER_002570,responsible_borrower,3,0,97.65625,115
USER_002571,non_borrower,0,-1,0.0,113
USER_002572,responsible_borrower,4,1,97.65625,97
USER_002573,non_borrower,0,-1,0.0,110
USER_002574,non_borrower,0,-1,0.0,101
USER_002575,defaulter,1,2,50.0,115
USER_002576,non_borrower,0,-1,0.0,94
USER_002577,non_borrower,0,-1,0.0,88
USER_002578,responsible_borrower,2,0,78.125,114
USER_002579,non_borrower,0,-1,0.0,88
USER_002580,non_borrower,0,-1,0.0,106
USER_002581,non_borrower,0,-1,0.0,108
USER_002582,occasional_borrower,1,0,62.5,95
USER_002583,responsible_borrower,3,1,78.125,109
USER_002584,non_borrower,0,-1,0.0,102
USER_002585,responsible_borrower,4,0,122.0703125,107
USER_002586,non_borrower,0,-1,0.0,85
USER_002587,non_borrower,0,-1,0.0,106
USER_002588,non_borrower,0,-1,0.0,97
USER_002589,responsible_borrower,2,0,78.125,112
USER_002590,occasional_borrower,2,1,62.5,111
USER_002591,responsible_borrower,3,0,97.65625,114
USER_002592,occasional_borrower,1,1,50.0,88
USER_002593,occasional_borrower,1,0,62.5,112
USER_002594,responsible_borrower,3,1,78.125,98
USER_002595,occasional_borrower,1,0,62.5,91
USER_002596,non_borrower,0,-1,0.0,112
USER_002597,responsible_borrower,2,0,78.125,100
USER_002598,occasional_borrower,2,0,78.125,110
USER_002599,responsible_borrower,2,0,78.125,120
USER_002600,non_borrower,0,-1,0.0,102
USER_002601,non_borrower,0,-1,0.0,125
USER_002602,responsible_borrower,4,0,122.0703125,107
USER_002603,non_borrower,0,-1,0.0,94
USER_002604,risky_borrower,5,2,50.0,114
USER_002605,risky_borrower,1,2,50.0,129
USER_002606,non_borrower,0,-1,0.0,99
USER_002607,responsible_borrower,2,0,78.125,94
USER_002608,occasional_borrower,1,1,50.0,108
USER_002609,non_borrower,0,-1,0.0,97
USER_002610,risky_borrower,1,2,50.0,82
USER_002611,non_borrower,0,-1,0.0,91
USER_002612,non_borrower,0,-1,0.0,109
USER_002613,non_borrower,0,-1,0.0,92
USER_002614,responsible_borrower,2,0,78.125,106
USER_002615,non_borrower,0,-1,0.0,103
USER_002616,non_borrower,0,-1,0.0,89
USER_002617,responsible_borrower,4,0,122.0703125,131
USER_002618,non_borrower,0,-1,0.0,106
USER_002619,responsible_borrower,3,0,97.65625,110
USER_002620,responsible_borrower,3,1,62.5,110
USER_002621,non_borrower,0,-1,0.0,100
USER_002622,risky_borrower,4,1,50.0,113
USER_002623,occasional_borrower,2,1,62.5,104
USER_002624,responsible_borrower,4,0,122.0703125,102
USER_002625,responsible_borrower,4,1,78.125,111
USER_002626,non_borrower,0,-1,0.0,99
USER_002627,non_borrower,0,-1,0.0,109
USER_002628,non_borrower,0,-1,0.0,86
USER_002629,responsible_borrower,4,0,122.0703125,120
USER_002630,occasional_borrower,1,0,62.5,98
USER_002631,non_borrower,0,-1,0.0,99
USER_002632,non_borrower,0,-1,0.0,113
USER_002633,risky_borrower,5,2,50.0,106
USER_002634,responsible_borrower,2,0,78.125,109
USER_002635,non_borrower,0,-1,0.0,114
USER_002636,defaulter,1,2,50.0,104
USER_002637,occasional_borrower,2,1,62.5,97
USER_002638,responsible_borrower,4,1,97.65625,115
USER_002639,defaulter,1,2,50.0,93
USER_002640,responsible_borrower,3,0,97.65625,99
USER_002641,responsible_borrower,2,0,78.125,104
USER_002642,non_borrower,0,-1,0.0,87
USER_002643,non_borrower,0,-1,0.0,96
USER_002644,risky_borrower,4,2,50.0,104
USER_002645,responsible_borrower,4,0,122.0703125,107
USER_002646,responsible_borrower,3,0,97.65625,122
USER_002647,responsible_borrower,2,0,78.125,90
USER_002648,non_borrower,0,-1,0.0,95
USER_002649,non_borrower,0,-1,0.0,125
USER_002650,responsible_borrower,3,0,97.65625,107
USER_002651,responsible_borrower,3,0,97.65625,93
USER_002652,defaulter,1,2,50.0,123
USER_002653,non_borrower,0,-1,0.0,99
USER_002654,non_borrower,0,-1,0.0,96
USER_002655,responsible_borrower,2,0,78.125,97
USER_002656,responsible_borrower,4,0,122.0703125,105
USER_002657,non_borrower,0,-1,0.0,92
USER_002658,non_borrower,0,-1,0.0,85
USER_002659,non_borrower,0,-1,0.0,90
USER_002660,occasional_borrower,2,1,62.5,104
USER_002661,non_borrower,0,-1,0.0,95
USER_002662,non_borrower,0,-1,0.0,102
USER_002663,responsible_borrower,4,0,122.0703125,121
USER_002664,non_borrower,0,-1,0.0,98
USER_002665,non_borrower,0,-1,0.0,101
USER_002666,responsible_borrower,3,0,97.65625,117
USER_002667,non_borrower,0,-1,0.0,106
USER_002668,non_borrower,0,-1,0.0,84
USER_002669,non_borrower,0,-1,0.0,92
USER_002670,risky_borrower,6,1,50.0,104
USER_002671,non_borrower,0,-1,0.0,98
USER_002672,responsible_borrower,2,1,62.5,105
USER_002673,non_borrower,0,-1,0.0,101
USER_002674,non_borrower,0,-1,0.0,118
USER_002675,occasional_borrower,1,1,50.0,90
USER_002676,responsible_borrower,2,0,78.125,111
USER_002677,risky_borrower,5,1,50.0,127
USER_002678,responsible_borrower,4,0,122.0703125,110
USER_002679,occasional_borrower,1,0,62.5,98
USER_002680,non_borrower,0,-1,0.0,111
USER_002681,non_borrower,0,-1,0.0,112
USER_002682,non_borrower,0,-1,0.0,103
USER_002683,occasional_borrower,1,0,62.5,90
USER_002684,occasional_borrower,2,1,62.5,116
USER_002685,occasional_borrower,1,0,62.5,85
USER_002686,responsible_borrower,4,1,78.125,103
USER_002687,non_borrower,0,-1,0.0,99
USER_002688,occasional_borrower,1,0,62.5,115
USER_002689,responsible_borrower,2,0,78.125,96
USER_002690,responsible_borrower,4,1,97.65625,103
USER_002691,responsible_borrower,4,0,122.0703125,90
USER_002692,occasional_borrower,2,1,62.5,101
USER_002693,responsible_borrower,3,1,78.125,117
USER_002694,non_borrower,0,-1,0.0,96
USER_002695,responsible_borrower,2,0,78.125,111
USER_002696,responsible_borrower,4,0,122.0703125,113
USER_002697,non_borrower,0,-1,0.0,97
USER_002698,responsible_borrower,4,1,97.65625,105
USER_002699,occasional_borrower,1,0,62.5,89
USER_002700,non_borrower,0,-1,0.0,114
USER_002701,non_borrower,0,-1,0.0,98
USER_002702,non_borrower,0,-1,0.0,100
USER_002703,non_borrower,0,-1,0.0,104
USER_002704,responsible_borrower,2,1,62.5,114
USER_002705,non_borrower,0,-1,0.0,101
USER_002706,responsible_borrower,2,0,78.125,96
USER_002707,risky_borrower,3,2,50.0,91
USER_002708,responsible_borrower,3,0,97.65625,112
USER_002709,responsible_borrower,4,0,122.0703125,106
USER_002710,occasional_borrower,1,1,50.0,110
USER_002711,responsible_borrower,2,0,78.125,111
USER_002712,risky_borrower,4,1,50.0,99
USER_002713,responsible_borrower,2,1,62.5,104
USER_002714,responsible_borrower,4,0,122.0703125,102
USER_002715,non_borrower,0,-1,0.0,101
USER_002716,risky_borrower,2,2,50.0,106
USER_002717,non_borrower,0,-1,0.0,90
USER_002718,non_borrower,0,-1,0.0,101
USER_002719,occasional_borrower,1,0,62.5,99
USER_002720,non_borrower,0,-1,0.0,89
USER_002721,responsible_borrower,4,0,122.0703125,103
USER_002722,responsible_borrower,2,1,62.5,103
USER_002723,responsible_borrower,3,1,78.125,126
USER_002724,responsible_borrower,3,0,97.65625,125
USER_002725,responsible_borrower,4,0,122.0703125,107
USER_002726,non_borrower,0,-1,0.0,103
USER_002727,occasional_borrower,1,1,50.0,107
USER_002728,responsible_borrower,2,0,78.125,99
USER_002729,non_borrower,0,-1,0.0,98
USER_002730,non_borrower,0,-1,0.0,96
USER_002731,non_borrower,0,-1,0.0,108
USER_002732,non_borrower,0,-1,0.0,90
USER_002733,non_borrower,0,-1,0.0,91
USER_002734,non_borrower,0,-1,0.0,95
USER_002735,non_borrower,0,-1,0.0,91
USER_002736,responsible_borrower,3,0,97.65625,122
USER_002737,risky_borrower,6,1,50.0,134
USER_002738,responsible_borrower,2,0,78.125,119
USER_002739,non_borrower,0,-1,0.0,85
USER_002740,occasional_borrower,1,1,50.0,112
USER_002741,non_borrower,0,-1,0.0,104
USER_002742,responsible_borrower,4,0,122.0703125,123
USER_002743,responsible_borrower,2,0,78.125,115
USER_002744,non_borrower,0,-1,0.0,98
USER_002745,responsible_borrower,3,0,97.65625,100
USER_002746,non_borrower,0,-1,0.0,93
USER_002747,responsible_borrower,2,1,62.5,112
USER_002748,non_borrower,0,-1,0.0,82
USER_002749,occasional_borrower,1,0,62.5,114
USER_002750,responsible_borrower,3,0,97.65625,105
USER_002751,responsible_borrower,2,0,78.125,99
USER_002752,responsible_borrower,4,1,78.125,104
USER_002753,non_borrower,0,-1,0.0,97
USER_002754,non_borrower,0,-1,0.0,83
USER_002755,responsible_borrower,3,0,97.65625,91
USER_002756,occasional_borrower,2,1,62.5,101
USER_002757,responsible_borrower,2,0,78.125,102
USER_002758,responsible_borrower,3,0,97.65625,109
USER_002759,responsible_borrower,2,1,62.5,104
USER_002760,occasional_borrower,1,0,62.5,116
USER_002761,responsible_borrower,4,0,122.0703125,113
USER_002762,responsible_borrower,3,1,62.5,93
USER_002763,occasional_borrower,2,1,62.5,126
USER_002764,responsible_borrower,3,0,97.65625,108
USER_002765,responsible_borrower,2,0,78.125,97
USER_002766,responsible_borrower,3,1,78.125,109
USER_002767,non_borrower,0,-1,0.0,91
USER_002768,risky_borrower,4,2,50.0,110
USER_002769,non_borrower,0,-1,0.0,103
USER_002770,non_borrower,0,-1,0.0,99
USER_002771,non_borrower,0,-1,0.0,112
USER_002772,responsible_borrower,4,0,122.0703125,114
USER_002773,occasional_borrower,2,1,62.5,107
USER_002774,non_borrower,0,-1,0.0,115
USER_002775,non_borrower,0,-1,0.0,113
USER_002776,non_borrower,0,-1,0.0,99
USER_002777,responsible_borrower,3,0,97.65625,99
USER_002778,responsible_borrower,4,1,97.65625,100
USER_002779,non_borrower,0,-1,0.0,103
USER_002780,non_borrower,0,-1,0.0,89
USER_002781,non_borrower,0,-1,0.0,87
USER_002782,responsible_borrower,2,0,78.125,105
USER_002783,responsible_borrower,2,0,78.125,92
USER_002784,occasional_borrower,2,1,62.5,109
USER_002785,responsible_borrower,2,0,78.125,98
USER_002786,non_borrower,0,-1,0.0,116
USER_002787,responsible_borrower,4,1,97.65625,102
USER_002788,non_borrower,0,-1,0.0,106
USER_002789,non_borrower,0,-1,0.0,100
USER_002790,occasional_borrower,2,1,62.5,106
USER_002791,non_borrower,0,-1,0.0,105
USER_002792,non_borrower,0,-1,0.0,107
USER_002793,non_borrower,0,-1,0.0,97
USER_002794,occasional_borrower,2,0,78.125,103
USER_002795,responsible_borrower,4,0,122.0703125,118
USER_002796,occasional_borrower,1,1,50.0,100
USER_002797,non_borrower,0,-1,0.0,110
USER_002798,responsible_borrower,4,0,122.0703125,104
USER_002799,non_borrower,0,-1,0.0,93
USER_002800,non_borrower,0,-1,0.0,99
USER_002801,responsible_borrower,4,0,122.0703125,128
USER_002802,responsible_borrower,3,0,97.65625,112
USER_002803,non_borrower,0,-1,0.0,86
USER_002804,risky_borrower,6,1,50.0,90
USER_002805,risky_borrower,4,1,50.0,121
USER_002806,responsible_borrower,3,1,78.125,107
USER_002807,non_borrower,0,-1,0.0,104
USER_002808,non_borrower,0,-1,0.0,89
USER_002809,responsible_borrower,4,0,122.0703125,110
USER_002810,responsible_borrower,2,0,78.125,109
USER_002811,risky_borrower,4,1,50.0,119
USER_002812,responsible_borrower,4,0,122.0703125,100
USER_002813,non_borrower,0,-1,0.0,111
USER_002814,responsible_borrower,4,0,122.0703125,122
USER_002815,non_borrower,0,-1,0.0,111
USER_002816,non_borrower,0,-1,0.0,109
USER_002817,non_borrower,0,-1,0.0,100
USER_002818,risky_borrower,4,1,50.0,117
USER_002819,responsible_borrower,2,0,78.125,83
USER_002820,occasional_borrower,1,0,62.5,98
USER_002821,non_borrower,0,-1,0.0,109
USER_002822,responsible_borrower,2,1,62.5,90
USER_002823,defaulter,1,2,50.0,119
USER_002824,responsible_borrower,3,1,78.125,105
USER_002825,defaulter,1,2,50.0,92
USER_002826,responsible_borrower,4,0,122.0703125,95
USER_002827,risky_borrower,6,1,50.0,104
USER_002828,non_borrower,0,-1,0.0,100
USER_002829,non_borrower,0,-1,0.0,104
USER_002830,responsible_borrower,4,0,122.0703125,115
USER_002831,occasional_borrower,2,1,62.5,116
USER_002832,non_borrower,0,-1,0.0,116
USER_002833,non_borrower,0,-1,0.0,98
USER_002834,non_borrower,0,-1,0.0,98
USER_002835,non_borrower,0,-1,0.0,95
USER_002836,responsible_borrower,3,1,78.125,110
USER_002837,occasional_borrower,2,1,62.5,92
USER_002838,responsible_borrower,3,1,78.125,104
USER_002839,responsible_borrower,4,0,122.0703125,107
USER_002840,responsible_borrower,3,0,97.65625,114
USER_002841,responsible_borrower,4,0,122.0703125,103
USER_002842,occasional_borrower,2,0,78.125,91
USER_002843,non_borrower,0,-1,0.0,99
USER_002844,responsible_borrower,4,0,122.0703125,114
USER_002845,non_borrower,0,-1,0.0,111
USER_002846,non_borrower,0,-1,0.0,101
USER_002847,non_borrower,0,-1,0.0,118
USER_002848,occasional_borrower,1,1,50.0,107
USER_002849,non_borrower,0,-1,0.0,90
USER_002850,non_borrower,0,-1,0.0,111
USER_002851,occasional_borrower,2,1,62.5,96
USER_002852,non_borrower,0,-1,0.0,100
USER_002853,non_borrower,0,-1,0.0,97
USER_002854,responsible_borrower,3,0,97.65625,99
USER_002855,responsible_borrower,3,1,78.125,107
USER_002856,responsible_borrower,4,0,122.0703125,100
USER_002857,responsible_borrower,4,0,122.0703125,111
USER_002858,occasional_borrower,1,1,50.0,77
USER_002859,responsible_borrower,2,0,78.125,94
USER_002860,non_borrower,0,-1,0.0,99
USER_002861,occasional_borrower,2,1,50.0,109
USER_002862,occasional_borrower,1,0,62.5,120
USER_002863,non_borrower,0,-1,0.0,92
USER_002864,non_borrower,0,-1,0.0,107
USER_002865,non_borrower,0,-1,0.0,107
USER_002866,risky_borrower,5,1,50.0,110
USER_002867,occasional_borrower,1,1,50.0,107
USER_002868,occasional_borrower,1,0,62.5,79
USER_002869,responsible_borrower,2,0,78.125,94
USER_002870,responsible_borrower,3,0,97.65625,110
USER_002871,non_borrower,0,-1,0.0,101
USER_002872,responsible_borrower,2,0,78.125,100
USER_002873,occasional_borrower,1,1,50.0,103
USER_002874,non_borrower,0,-1,0.0,83
USER_002875,non_borrower,0,-1,0.0,90
USER_002876,non_borrower,0,-1,0.0,95
USER_002877,non_borrower,0,-1,0.0,94
USER_002878,responsible_borrower,2,0,78.125,98
USER_002879,occasional_borrower,2,1,62.5,98
USER_002880,non_borrower,0,-1,0.0,89
USER_002881,non_borrower,0,-1,0.0,96
USER_002882,non_borrower,0,-1,0.0,83
USER_002883,non_borrower,0,-1,0.0,91
USER_002884,non_borrower,0,-1,0.0,102
USER_002885,non_borrower,0,-1,0.0,88
USER_002886,risky_borrower,4,1,50.0,107
USER_002887,responsible_borrower,3,0,97.65625,105
USER_002888,responsible_borrower,4,0,122.0703125,100
USER_002889,responsible_borrower,2,0,78.125,109
USER_002890,occasional_borrower,2,1,62.5,115
USER_002891,responsible_borrower,3,0,97.65625,106
USER_002892,responsible_borrower,2,0,78.125,107
USER_002893,responsible_borrower,3,1,78.125,104
USER_002894,occasional_borrower,1,0,62.5,105
USER_002895,occasional_borrower,2,1,62.5,96
USER_002896,risky_borrower,1,2,50.0,94
USER_002897,non_borrower,0,-1,0.0,95
USER_002898,responsible_borrower,2,0,78.125,110
USER_002899,responsible_borrower,2,0,78.125,93
USER_002900,responsible_borrower,4,0,122.0703125,113
USER_002901,responsible_borrower,2,0,78.125,97
USER_002902,occasional_borrower,1,1,50.0,103
USER_002903,non_borrower,0,-1,0.0,132
USER_002904,non_borrower,0,-1,0.0,85
USER_002905,responsible_borrower,3,0,97.65625,110
USER_002906,responsible_borrower,4,1,97.65625,84
USER_002907,responsible_borrower,3,0,97.65625,102
USER_002908,responsible_borrower,3,1,78.125,102
USER_002909,non_borrower,0,-1,0.0,108
USER_002910,non_borrower,0,-1,0.0,123
USER_002911,responsible_borrower,4,1,97.65625,121
USER_002912,non_borrower,0,-1,0.0,105
USER_002913,non_borrower,0,-1,0.0,105
USER_002914,non_borrower,0,-1,0.0,115
USER_002915,occasional_borrower,2,0,78.125,108
USER_002916,non_borrower,0,-1,0.0,102
USER_002917,non_borrower,0,-1,0.0,87
USER_002918,responsible_borrower,2,0,78.125,109
USER_002919,occasional_borrower,1,0,62.5,117
USER_002920,non_borrower,0,-1,0.0,93
USER_002921,non_borrower,0,-1,0.0,102
USER_002922,non_borrower,0,-1,0.0,102
USER_002923,non_borrower,0,-1,0.0,104
USER_002924,responsible_borrower,2,0,78.125,98
USER_002925,non_borrower,0,-1,0.0,90
USER_002926,responsible_borrower,3,1,78.125,102
USER_002927,responsible_borrower,2,0,78.125,108
USER_002928,non_borrower,0,-1,0.0,110
USER_002929,responsible_borrower,3,1,78.125,111
USER_002930,responsible_borrower,4,0,122.0703125,111
USER_002931,responsible_borrower,4,1,97.65625,128
USER_002932,defaulter,1,2,50.0,89
USER_002933,responsible_borrower,2,0,78.125,103
USER_002934,risky_borrower,5,1,50.0,106
USER_002935,non_borrower,0,-1,0.0,84
USER_002936,risky_borrower,5,2,50.0,103
USER_002937,occasional_borrower,2,1,62.5,92
USER_002938,responsible_borrower,2,1,62.5,105
USER_002939,non_borrower,0,-1,0.0,88
USER_002940,non_borrower,0,-1,0.0,111
USER_002941,non_borrower,0,-1,0.0,109
USER_002942,responsible_borrower,3,0,97.65625,119
USER_002943,non_borrower,0,-1,0.0,103
USER_002944,non_borrower,0,-1,0.0,106
USER_002945,non_borrower,0,-1,0.0,108
USER_002946,occasional_borrower,2,1,62.5,107
USER_002947,responsible_borrower,4,0,122.0703125,114
USER_002948,responsible_borrower,3,1,78.125,117
USER_002949,non_borrower,0,-1,0.0,93
USER_002950,responsible_borrower,4,1,97.65625,126
USER_002951,occasional_borrower,2,1,50.0,112
USER_002952,occasional_borrower,1,0,62.5,94
USER_002953,risky_borrower,4,1,50.0,111
USER_002954,non_borrower,0,-1,0.0,102
USER_002955,non_borrower,0,-1,0.0,123
USER_002956,occasional_borrower,1,1,50.0,93
USER_002957,responsible_borrower,4,0,122.0703125,101
USER_002958,responsible_borrower,4,1,97.65625,103
USER_002959,non_borrower,0,-1,0.0,113
USER_002960,non_borrower,0,-1,0.0,97
USER_002961,occasional_borrower,1,0,62.5,91
USER_002962,responsible_borrower,2,0,78.125,108
USER_002963,occasional_borrower,1,0,62.5,91
USER_002964,non_borrower,0,-1,0.0,108
USER_002965,responsible_borrower,3,0,97.65625,106
USER_002966,responsible_borrower,3,0,97.65625,115
USER_002967,responsible_borrower,3,0,97.65625,108
USER_002968,occasional_borrower,2,0,78.125,109
USER_002969,occasional_borrower,1,0,62.5,108
USER_002970,non_borrower,0,-1,0.0,103
USER_002971,responsible_borrower,3,0,97.65625,98
USER_002972,responsible_borrower,4,1,78.125,100
USER_002973,responsible_borrower,3,1,62.5,112
USER_002974,non_borrower,0,-1,0.0,95
USER_002975,occasional_borrower,2,1,62.5,107
USER_002976,non_borrower,0,-1,0.0,83
USER_002977,non_borrower,0,-1,0.0,116
USER_002978,occasional_borrower,1,0,62.5,90
USER_002979,non_borrower,0,-1,0.0,102
USER_002980,non_borrower,0,-1,0.0,95
USER_002981,non_borrower,0,-1,0.0,107
USER_002982,responsible_borrower,4,0,122.0703125,99
USER_002983,occasional_borrower,1,2,50.0,103
USER_002984,non_borrower,0,-1,0.0,107
USER_002985,non_borrower,0,-1,0.0,107
USER_002986,non_borrower,0,-1,0.0,116
USER_002987,non_borrower,0,-1,0.0,105
USER_002988,responsible_borrower,2,0,78.125,79
USER_002989,occasional_borrower,1,1,50.0,83
USER_002990,non_borrower,0,-1,0.0,108
USER_002991,non_borrower,0,-1,0.0,107
USER_002992,non_borrower,0,-1,0.0,86
USER_002993,non_borrower,0,-1,0.0,95
USER_002994,risky_borrower,1,2,50.0,80
USER_002995,responsible_borrower,4,0,122.0703125,112
USER_002996,non_borrower,0,-1,0.0,88
USER_002997,occasional_borrower,2,1,62.5,94
USER_002998,non_borrower,0,-1,0.0,98
USER_002999,non_borrower,0,-1,0.0,108
USER_003000,non_borrower,0,-1,0.0,101
USER_003001,occasional_borrower,2,1,62.5,120
USER_003002,non_borrower,0,-1,0.0,107
USER_003003,responsible_borrower,4,0,122.0703125,103
USER_003004,responsible_borrower,2,0,78.125,97
USER_003005,risky_borrower,4,2,50.0,82
USER_003006,risky_borrower,6,1,50.0,122
USER_003007,non_borrower,0,-1,0.0,97
USER_003008,non_borrower,0,-1,0.0,89
USER_003009,responsible_borrower,2,0,78.125,106
USER_003010,non_borrower,0,-1,0.0,104
USER_003011,responsible_borrower,4,0,122.0703125,104
USER_003012,responsible_borrower,4,0,122.0703125,110
USER_003013,non_borrower,0,-1,0.0,86
USER_003014,responsible_borrower,2,0,78.125,104
USER_003015,non_borrower,0,-1,0.0,121
USER_003016,responsible_borrower,3,0,97.65625,100
USER_003017,occasional_borrower,2,1,62.5,97
USER_003018,non_borrower,0,-1,0.0,111
USER_003019,non_borrower,0,-1,0.0,81
USER_003020,non_borrower,0,-1,0.0,107
USER_003021,responsible_borrower,4,0,122.0703125,111
USER_003022,non_borrower,0,-1,0.0,111
USER_003023,non_borrower,0,-1,0.0,94
USER_003024,non_borrower,0,-1,0.0,112
USER_003025,occasional_borrower,1,0,62.5,97
USER_003026,responsible_borrower,3,0,97.65625,87
USER_003027,non_borrower,0,-1,0.0,117
USER_003028,occasional_borrower,1,0,62.5,102
USER_003029,responsible_borrower,2,0,78.125,93
USER_003030,non_borrower,0,-1,0.0,82
USER_003031,non_borrower,0,-1,0.0,116
USER_003032,non_borrower,0,-1,0.0,81
USER_003033,occasional_borrower,2,1,62.5,113
USER_003034,non_borrower,0,-1,0.0,97
USER_003035,occasional_borrower,1,0,62.5,99
USER_003036,occasional_borrower,2,1,50.0,98
USER_003037,occasional_borrower,2,1,62.5,115
USER_003038,occasional_borrower,1,0,62.5,104
USER_003039,responsible_borrower,2,0,78.125,98
USER_003040,non_borrower,0,-1,0.0,92
USER_003041,responsible_borrower,2,0,78.125,110
USER_003042,responsible_borrower,4,0,122.0703125,126
USER_003043,non_borrower,0,-1,0.0,88
USER_003044,occasional_borrower,1,0,62.5,98
USER_003045,non_borrower,0,-1,0.0,92
USER_003046,non_borrower,0,-1,0.0,114
USER_003047,occasional_borrower,1,1,50.0,107
USER_003048,non_borrower,0,-1,0.0,96
USER_003049,non_borrower,0,-1,0.0,91
USER_003050,occasional_borrower,1,0,62.5,80
USER_003051,responsible_borrower,3,0,97.65625,107
USER_003052,non_borrower,0,-1,0.0,106
USER_003053,responsible_borrower,4,0,122.0703125,118
USER_003054,non_borrower,0,-1,0.0,110
USER_003055,non_borrower,0,-1,0.0,102
USER_003056,risky_borrower,4,1,50.0,138
USER_003057,responsible_borrower,2,0,78.125,115
USER_003058,non_borrower,0,-1,0.0,105
USER_003059,non_borrower,0,-1,0.0,77
USER_003060,occasional_borrower,1,2,50.0,105
USER_003061,occasional_borrower,1,0,62.5,108
USER_003062,responsible_borrower,4,1,97.65625,99
USER_003063,non_borrower,0,-1,0.0,107
USER_003064,non_borrower,0,-1,0.0,88
USER_003065,defaulter,1,2,50.0,110
USER_003066,occasional_borrower,2,0,78.125,112
USER_003067,occasional_borrower,1,0,62.5,91
USER_003068,responsible_borrower,2,0,78.125,106
USER_003069,non_borrower,0,-1,0.0,104
USER_003070,risky_borrower,3,2,50.0,106
USER_003071,non_borrower,0,-1,0.0,104
USER_003072,occasional_borrower,2,1,62.5,89
USER_003073,responsible_borrower,4,0,122.0703125,109
USER_003074,non_borrower,0,-1,0.0,91
USER_003075,responsible_borrower,3,0,97.65625,109
USER_003076,responsible_borrower,4,0,122.0703125,104
USER_003077,responsible_borrower,4,0,122.0703125,120
USER_003078,responsible_borrower,2,0,78.125,98
USER_003079,responsible_borrower,3,0,97.65625,98
USER_003080,non_borrower,0,-1,0.0,118
USER_003081,responsible_borrower,2,0,78.125,97
USER_003082,risky_borrower,1,2,50.0,118
USER_003083,responsible_borrower,3,1,78.125,102
USER_003084,non_borrower,0,-1,0.0,94
USER_003085,responsible_borrower,4,1,97.65625,120
USER_003086,responsible_borrower,2,0,78.125,109
USER_003087,responsible_borrower,2,0,78.125,91
USER_003088,non_borrower,0,-1,0.0,101
USER_003089,non_borrower,0,-1,0.0,114
USER_003090,risky_borrower,4,1,50.0,100
USER_003091,responsible_borrower,4,0,122.0703125,110
USER_003092,responsible_borrower,4,0,122.0703125,112
USER_003093,occasional_borrower,1,0,62.5,116
USER_003094,non_borrower,0,-1,0.0,114
USER_003095,non_borrower,0,-1,0.0,88
USER_003096,responsible_borrower,4,0,122.0703125,103
USER_003097,occasional_borrower,2,1,62.5,104
USER_003098,occasional_borrower,1,0,62.5,97
USER_003099,responsible_borrower,4,0,122.0703125,111
USER_003100,responsible_borrower,2,0,78.125,112
USER_003101,responsible_borrower,3,0,97.65625,113
USER_003102,occasional_borrower,2,1,62.5,95
USER_003103,risky_borrower,4,1,50.0,95
USER_003104,responsible_borrower,2,0,78.125,98
USER_003105,risky_borrower,2,2,50.0,101
USER_003106,non_borrower,0,-1,0.0,105
USER_003107,occasional_borrower,1,0,62.5,81
USER_003108,responsible_borrower,2,0,78.125,97
USER_003109,non_borrower,0,-1,0.0,98
USER_003110,responsible_borrower,3,1,78.125,102
USER_003111,non_borrower,0,-1,0.0,99
USER_003112,responsible_borrower,3,0,97.65625,106
USER_003113,non_borrower,0,-1,0.0,108
USER_003114,non_borrower,0,-1,0.0,105
USER_003115,defaulter,1,2,50.0,109
USER_003116,responsible_borrower,3,1,78.125,95
USER_003117,occasional_borrower,2,1,62.5,103
USER_003118,non_borrower,0,-1,0.0,107
USER_003119,occasional_borrower,1,0,62.5,111
USER_003120,risky_borrower,3,2,50.0,100
USER_003121,responsible_borrower,2,0,78.125,91
USER_003122,non_borrower,0,-1,0.0,111
USER_003123,non_borrower,0,-1,0.0,100
USER_003124,non_borrower,0,-1,0.0,82
USER_003125,non_borrower,0,-1,0.0,104
USER_003126,occasional_borrower,2,1,62.5,105
USER_003127,occasional_borrower,1,1,50.0,101
USER_003128,non_borrower,0,-1,0.0,117
USER_003129,non_borrower,0,-1,0.0,112
USER_003130,responsible_borrower,4,0,122.0703125,103
USER_003131,non_borrower,0,-1,0.0,97
USER_003132,non_borrower,0,-1,0.0,107
USER_003133,responsible_borrower,3,0,97.65625,124
USER_003134,non_borrower,0,-1,0.0,93
USER_003135,occasional_borrower,1,0,62.5,105
USER_003136,responsible_borrower,4,0,122.0703125,107
USER_003137,responsible_borrower,3,0,97.65625,118
USER_003138,non_borrower,0,-1,0.0,93
USER_003139,non_borrower,0,-1,0.0,104
USER_003140,responsible_borrower,2,1,62.5,95
USER_003141,non_borrower,0,-1,0.0,95
USER_003142,responsible_borrower,2,0,78.125,118
USER_003143,responsible_borrower,3,0,97.65625,103
USER_003144,responsible_borrower,2,0,78.125,106
USER_003145,responsible_borrower,3,0,97.65625,117
USER_003146,responsible_borrower,2,0,78.125,101
USER_003147,non_borrower,0,-1,0.0,105
USER_003148,non_borrower,0,-1,0.0,99
USER_003149,responsible_borrower,4,0,122.0703125,104
USER_003150,non_borrower,0,-1,0.0,92
USER_003151,non_borrower,0,-1,0.0,102
USER_003152,responsible_borrower,2,0,78.125,114
USER_003153,responsible_borrower,3,1,78.125,105
USER_003154,responsible_borrower,3,1,78.125,113
USER_003155,responsible_borrower,2,0,78.125,87
USER_003156,non_borrower,0,-1,0.0,109
USER_003157,responsible_borrower,2,1,62.5,103
USER_003158,responsible_borrower,2,0,78.125,98
USER_003159,non_borrower,0,-1,0.0,100
USER_003160,responsible_borrower,4,1,97.65625,105
USER_003161,risky_borrower,1,2,50.0,92
USER_003162,occasional_borrower,2,1,62.5,101
USER_003163,risky_borrower,5,2,50.0,107
USER_003164,risky_borrower,5,1,50.0,103
USER_003165,non_borrower,0,-1,0.0,94
USER_003166,non_borrower,0,-1,0.0,102
USER_003167,non_borrower,0,-1,0.0,104
USER_003168,non_borrower,0,-1,0.0,106
USER_003169,non_borrower,0,-1,0.0,107
USER_003170,responsible_borrower,4,0,122.0703125,104
USER_003171,non_borrower,0,-1,0.0,104
USER_003172,responsible_borrower,2,1,62.5,116
USER_003173,non_borrower,0,-1,0.0,108
USER_003174,occasional_borrower,2,1,50.0,107
USER_003175,non_borrower,0,-1,0.0,121
USER_003176,responsible_borrower,3,0,97.65625,134
USER_003177,responsible_borrower,3,0,97.65625,105
USER_003178,non_borrower,0,-1,0.0,91
USER_003179,responsible_borrower,3,0,97.65625,92
USER_003180,responsible_borrower,2,0,78.125,96
USER_003181,non_borrower,0,-1,0.0,118
USER_003182,occasional_borrower,1,2,50.0,96
USER_003183,occasional_borrower,1,1,50.0,132
USER_003184,non_borrower,0,-1,0.0,98
USER_003185,non_borrower,0,-1,0.0,79
USER_003186,responsible_borrower,4,0,122.0703125,112
USER_003187,responsible_borrower,3,0,97.65625,102
USER_003188,non_borrower,0,-1,0.0,90
USER_003189,non_borrower,0,-1,0.0,99
USER_003190,non_borrower,0,-1,0.0,96
USER_003191,responsible_borrower,3,0,97.65625,109
USER_003192,responsible_borrower,4,0,122.0703125,96
USER_003193,responsible_borrower,4,1,97.65625,120
USER_003194,non_borrower,0,-1,0.0,106
USER_003195,non_borrower,0,-1,0.0,102
USER_003196,non_borrower,0,-1,0.0,119
USER_003197,responsible_borrower,3,0,97.65625,92
USER_003198,risky_borrower,5,1,50.0,100
USER_003199,risky_borrower,5,1,50.0,97
USER_003200,responsible_borrower,2,1,62.5,80
USER_003201,occasional_borrower,2,1,50.0,95
USER_003202,occasional_borrower,2,1,62.5,109
USER_003203,non_borrower,0,-1,0.0,93
USER_003204,non_borrower,0,-1,0.0,112
USER_003205,defaulter,1,2,50.0,106
USER_003206,occasional_borrower,2,0,78.125,110
USER_003207,responsible_borrower,4,0,122.0703125,103
USER_003208,non_borrower,0,-1,0.0,101
USER_003209,responsible_borrower,2,1,62.5,105
USER_003210,non_borrower,0,-1,0.0,101
USER_003211,non_borrower,0,-1,0.0,96
USER_003212,non_borrower,0,-1,0.0,97
USER_003213,responsible_borrower,3,0,97.65625,102
USER_003214,non_borrower,0,-1,0.0,99
USER_003215,responsible_borrower,4,1,97.65625,115
USER_003216,occasional_borrower,1,1,50.0,98
USER_003217,non_borrower,0,-1,0.0,90
USER_003218,occasional_borrower,2,1,50.0,113
USER_003219,responsible_borrower,4,0,122.0703125,103
USER_003220,responsible_borrower,4,0,122.0703125,112
USER_003221,risky_borrower,2,2,50.0,108
USER_003222,responsible_borrower,2,0,78.125,88
USER_003223,non_borrower,0,-1,0.0,110
USER_003224,risky_borrower,1,2,50.0,104
USER_003225,non_borrower,0,-1,0.0,96
USER_003226,occasional_borrower,2,1,62.5,93
USER_003227,non_borrower,0,-1,0.0,92
USER_003228,occasional_borrower,2,0,78.125,95
USER_003229,responsible_borrower,3,0,97.65625,107
USER_003230,non_borrower,0,-1,0.0,109
USER_003231,responsible_borrower,4,0,122.0703125,105
USER_003232,responsible_borrower,4,1,78.125,112
USER_003233,occasional_borrower,1,0,62.5,97
USER_003234,responsible_borrower,3,0,97.65625,102
USER_003235,responsible_borrower,3,1,78.125,105
USER_003236,non_borrower,0,-1,0.0,98
USER_003237,non_borrower,0,-1,0.0,96
USER_003238,non_borrower,0,-1,0.0,111
USER_003239,non_borrower,0,-1,0.0,105
USER_003240,occasional_borrower,1,1,50.0,95
USER_003241,responsible_borrower,4,1,97.65625,115
USER_003242,non_borrower,0,-1,0.0,92
USER_003243,risky_borrower,6,1,50.0,100
USER_003244,responsible_borrower,3,0,97.65625,98
USER_003245,responsible_borrower,4,1,97.65625,96
USER_003246,occasional_borrower,2,0,78.125,107
USER_003247,non_borrower,0,-1,0.0,91
USER_003248,non_borrower,0,-1,0.0,111
USER_003249,responsible_borrower,2,0,78.125,118
USER_003250,non_borrower,0,-1,0.0,96
USER_003251,responsible_borrower,4,0,122.0703125,126
USER_003252,occasional_borrower,2,1,50.0,108
USER_003253,non_borrower,0,-1,0.0,111
USER_003254,non_borrower,0,-1,0.0,88
USER_003255,non_borrower,0,-1,0.0,98
USER_003256,non_borrower,0,-1,0.0,100
USER_003257,non_borrower,0,-1,0.0,94
USER_003258,occasional_borrower,1,0,62.5,100
USER_003259,responsible_borrower,4,1,97.65625,89
USER_003260,non_borrower,0,-1,0.0,68
USER_003261,non_borrower,0,-1,0.0,97
USER_003262,occasional_borrower,1,1,50.0,108
USER_003263,non_borrower,0,-1,0.0,114
USER_003264,risky_borrower,6,1,50.0,131
USER_003265,responsible_borrower,4,1,97.65625,110
USER_003266,responsible_borrower,3,1,78.125,109
USER_003267,non_borrower,0,-1,0.0,102
USER_003268,occasional_borrower,1,0,62.5,102
USER_003269,responsible_borrower,4,1,97.65625,112
USER_003270,non_borrower,0,-1,0.0,103
USER_003271,occasional_borrower,2,0,78.125,91
USER_003272,responsible_borrower,3,1,78.125,115
USER_003273,non_borrower,0,-1,0.0,115
USER_003274,responsible_borrower,2,0,78.125,118
USER_003275,occasional_borrower,1,1,50.0,97
USER_003276,responsible_borrower,2,0,78.125,101
USER_003277,non_borrower,0,-1,0.0,88
USER_003278,occasional_borrower,1,1,50.0,101
USER_003279,responsible_borrower,2,0,78.125,111
USER_003280,responsible_borrower,2,0,78.125,122
USER_003281,responsible_borrower,2,0,78.125,109
USER_003282,non_borrower,0,-1,0.0,100
USER_003283,non_borrower,0,-1,0.0,98
USER_003284,non_borrower,0,-1,0.0,110
USER_003285,responsible_borrower,3,0,97.65625,106
USER_003286,responsible_borrower,3,0,97.65625,95
USER_003287,non_borrower,0,-1,0.0,112
USER_003288,risky_borrower,5,1,50.0,99
USER_003289,non_borrower,0,-1,0.0,104
USER_003290,occasional_borrower,1,0,62.5,113
USER_003291,occasional_borrower,2,0,78.125,112
USER_003292,occasional_borrower,1,0,62.5,102
USER_003293,non_borrower,0,-1,0.0,102
USER_003294,non_borrower,0,-1,0.0,99
USER_003295,risky_borrower,5,2,50.0,107
USER_003296,risky_borrower,3,2,50.0,101
USER_003297,non_borrower,0,-1,0.0,103
USER_003298,responsible_borrower,2,0,78.125,100
USER_003299,non_borrower,0,-1,0.0,88
USER_003300,risky_borrower,6,2,50.0,118
USER_003301,responsible_borrower,2,0,78.125,98
USER_003302,non_borrower,0,-1,0.0,98
USER_003303,occasional_borrower,2,1,50.0,111
USER_003304,non_borrower,0,-1,0.0,113
USER_003305,non_borrower,0,-1,0.0,96
USER_003306,responsible_borrower,2,1,62.5,106
USER_003307,occasional_borrower,1,0,62.5,116
USER_003308,non_borrower,0,-1,0.0,97
USER_003309,responsible_borrower,2,0,78.125,114
USER_003310,non_borrower,0,-1,0.0,87
USER_003311,responsible_borrower,2,1,62.5,106
USER_003312,risky_borrower,6,1,50.0,106
USER_003313,non_borrower,0,-1,0.0,93
USER_003314,non_borrower,0,-1,0.0,86
USER_003315,responsible_borrower,4,0,122.0703125,120
USER_003316,responsible_borrower,4,0,122.0703125,97
USER_003317,responsible_borrower,2,0,78.125,105
USER_003318,non_borrower,0,-1,0.0,101
USER_003319,responsible_borrower,2,1,62.5,114
USER_003320,occasional_borrower,1,0,62.5,101
USER_003321,responsible_borrower,4,0,122.0703125,105
USER_003322,non_borrower,0,-1,0.0,111
USER_003323,non_borrower,0,-1,0.0,101
USER_003324,non_borrower,0,-1,0.0,97
USER_003325,responsible_borrower,2,0,78.125,82
USER_003326,non_borrower,0,-1,0.0,103
USER_003327,responsible_borrower,4,1,97.65625,99
USER_003328,non_borrower,0,-1,0.0,98
USER_003329,defaulter,1,2,50.0,99
USER_003330,non_borrower,0,-1,0.0,121
USER_003331,non_borrower,0,-1,0.0,107
USER_003332,defaulter,1,2,50.0,88
USER_003333,occasional_borrower,2,1,62.5,107
USER_003334,responsible_borrower,4,0,122.0703125,99
USER_003335,non_borrower,0,-1,0.0,107
USER_003336,responsible_borrower,4,0,122.0703125,110
USER_003337,defaulter,1,2,50.0,94
USER_003338,non_borrower,0,-1,0.0,116
USER_003339,responsible_borrower,4,0,122.0703125,105
USER_003340,non_borrower,0,-1,0.0,107
USER_003341,responsible_borrower,4,0,122.0703125,115
USER_003342,responsible_borrower,3,1,62.5,124
USER_003343,responsible_borrower,2,0,78.125,113
USER_003344,non_borrower,0,-1,0.0,88
USER_003345,non_borrower,0,-1,0.0,111
USER_003346,responsible_borrower,4,0,122.0703125,103
USER_003347,responsible_borrower,2,0,78.125,93
USER_003348,non_borrower,0,-1,0.0,93
USER_003349,responsible_borrower,4,0,122.0703125,87
USER_003350,risky_borrower,4,1,50.0,115
USER_003351,responsible_borrower,2,0,78.125,87
USER_003352,responsible_borrower,4,1,97.65625,103
USER_003353,non_borrower,0,-1,0.0,90
USER_003354,non_borrower,0,-1,0.0,112
USER_003355,non_borrower,0,-1,0.0,106
USER_003356,occasional_borrower,1,2,50.0,96
USER_003357,non_borrower,0,-1,0.0,106
USER_003358,responsible_borrower,2,1,62.5,108
USER_003359,responsible_borrower,4,0,122.0703125,111
USER_003360,defaulter,1,2,50.0,93
USER_003361,non_borrower,0,-1,0.0,83
USER_003362,non_borrower,0,-1,0.0,97
USER_003363,risky_borrower,6,1,50.0,113
USER_003364,responsible_borrower,2,0,78.125,96
USER_003365,occasional_borrower,1,0,62.5,90
USER_003366,non_borrower,0,-1,0.0,109
USER_003367,responsible_borrower,3,0,97.65625,112
USER_003368,non_borrower,0,-1,0.0,108
USER_003369,non_borrower,0,-1,0.0,105
USER_003370,responsible_borrower,3,0,97.65625,103
USER_003371,non_borrower,0,-1,0.0,100
USER_003372,non_borrower,0,-1,0.0,106
USER_003373,defaulter,1,2,50.0,95
USER_003374,occasional_borrower,1,1,50.0,109
USER_003375,occasional_borrower,1,0,62.5,106
USER_003376,non_borrower,0,-1,0.0,94
USER_003377,responsible_borrower,4,1,97.65625,119
USER_003378,non_borrower,0,-1,0.0,101
USER_003379,non_borrower,0,-1,0.0,86
USER_003380,non_borrower,0,-1,0.0,101
USER_003381,responsible_borrower,3,0,97.65625,100
USER_003382,responsible_borrower,3,1,78.125,120
USER_003383,responsible_borrower,3,0,97.65625,99
USER_003384,non_borrower,0,-1,0.0,87
USER_003385,non_borrower,0,-1,0.0,97
USER_003386,responsible_borrower,4,0,122.0703125,104
USER_003387,non_borrower,0,-1,0.0,120
USER_003388,occasional_borrower,2,1,62.5,116
USER_003389,non_borrower,0,-1,0.0,93
USER_003390,defaulter,1,2,50.0,94
USER_003391,responsible_borrower,4,0,122.0703125,131
USER_003392,non_borrower,0,-1,0.0,74
USER_003393,non_borrower,0,-1,0.0,108
USER_003394,risky_borrower,1,2,50.0,106
USER_003395,responsible_borrower,2,0,78.125,112
USER_003396,responsible_borrower,4,0,122.0703125,96
USER_003397,responsible_borrower,3,0,97.65625,107
USER_003398,responsible_borrower,3,0,97.65625,103
USER_003399,non_borrower,0,-1,0.0,95
USER_003400,occasional_borrower,1,0,62.5,112
USER_003401,responsible_borrower,4,0,122.0703125,113
USER_003402,occasional_borrower,2,1,62.5,104
USER_003403,responsible_borrower,2,0,78.125,92
USER_003404,defaulter,1,2,50.0,96
USER_003405,non_borrower,0,-1,0.0,92
USER_003406,non_borrower,0,-1,0.0,101
USER_003407,non_borrower,0,-1,0.0,105
USER_003408,risky_borrower,2,2,50.0,108
USER_003409,responsible_borrower,2,1,62.5,99
USER_003410,risky_borrower,6,1,50.0,112
USER_003411,responsible_borrower,4,0,122.0703125,115
USER_003412,responsible_borrower,3,0,97.65625,109
USER_003413,non_borrower,0,-1,0.0,113
USER_003414,occasional_borrower,1,1,50.0,98
USER_003415,non_borrower,0,-1,0.0,94
USER_003416,risky_borrower,2,2,50.0,103
USER_003417,risky_borrower,2,2,50.0,90
USER_003418,responsible_borrower,2,0,78.125,124
USER_003419,occasional_borrower,1,1,50.0,88
USER_003420,occasional_borrower,2,1,62.5,102
USER_003421,responsible_borrower,3,0,97.65625,97
USER_003422,non_borrower,0,-1,0.0,118
USER_003423,non_borrower,0,-1,0.0,95
USER_003424,non_borrower,0,-1,0.0,90
USER_003425,responsible_borrower,4,0,122.0703125,117
USER_003426,responsible_borrower,2,0,78.125,120
USER_003427,occasional_borrower,2,1,50.0,95
USER_003428,responsible_borrower,2,0,78.125,85
USER_003429,non_borrower,0,-1,0.0,98
USER_003430,non_borrower,0,-1,0.0,97
USER_003431,responsible_borrower,2,0,78.125,93
USER_003432,responsible_borrower,3,1,78.125,94
USER_003433,occasional_borrower,1,1,50.0,121
USER_003434,non_borrower,0,-1,0.0,126
USER_003435,non_borrower,0,-1,0.0,100
USER_003436,non_borrower,0,-1,0.0,105
USER_003437,non_borrower,0,-1,0.0,92
USER_003438,non_borrower,0,-1,0.0,105
USER_003439,occasional_borrower,2,1,62.5,98
USER_003440,risky_borrower,4,1,50.0,102
USER_003441,responsible_borrower,4,0,122.0703125,109
USER_003442,non_borrower,0,-1,0.0,118
USER_003443,non_borrower,0,-1,0.0,94
USER_003444,occasional_borrower,1,1,50.0,100
USER_003445,non_borrower,0,-1,0.0,109
USER_003446,non_borrower,0,-1,0.0,115
USER_003447,responsible_borrower,2,0,78.125,93
USER_003448,occasional_borrower,1,0,62.5,109
USER_003449,occasional_borrower,1,1,50.0,99
USER_003450,occasional_borrower,2,0,78.125,116
USER_003451,non_borrower,0,-1,0.0,133
USER_003452,non_borrower,0,-1,0.0,116
USER_003453,non_borrower,0,-1,0.0,102
USER_003454,responsible_borrower,3,0,97.65625,114
USER_003455,defaulter,1,2,50.0,103
USER_003456,occasional_borrower,1,0,62.5,110
USER_003457,responsible_borrower,4,0,122.0703125,79
USER_003458,occasional_borrower,2,1,62.5,79
USER_003459,responsible_borrower,3,0,97.65625,108
USER_003460,non_borrower,0,-1,0.0,100
USER_003461,non_borrower,0,-1,0.0,89
USER_003462,occasional_borrower,1,0,62.5,88
USER_003463,occasional_borrower,2,1,62.5,116
USER_003464,risky_borrower,3,2,50.0,103
USER_003465,occasional_borrower,1,1,50.0,99
USER_003466,responsible_borrower,2,0,78.125,82
USER_003467,non_borrower,0,-1,0.0,86
USER_003468,responsible_borrower,3,0,97.65625,109
USER_003469,occasional_borrower,1,0,62.5,100
USER_003470,occasional_borrower,1,0,62.5,100
USER_003471,responsible_borrower,2,0,78.125,86
USER_003472,responsible_borrower,3,0,97.65625,109
USER_003473,non_borrower,0,-1,0.0,104
USER_003474,non_borrower,0,-1,0.0,87
USER_003475,occasional_borrower,2,1,62.5,90
USER_003476,non_borrower,0,-1,0.0,114
USER_003477,responsible_borrower,4,1,97.65625,100
USER_003478,non_borrower,0,-1,0.0,96
USER_003479,responsible_borrower,3,0,97.65625,121
USER_003480,non_borrower,0,-1,0.0,101
USER_003481,responsible_borrower,3,1,78.125,119
USER_003482,responsible_borrower,3,1,78.125,116
USER_003483,responsible_borrower,2,0,78.125,104
USER_003484,occasional_borrower,2,1,50.0,103
USER_003485,non_borrower,0,-1,0.0,112
USER_003486,occasional_borrower,2,1,50.0,103
USER_003487,non_borrower,0,-1,0.0,110
USER_003488,non_borrower,0,-1,0.0,91
USER_003489,responsible_borrower,3,0,97.65625,102
USER_003490,non_borrower,0,-1,0.0,100
USER_003491,non_borrower,0,-1,0.0,94
USER_003492,risky_borrower,1,2,50.0,110
USER_003493,responsible_borrower,4,0,122.0703125,88
USER_003494,occasional_borrower,2,0,78.125,104
USER_003495,responsible_borrower,4,0,122.0703125,110
USER_003496,non_borrower,0,-1,0.0,90
USER_003497,responsible_borrower,3,1,62.5,97
USER_003498,non_borrower,0,-1,0.0,126
USER_003499,defaulter,1,2,50.0,97
USER_003500,non_borrower,0,-1,0.0,95
USER_003501,non_borrower,0,-1,0.0,98
USER_003502,risky_borrower,4,1,50.0,91
USER_003503,non_borrower,0,-1,0.0,106
USER_003504,responsible_borrower,3,0,97.65625,115
USER_003505,non_borrower,0,-1,0.0,103
USER_003506,responsible_borrower,3,1,62.5,107
USER_003507,non_borrower,0,-1,0.0,99
USER_003508,non_borrower,0,-1,0.0,95
USER_003509,non_borrower,0,-1,0.0,120
USER_003510,non_borrower,0,-1,0.0,93
USER_003511,non_borrower,0,-1,0.0,110
USER_003512,responsible_borrower,3,0,97.65625,92
USER_003513,occasional_borrower,2,1,62.5,104
USER_003514,non_borrower,0,-1,0.0,101
USER_003515,non_borrower,0,-1,0.0,86
USER_003516,risky_borrower,3,2,50.0,95
USER_003517,non_borrower,0,-1,0.0,123
USER_003518,occasional_borrower,2,0,78.125,81
USER_003519,responsible_borrower,4,0,122.0703125,115
USER_003520,non_borrower,0,-1,0.0,104
USER_003521,responsible_borrower,2,0,78.125,108
USER_003522,responsible_borrower,3,0,97.65625,107
USER_003523,occasional_borrower,1,1,50.0,99
USER_003524,responsible_borrower,2,0,78.125,106
USER_003525,responsible_borrower,2,0,78.125,101
USER_003526,non_borrower,0,-1,0.0,93
USER_003527,non_borrower,0,-1,0.0,101
USER_003528,occasional_borrower,2,1,50.0,99
USER_003529,responsible_borrower,2,0,78.125,90
USER_003530,responsible_borrower,3,1,62.5,95
USER_003531,non_borrower,0,-1,0.0,105
USER_003532,responsible_borrower,2,0,78.125,101
USER_003533,responsible_borrower,2,0,78.125,87
USER_003534,occasional_borrower,1,1,50.0,94
USER_003535,occasional_borrower,1,0,62.5,115
USER_003536,responsible_borrower,4,0,122.0703125,116
USER_003537,non_borrower,0,-1,0.0,105
USER_003538,occasional_borrower,1,0,62.5,118
USER_003539,occasional_borrower,1,0,62.5,104
USER_003540,occasional_borrower,1,1,50.0,110
USER_003541,responsible_borrower,3,1,78.125,123
USER_003542,non_borrower,0,-1,0.0,100
USER_003543,non_borrower,0,-1,0.0,94
USER_003544,non_borrower,0,-1,0.0,89
USER_003545,occasional_borrower,1,0,62.5,108
USER_003546,responsible_borrower,3,0,97.65625,98
USER_003547,responsible_borrower,2,0,78.125,93
USER_003548,non_borrower,0,-1,0.0,108
USER_003549,occasional_borrower,2,1,50.0,92
USER_003550,risky_borrower,3,2,50.0,102
USER_003551,defaulter,1,2,50.0,107
USER_003552,non_borrower,0,-1,0.0,121
USER_003553,responsible_borrower,3,0,97.65625,95
USER_003554,non_borrower,0,-1,0.0,102
USER_003555,risky_borrower,5,2,50.0,101
USER_003556,risky_borrower,5,1,50.0,118
USER_003557,non_borrower,0,-1,0.0,95
USER_003558,responsible_borrower,3,1,78.125,116
USER_003559,non_borrower,0,-1,0.0,104
USER_003560,responsible_borrower,2,1,50.0,118
USER_003561,non_borrower,0,-1,0.0,115
USER_003562,non_borrower,0,-1,0.0,82
USER_003563,non_borrower,0,-1,0.0,100
USER_003564,non_borrower,0,-1,0.0,107
USER_003565,responsible_borrower,2,0,78.125,95
USER_003566,responsible_borrower,2,1,62.5,113
USER_003567,non_borrower,0,-1,0.0,93
USER_003568,occasional_borrower,2,0,78.125,102
USER_003569,risky_borrower,4,1,50.0,110
USER_003570,defaulter,1,2,50.0,108
USER_003571,non_borrower,0,-1,0.0,113
USER_003572,non_borrower,0,-1,0.0,113
USER_003573,non_borrower,0,-1,0.0,83
USER_003574,responsible_borrower,3,0,97.65625,120
USER_003575,occasional_borrower,2,0,78.125,92
USER_003576,risky_borrower,5,1,50.0,99
USER_003577,defaulter,1,2,50.0,88
USER_003578,non_borrower,0,-1,0.0,109
USER_003579,responsible_borrower,3,0,97.65625,99
USER_003580,risky_borrower,5,1,50.0,112
USER_003581,responsible_borrower,3,0,97.65625,89
USER_003582,occasional_borrower,2,0,78.125,76
USER_003583,responsible_borrower,3,0,97.65625,95
USER_003584,non_borrower,0,-1,0.0,91
USER_003585,responsible_borrower,3,0,97.65625,83
USER_003586,risky_borrower,4,1,50.0,120
USER_003587,responsible_borrower,2,0,78.125,98
USER_003588,non_borrower,0,-1,0.0,102
USER_003589,responsible_borrower,3,0,97.65625,95
USER_003590,responsible_borrower,4,1,78.125,120
USER_003591,responsible_borrower,2,0,78.125,118
USER_003592,responsible_borrower,2,0,78.125,92
USER_003593,responsible_borrower,2,0,78.125,111
USER_003594,non_borrower,0,-1,0.0,95
USER_003595,non_borrower,0,-1,0.0,85
USER_003596,non_borrower,0,-1,0.0,88
USER_003597,responsible_borrower,4,0,122.0703125,92
USER_003598,occasional_borrower,2,0,78.125,111
USER_003599,non_borrower,0,-1,0.0,101
USER_003600,non_borrower,0,-1,0.0,88
USER_003601,responsible_borrower,2,0,78.125,96
USER_003602,risky_borrower,4,1,50.0,118
USER_003603,responsible_borrower,2,1,62.5,106
USER_003604,responsible_borrower,4,0,122.0703125,115
USER_003605,non_borrower,0,-1,0.0,113
USER_003606,defaulter,1,2,50.0,111
USER_003607,occasional_borrower,1,1,50.0,86
USER_003608,responsible_borrower,3,0,97.65625,102
USER_003609,occasional_borrower,2,1,62.5,94
USER_003610,responsible_borrower,3,0,97.65625,109
USER_003611,non_borrower,0,-1,0.0,111
USER_003612,non_borrower,0,-1,0.0,97
USER_003613,occasional_borrower,1,0,62.5,125
USER_003614,non_borrower,0,-1,0.0,97
USER_003615,non_borrower,0,-1,0.0,116
USER_003616,responsible_borrower,4,0,122.0703125,122
USER_003617,responsible_borrower,3,0,97.65625,104
USER_003618,occasional_borrower,2,1,62.5,105
USER_003619,non_borrower,0,-1,0.0,99
USER_003620,non_borrower,0,-1,0.0,109
USER_003621,responsible_borrower,3,1,78.125,98
USER_003622,non_borrower,0,-1,0.0,106
USER_003623,risky_borrower,4,1,50.0,108
USER_003624,non_borrower,0,-1,0.0,95
USER_003625,responsible_borrower,3,0,97.65625,97
USER_003626,non_borrower,0,-1,0.0,104
USER_003627,non_borrower,0,-1,0.0,102
USER_003628,non_borrower,0,-1,0.0,98
USER_003629,non_borrower,0,-1,0.0,102
USER_003630,non_borrower,0,-1,0.0,103
USER_003631,non_borrower,0,-1,0.0,91
USER_003632,defaulter,1,2,50.0,102
USER_003633,non_borrower,0,-1,0.0,106
USER_003634,risky_borrower,5,1,50.0,98
USER_003635,responsible_borrower,3,0,97.65625,102
USER_003636,non_borrower,0,-1,0.0,113
USER_003637,responsible_borrower,3,1,78.125,108
USER_003638,responsible_borrower,3,0,97.65625,95
USER_003639,responsible_borrower,3,0,97.65625,114
USER_003640,non_borrower,0,-1,0.0,98
USER_003641,responsible_borrower,2,1,62.5,86
USER_003642,occasional_borrower,1,0,62.5,110
USER_003643,responsible_borrower,3,0,97.65625,115
USER_003644,risky_borrower,6,1,50.0,94
USER_003645,non_borrower,0,-1,0.0,96
USER_003646,non_borrower,0,-1,0.0,94
USER_003647,occasional_borrower,2,0,78.125,93
USER_003648,responsible_borrower,4,1,97.65625,118
USER_003649,responsible_borrower,4,0,122.0703125,121
USER_003650,non_borrower,0,-1,0.0,95
USER_003651,occasional_borrower,1,0,62.5,106
USER_003652,occasional_borrower,1,1,50.0,98
USER_003653,responsible_borrower,3,0,97.65625,112
USER_003654,responsible_borrower,2,1,62.5,108
USER_003655,responsible_borrower,3,1,78.125,112
USER_003656,non_borrower,0,-1,0.0,88
USER_003657,non_borrower,0,-1,0.0,110
USER_003658,responsible_borrower,2,0,78.125,105
USER_003659,risky_borrower,4,1,50.0,109
USER_003660,non_borrower,0,-1,0.0,109
USER_003661,non_borrower,0,-1,0.0,105
USER_003662,non_borrower,0,-1,0.0,102
USER_003663,non_borrower,0,-1,0.0,107
USER_003664,non_borrower,0,-1,0.0,119
USER_003665,non_borrower,0,-1,0.0,104
USER_003666,non_borrower,0,-1,0.0,84
USER_003667,risky_borrower,5,1,50.0,102
USER_003668,non_borrower,0,-1,0.0,102
USER_003669,responsible_borrower,2,1,62.5,105
USER_003670,responsible_borrower,3,1,78.125,105
USER_003671,responsible_borrower,2,1,62.5,103
USER_003672,non_borrower,0,-1,0.0,100
USER_003673,responsible_borrower,2,0,78.125,107
USER_003674,non_borrower,0,-1,0.0,100
USER_003675,non_borrower,0,-1,0.0,91
USER_003676,non_borrower,0,-1,0.0,92
USER_003677,non_borrower,0,-1,0.0,86
USER_003678,non_borrower,0,-1,0.0,100
USER_003679,responsible_borrower,3,0,97.65625,104
USER_003680,responsible_borrower,3,0,97.65625,88
USER_003681,non_borrower,0,-1,0.0,99
USER_003682,non_borrower,0,-1,0.0,97
USER_003683,risky_borrower,2,2,50.0,74
USER_003684,occasional_borrower,1,0,62.5,114
USER_003685,non_borrower,0,-1,0.0,111
USER_003686,responsible_borrower,2,0,78.125,95
USER_003687,responsible_borrower,4,0,122.0703125,102
USER_003688,non_borrower,0,-1,0.0,103
USER_003689,non_borrower,0,-1,0.0,100
USER_003690,occasional_borrower,2,1,50.0,105
USER_003691,non_borrower,0,-1,0.0,90
USER_003692,occasional_borrower,2,1,62.5,96
USER_003693,non_borrower,0,-1,0.0,84
USER_003694,occasional_borrower,2,1,50.0,89
USER_003695,responsible_borrower,2,0,78.125,102
USER_003696,non_borrower,0,-1,0.0,98
USER_003697,occasional_borrower,2,1,62.5,111
USER_003698,responsible_borrower,3,0,97.65625,102
USER_003699,responsible_borrower,4,1,97.65625,111
USER_003700,responsible_borrower,3,0,97.65625,110
USER_003701,non_borrower,0,-1,0.0,85
USER_003702,non_borrower,0,-1,0.0,103
USER_003703,responsible_borrower,4,0,122.0703125,119
USER_003704,responsible_borrower,3,1,78.125,82
USER_003705,responsible_borrower,4,0,122.0703125,108
USER_003706,defaulter,1,2,50.0,101
USER_003707,occasional_borrower,1,0,62.5,111
USER_003708,occasional_borrower,2,1,62.5,109
USER_003709,responsible_borrower,3,0,97.65625,113
USER_003710,responsible_borrower,2,0,78.125,122
USER_003711,responsible_borrower,3,0,97.65625,104
USER_003712,responsible_borrower,2,0,78.125,94
USER_003713,risky_borrower,4,1,50.0,119
USER_003714,responsible_borrower,3,0,97.65625,95
USER_003715,responsible_borrower,2,0,78.125,94
USER_003716,responsible_borrower,3,0,97.65625,109
USER_003717,responsible_borrower,3,0,97.65625,101
USER_003718,non_borrower,0,-1,0.0,94
USER_003719,non_borrower,0,-1,0.0,114
USER_003720,responsible_borrower,2,0,78.125,109
USER_003721,responsible_borrower,3,0,97.65625,104
USER_003722,occasional_borrower,2,1,62.5,105
USER_003723,occasional_borrower,1,1,50.0,95
USER_003724,non_borrower,0,-1,0.0,100
USER_003725,responsible_borrower,2,0,78.125,105
USER_003726,non_borrower,0,-1,0.0,99
USER_003727,responsible_borrower,4,0,122.0703125,101
USER_003728,responsible_borrower,3,1,62.5,114
USER_003729,occasional_borrower,2,1,62.5,82
USER_003730,non_borrower,0,-1,0.0,107
USER_003731,non_borrower,0,-1,0.0,98
USER_003732,non_borrower,0,-1,0.0,122
USER_003733,non_borrower,0,-1,0.0,110
USER_003734,occasional_borrower,2,1,62.5,110
USER_003735,non_borrower,0,-1,0.0,93
USER_003736,responsible_borrower,2,0,78.125,112
USER_003737,risky_borrower,6,2,50.0,113
USER_003738,non_borrower,0,-1,0.0,110
USER_003739,non_borrower,0,-1,0.0,105
USER_003740,responsible_borrower,2,0,78.125,110
USER_003741,non_borrower,0,-1,0.0,84
USER_003742,responsible_borrower,3,0,97.65625,110
USER_003743,non_borrower,0,-1,0.0,97
USER_003744,responsible_borrower,2,0,78.125,111
USER_003745,non_borrower,0,-1,0.0,112
USER_003746,non_borrower,0,-1,0.0,94
USER_003747,non_borrower,0,-1,0.0,103
USER_003748,responsible_borrower,3,0,97.65625,104
USER_003749,responsible_borrower,2,0,78.125,133
USER_003750,non_borrower,0,-1,0.0,102
USER_003751,occasional_borrower,1,0,62.5,119
USER_003752,responsible_borrower,2,0,78.125,96
USER_003753,non_borrower,0,-1,0.0,101
USER_003754,risky_borrower,2,2,50.0,98
USER_003755,occasional_borrower,1,0,62.5,108
USER_003756,non_borrower,0,-1,0.0,115
USER_003757,responsible_borrower,4,0,122.0703125,102
USER_003758,non_borrower,0,-1,0.0,103
USER_003759,non_borrower,0,-1,0.0,105
USER_003760,non_borrower,0,-1,0.0,100
USER_003761,responsible_borrower,3,1,78.125,96
USER_003762,responsible_borrower,2,0,78.125,106
USER_003763,non_borrower,0,-1,0.0,104
USER_003764,risky_borrower,5,1,50.0,106
USER_003765,non_borrower,0,-1,0.0,90
USER_003766,occasional_borrower,2,0,78.125,99
USER_003767,non_borrower,0,-1,0.0,110
USER_003768,responsible_borrower,4,1,97.65625,96
USER_003769,non_borrower,0,-1,0.0,103
USER_003770,non_borrower,0,-1,0.0,115
USER_003771,defaulter,1,2,50.0,89
USER_003772,occasional_borrower,1,1,50.0,95
USER_003773,responsible_borrower,3,0,97.65625,111
USER_003774,non_borrower,0,-1,0.0,103
USER_003775,responsible_borrower,4,0,122.0703125,101
USER_003776,non_borrower,0,-1,0.0,96
USER_003777,risky_borrower,4,1,50.0,108
USER_003778,non_borrower,0,-1,0.0,123
USER_003779,responsible_borrower,4,0,122.0703125,102
USER_003780,non_borrower,0,-1,0.0,103
USER_003781,responsible_borrower,4,0,122.0703125,110
USER_003782,occasional_borrower,2,0,78.125,94
USER_003783,non_borrower,0,-1,0.0,97
USER_003784,responsible_borrower,2,1,62.5,116
USER_003785,occasional_borrower,1,0,62.5,107
USER_003786,non_borrower,0,-1,0.0,100
USER_003787,responsible_borrower,3,0,97.65625,102
USER_003788,non_borrower,0,-1,0.0,98
USER_003789,non_borrower,0,-1,0.0,89
USER_003790,non_borrower,0,-1,0.0,101
USER_003791,non_borrower,0,-1,0.0,101
USER_003792,non_borrower,0,-1,0.0,88
USER_003793,occasional_borrower,2,0,78.125,97
USER_003794,responsible_borrower,4,0,122.0703125,114
USER_003795,non_borrower,0,-1,0.0,96
USER_003796,responsible_borrower,4,0,122.0703125,117
USER_003797,non_borrower,0,-1,0.0,100
USER_003798,non_borrower,0,-1,0.0,105
USER_003799,non_borrower,0,-1,0.0,111
USER_003800,non_borrower,0,-1,0.0,115
USER_003801,non_borrower,0,-1,0.0,92
USER_003802,non_borrower,0,-1,0.0,117
USER_003803,non_borrower,0,-1,0.0,101
USER_003804,occasional_borrower,2,0,78.125,120
USER_003805,non_borrower,0,-1,0.0,97
USER_003806,occasional_borrower,2,1,62.5,105
USER_003807,non_borrower,0,-1,0.0,105
USER_003808,responsible_borrower,3,0,97.65625,96
USER_003809,non_borrower,0,-1,0.0,110
USER_003810,non_borrower,0,-1,0.0,85
USER_003811,occasional_borrower,2,0,78.125,91
USER_003812,occasional_borrower,1,1,50.0,106
USER_003813,defaulter,1,2,50.0,108
USER_003814,non_borrower,0,-1,0.0,99
USER_003815,risky_borrower,5,1,50.0,117
USER_003816,risky_borrower,5,1,50.0,103
USER_003817,responsible_borrower,3,0,97.65625,113
USER_003818,defaulter,1,2,50.0,85
USER_003819,responsible_borrower,3,1,78.125,103
USER_003820,risky_borrower,6,1,50.0,113
USER_003821,responsible_borrower,3,0,97.65625,101
USER_003822,responsible_borrower,2,1,62.5,103
USER_003823,occasional_borrower,2,0,78.125,117
USER_003824,non_borrower,0,-1,0.0,100
USER_003825,occasional_borrower,2,1,62.5,106
USER_003826,responsible_borrower,2,0,78.125,105
USER_003827,responsible_borrower,4,0,122.0703125,86
USER_003828,occasional_borrower,1,1,50.0,87
USER_003829,non_borrower,0,-1,0.0,117
USER_003830,non_borrower,0,-1,0.0,100
USER_003831,occasional_borrower,2,1,62.5,109
USER_003832,non_borrower,0,-1,0.0,112
USER_003833,non_borrower,0,-1,0.0,115
USER_003834,responsible_borrower,3,0,97.65625,98
USER_003835,non_borrower,0,-1,0.0,91
USER_003836,responsible_borrower,2,1,62.5,99
USER_003837,non_borrower,0,-1,0.0,89
USER_003838,responsible_borrower,4,0,122.0703125,99
USER_003839,non_borrower,0,-1,0.0,94
USER_003840,non_borrower,0,-1,0.0,111
USER_003841,responsible_borrower,2,0,78.125,110
USER_003842,non_borrower,0,-1,0.0,93
USER_003843,non_borrower,0,-1,0.0,115
USER_003844,responsible_borrower,3,0,97.65625,96
USER_003845,responsible_borrower,3,0,97.65625,111
USER_003846,non_borrower,0,-1,0.0,104
USER_003847,responsible_borrower,4,1,97.65625,111
USER_003848,non_borrower,0,-1,0.0,102
USER_003849,responsible_borrower,3,0,97.65625,114
USER_003850,responsible_borrower,4,0,122.0703125,122
USER_003851,responsible_borrower,4,0,122.0703125,101
USER_003852,non_borrower,0,-1,0.0,101
USER_003853,risky_borrower,3,2,50.0,95
USER_003854,responsible_borrower,3,0,97.65625,105
USER_003855,responsible_borrower,4,1,97.65625,121
USER_003856,non_borrower,0,-1,0.0,107
USER_003857,responsible_borrower,2,0,78.125,98
USER_003858,non_borrower,0,-1,0.0,101
USER_003859,responsible_borrower,3,0,97.65625,96
USER_003860,non_borrower,0,-1,0.0,104
USER_003861,non_borrower,0,-1,0.0,94
USER_003862,responsible_borrower,4,0,122.0703125,96
USER_003863,non_borrower,0,-1,0.0,87
USER_003864,non_borrower,0,-1,0.0,120
USER_003865,non_borrower,0,-1,0.0,104
USER_003866,risky_borrower,3,2,50.0,109
USER_003867,responsible_borrower,4,1,97.65625,109
USER_003868,responsible_borrower,3,0,97.65625,108
USER_003869,occasional_borrower,2,0,78.125,97
USER_003870,non_borrower,0,-1,0.0,105
USER_003871,responsible_borrower,4,0,122.0703125,113
USER_003872,responsible_borrower,2,0,78.125,85
USER_003873,non_borrower,0,-1,0.0,104
USER_003874,occasional_borrower,1,0,62.5,99
USER_003875,non_borrower,0,-1,0.0,109
USER_003876,responsible_borrower,4,0,122.0703125,110
USER_003877,non_borrower,0,-1,0.0,95
USER_003878,responsible_borrower,2,0,78.125,126
USER_003879,non_borrower,0,-1,0.0,95
USER_003880,non_borrower,0,-1,0.0,87
USER_003881,responsible_borrower,4,1,97.65625,117
USER_003882,responsible_borrower,4,0,122.0703125,89
USER_003883,non_borrower,0,-1,0.0,97
USER_003884,non_borrower,0,-1,0.0,92
USER_003885,non_borrower,0,-1,0.0,93
USER_003886,non_borrower,0,-1,0.0,115
USER_003887,occasional_borrower,2,1,50.0,117
USER_003888,responsible_borrower,2,0,78.125,112
USER_003889,occasional_borrower,2,0,78.125,95
USER_003890,responsible_borrower,4,0,122.0703125,98
USER_003891,non_borrower,0,-1,0.0,98
USER_003892,responsible_borrower,3,0,97.65625,101
USER_003893,responsible_borrower,2,0,78.125,97
USER_003894,occasional_borrower,1,1,50.0,97
USER_003895,non_borrower,0,-1,0.0,99
USER_003896,non_borrower,0,-1,0.0,110
USER_003897,non_borrower,0,-1,0.0,102
USER_003898,non_borrower,0,-1,0.0,110
USER_003899,non_borrower,0,-1,0.0,96
USER_003900,risky_borrower,4,1,50.0,110
USER_003901,non_borrower,0,-1,0.0,96
USER_003902,occasional_borrower,2,0,78.125,104
USER_003903,non_borrower,0,-1,0.0,117
USER_003904,non_borrower,0,-1,0.0,84
USER_003905,non_borrower,0,-1,0.0,111
USER_003906,responsible_borrower,4,0,122.0703125,110
USER_003907,occasional_borrower,1,0,62.5,112
USER_003908,non_borrower,0,-1,0.0,116
USER_003909,responsible_borrower,2,0,78.125,101
USER_003910,non_borrower,0,-1,0.0,92
USER_003911,non_borrower,0,-1,0.0,116
USER_003912,occasional_borrower,1,1,50.0,102
USER_003913,non_borrower,0,-1,0.0,101
USER_003914,non_borrower,0,-1,0.0,111
USER_003915,responsible_borrower,4,0,122.0703125,88
USER_003916,non_borrower,0,-1,0.0,102
USER_003917,responsible_borrower,3,0,97.65625,104
USER_003918,non_borrower,0,-1,0.0,103
USER_003919,responsible_borrower,4,0,122.0703125,106
USER_003920,occasional_borrower,1,1,50.0,120
USER_003921,non_borrower,0,-1,0.0,106
USER_003922,risky_borrower,4,1,50.0,118
USER_003923,defaulter,1,2,50.0,105
USER_003924,non_borrower,0,-1,0.0,109
USER_003925,risky_borrower,1,2,50.0,99
USER_003926,occasional_borrower,2,0,78.125,95
USER_003927,risky_borrower,4,2,50.0,115
USER_003928,non_borrower,0,-1,0.0,92
USER_003929,non_borrower,0,-1,0.0,103
USER_003930,non_borrower,0,-1,0.0,95
USER_003931,responsible_borrower,2,0,78.125,124
USER_003932,responsible_borrower,2,1,62.5,94
USER_003933,responsible_borrower,3,0,97.65625,97
USER_003934,occasional_borrower,2,1,62.5,109
USER_003935,non_borrower,0,-1,0.0,103
USER_003936,risky_borrower,5,1,50.0,108
USER_003937,occasional_borrower,1,0,62.5,87
USER_003938,non_borrower,0,-1,0.0,106
USER_003939,risky_borrower,4,2,50.0,106
USER_003940,responsible_borrower,3,0,97.65625,110
USER_003941,risky_borrower,2,2,50.0,107
USER_003942,non_borrower,0,-1,0.0,86
USER_003943,risky_borrower,4,1,50.0,123
USER_003944,non_borrower,0,-1,0.0,90
USER_003945,occasional_borrower,2,1,62.5,90
USER_003946,occasional_borrower,2,1,62.5,107
USER_003947,responsible_borrower,4,1,78.125,94
USER_003948,responsible_borrower,4,0,122.0703125,96
USER_003949,non_borrower,0,-1,0.0,116
USER_003950,occasional_borrower,1,0,62.5,94
USER_003951,responsible_borrower,2,0,78.125,90
USER_003952,responsible_borrower,4,0,122.0703125,113
USER_003953,non_borrower,0,-1,0.0,89
USER_003954,responsible_borrower,2,0,78.125,103
USER_003955,occasional_borrower,1,0,62.5,100
USER_003956,non_borrower,0,-1,0.0,84
USER_003957,non_borrower,0,-1,0.0,98
USER_003958,occasional_borrower,2,0,78.125,111
USER_003959,non_borrower,0,-1,0.0,100
USER_003960,responsible_borrower,4,0,122.0703125,123
USER_003961,responsible_borrower,3,1,78.125,92
USER_003962,occasional_borrower,1,0,62.5,99
USER_003963,non_borrower,0,-1,0.0,101
USER_003964,responsible_borrower,4,0,122.0703125,119
USER_003965,responsible_borrower,3,1,78.125,120
USER_003966,risky_borrower,4,1,50.0,93
USER_003967,non_borrower,0,-1,0.0,98
USER_003968,non_borrower,0,-1,0.0,129
USER_003969,non_borrower,0,-1,0.0,110
USER_003970,non_borrower,0,-1,0.0,93
USER_003971,responsible_borrower,4,1,78.125,102
USER_003972,occasional_borrower,2,0,78.125,110
USER_003973,occasional_borrower,2,1,50.0,91
USER_003974,occasional_borrower,1,1,50.0,96
USER_003975,occasional_borrower,2,0,78.125,95
USER_003976,non_borrower,0,-1,0.0,105
USER_003977,responsible_borrower,2,0,78.125,89
USER_003978,non_borrower,0,-1,0.0,93
USER_003979,non_borrower,0,-1,0.0,84
USER_003980,non_borrower,0,-1,0.0,94
USER_003981,non_borrower,0,-1,0.0,100
USER_003982,non_borrower,0,-1,0.0,94
USER_003983,non_borrower,0,-1,0.0,103
USER_003984,non_borrower,0,-1,0.0,110
USER_003985,responsible_borrower,2,0,78.125,95
USER_003986,defaulter,1,2,50.0,102
USER_003987,responsible_borrower,2,0,78.125,103
USER_003988,non_borrower,0,-1,0.0,94
USER_003989,occasional_borrower,1,1,50.0,121
USER_003990,responsible_borrower,3,0,97.65625,106
USER_003991,responsible_borrower,4,0,122.0703125,118
USER_003992,responsible_borrower,2,0,78.125,99
USER_003993,non_borrower,0,-1,0.0,90
USER_003994,responsible_borrower,3,1,78.125,100
USER_003995,non_borrower,0,-1,0.0,97
USER_003996,occasional_borrower,2,1,62.5,106
USER_003997,responsible_borrower,2,1,62.5,117
USER_003998,responsible_borrower,2,0,78.125,103
USER_003999,responsible_borrower,3,0,97.65625,110
USER_004000,non_borrower,0,-1,0.0,115
USER_004001,risky_borrower,6,1,50.0,117
USER_004002,non_borrower,0,-1,0.0,86
USER_004003,non_borrower,0,-1,0.0,96
USER_004004,non_borrower,0,-1,0.0,107
USER_004005,non_borrower,0,-1,0.0,96
USER_004006,risky_borrower,5,1,50.0,105
USER_004007,non_borrower,0,-1,0.0,94
USER_004008,non_borrower,0,-1,0.0,93
USER_004009,non_borrower,0,-1,0.0,103
USER_004010,occasional_borrower,2,1,62.5,98
USER_004011,non_borrower,0,-1,0.0,95
USER_004012,responsible_borrower,4,1,97.65625,97
USER_004013,responsible_borrower,2,0,78.125,103
USER_004014,defaulter,1,2,50.0,89
USER_004015,responsible_borrower,4,1,97.65625,111
USER_004016,responsible_borrower,3,1,78.125,116
USER_004017,non_borrower,0,-1,0.0,112
USER_004018,non_borrower,0,-1,0.0,103
USER_004019,non_borrower,0,-1,0.0,85
USER_004020,responsible_borrower,4,0,122.0703125,102
USER_004021,non_borrower,0,-1,0.0,104
USER_004022,responsible_borrower,4,1,97.65625,113
USER_004023,responsible_borrower,4,0,122.0703125,101
USER_004024,responsible_borrower,2,0,78.125,98
USER_004025,non_borrower,0,-1,0.0,98
USER_004026,responsible_borrower,3,0,97.65625,105
USER_004027,occasional_borrower,2,0,78.125,108
USER_004028,occasional_borrower,1,0,62.5,113
USER_004029,non_borrower,0,-1,0.0,83
USER_004030,responsible_borrower,4,1,97.65625,97
USER_004031,risky_borrower,1,2,50.0,108
USER_004032,non_borrower,0,-1,0.0,100
USER_004033,occasional_borrower,1,0,62.5,97
USER_004034,responsible_borrower,4,0,122.0703125,91
USER_004035,responsible_borrower,2,1,62.5,79
USER_004036,responsible_borrower,4,1,97.65625,106
USER_004037,non_borrower,0,-1,0.0,80
USER_004038,non_borrower,0,-1,0.0,98
USER_004039,non_borrower,0,-1,0.0,102
USER_004040,occasional_borrower,2,1,50.0,110
USER_004041,responsible_borrower,3,0,97.65625,97
USER_004042,occasional_borrower,1,0,62.5,108
USER_004043,non_borrower,0,-1,0.0,124
USER_004044,occasional_borrower,2,1,62.5,95
USER_004045,occasional_borrower,1,0,62.5,106
USER_004046,non_borrower,0,-1,0.0,108
USER_004047,non_borrower,0,-1,0.0,103
USER_004048,occasional_borrower,2,1,62.5,106
USER_004049,occasional_borrower,1,0,62.5,98
USER_004050,responsible_borrower,3,0,97.65625,105
USER_004051,responsible_borrower,3,0,97.65625,124
USER_004052,non_borrower,0,-1,0.0,93
USER_004053,responsible_borrower,2,0,78.125,98
USER_004054,occasional_borrower,1,0,62.5,96
USER_004055,risky_borrower,6,1,50.0,98
USER_004056,risky_borrower,5,2,50.0,114
USER_004057,non_borrower,0,-1,0.0,94
USER_004058,non_borrower,0,-1,0.0,97
USER_004059,non_borrower,0,-1,0.0,107
USER_004060,risky_borrower,5,1,50.0,121
USER_004061,risky_borrower,4,1,50.0,101
USER_004062,non_borrower,0,-1,0.0,108
USER_004063,responsible_borrower,4,0,122.0703125,109
USER_004064,non_borrower,0,-1,0.0,88
USER_004065,responsible_borrower,3,0,97.65625,95
USER_004066,defaulter,1,2,50.0,96
USER_004067,risky_borrower,4,1,50.0,99
USER_004068,responsible_borrower,3,0,97.65625,96
USER_004069,occasional_borrower,2,0,78.125,96
USER_004070,non_borrower,0,-1,0.0,103
USER_004071,non_borrower,0,-1,0.0,108
USER_004072,responsible_borrower,4,0,122.0703125,108
USER_004073,occasional_borrower,1,1,50.0,109
USER_004074,occasional_borrower,1,2,50.0,91
USER_004075,occasional_borrower,2,1,50.0,96
USER_004076,risky_borrower,4,2,50.0,122
USER_004077,non_borrower,0,-1,0.0,106
USER_004078,risky_borrower,2,2,50.0,78
USER_004079,non_borrower,0,-1,0.0,116
USER_004080,responsible_borrower,4,1,97.65625,98
USER_004081,non_borrower,0,-1,0.0,107
USER_004082,responsible_borrower,4,1,97.65625,89
USER_004083,non_borrower,0,-1,0.0,92
USER_004084,responsible_borrower,4,0,122.0703125,117
USER_004085,non_borrower,0,-1,0.0,104
USER_004086,responsible_borrower,4,1,97.65625,109
USER_004087,non_borrower,0,-1,0.0,104
USER_004088,responsible_borrower,4,1,97.65625,112
USER_004089,responsible_borrower,3,0,97.65625,103
USER_004090,responsible_borrower,4,0,122.0703125,140
USER_004091,non_borrower,0,-1,0.0,89
USER_004092,non_borrower,0,-1,0.0,94
USER_004093,non_borrower,0,-1,0.0,100
USER_004094,non_borrower,0,-1,0.0,106
USER_004095,non_borrower,0,-1,0.0,106
USER_004096,non_borrower,0,-1,0.0,108
USER_004097,occasional_borrower,2,1,62.5,99
USER_004098,occasional_borrower,1,1,50.0,109
USER_004099,non_borrower,0,-1,0.0,91
USER_004100,responsible_borrower,2,1,62.5,110
USER_004101,non_borrower,0,-1,0.0,98
USER_004102,non_borrower,0,-1,0.0,99
USER_004103,responsible_borrower,2,0,78.125,122
USER_004104,non_borrower,0,-1,0.0,122
USER_004105,responsible_borrower,3,0,97.65625,113
USER_004106,non_borrower,0,-1,0.0,94
USER_004107,occasional_borrower,1,1,50.0,108
USER_004108,non_borrower,0,-1,0.0,88
USER_004109,non_borrower,0,-1,0.0,110
USER_004110,non_borrower,0,-1,0.0,105
USER_004111,responsible_borrower,2,0,78.125,89
USER_004112,responsible_borrower,3,0,97.65625,95
USER_004113,responsible_borrower,2,0,78.125,91
USER_004114,non_borrower,0,-1,0.0,109
USER_004115,responsible_borrower,3,0,97.65625,118
USER_004116,occasional_borrower,1,0,62.5,89
USER_004117,non_borrower,0,-1,0.0,116
USER_004118,non_borrower,0,-1,0.0,106
USER_004119,responsible_borrower,4,0,122.0703125,90
USER_004120,responsible_borrower,3,0,97.65625,110
USER_004121,responsible_borrower,2,0,78.125,95
USER_004122,non_borrower,0,-1,0.0,112
USER_004123,non_borrower,0,-1,0.0,114
USER_004124,non_borrower,0,-1,0.0,96
USER_004125,non_borrower,0,-1,0.0,92
USER_004126,occasional_borrower,2,0,78.125,104
USER_004127,non_borrower,0,-1,0.0,85
USER_004128,non_borrower,0,-1,0.0,101
USER_004129,risky_borrower,6,1,50.0,121
USER_004130,non_borrower,0,-1,0.0,95
USER_004131,responsible_borrower,4,0,122.0703125,115
USER_004132,non_borrower,0,-1,0.0,107
USER_004133,responsible_borrower,3,0,97.65625,113
USER_004134,responsible_borrower,4,1,97.65625,109
USER_004135,risky_borrower,5,1,50.0,110
USER_004136,non_borrower,0,-1,0.0,108
USER_004137,non_borrower,0,-1,0.0,108
USER_004138,occasional_borrower,2,2,62.5,113
USER_004139,non_borrower,0,-1,0.0,103
USER_004140,non_borrower,0,-1,0.0,109
USER_004141,occasional_borrower,1,0,62.5,109
USER_004142,non_borrower,0,-1,0.0,85
USER_004143,non_borrower,0,-1,0.0,107
USER_004144,responsible_borrower,4,1,97.65625,109
USER_004145,responsible_borrower,4,1,97.65625,116
USER_004146,non_borrower,0,-1,0.0,90
USER_004147,responsible_borrower,3,0,97.65625,97
USER_004148,non_borrower,0,-1,0.0,116
USER_004149,non_borrower,0,-1,0.0,111
USER_004150,responsible_borrower,4,1,78.125,91
USER_004151,non_borrower,0,-1,0.0,86
USER_004152,non_borrower,0,-1,0.0,98
USER_004153,responsible_borrower,3,0,97.65625,116
USER_004154,responsible_borrower,3,0,97.65625,112
USER_004155,responsible_borrower,2,1,62.5,102
USER_004156,responsible_borrower,3,0,97.65625,106
USER_004157,defaulter,1,2,50.0,104
USER_004158,non_borrower,0,-1,0.0,92
USER_004159,non_borrower,0,-1,0.0,101
USER_004160,non_borrower,0,-1,0.0,81
USER_004161,non_borrower,0,-1,0.0,97
USER_004162,responsible_borrower,2,1,62.5,102
USER_004163,non_borrower,0,-1,0.0,93
USER_004164,non_borrower,0,-1,0.0,93
USER_004165,responsible_borrower,2,0,78.125,112
USER_004166,non_borrower,0,-1,0.0,113
USER_004167,occasional_borrower,1,0,62.5,111
USER_004168,non_borrower,0,-1,0.0,103
USER_004169,non_borrower,0,-1,0.0,107
USER_004170,responsible_borrower,4,0,122.0703125,119
USER_004171,non_borrower,0,-1,0.0,106
USER_004172,non_borrower,0,-1,0.0,123
USER_004173,responsible_borrower,3,0,97.65625,120
USER_004174,risky_borrower,1,2,50.0,117
USER_004175,responsible_borrower,4,0,122.0703125,123
USER_004176,non_borrower,0,-1,0.0,92
USER_004177,non_borrower,0,-1,0.0,105
USER_004178,non_borrower,0,-1,0.0,89
USER_004179,responsible_borrower,2,0,78.125,97
USER_004180,non_borrower,0,-1,0.0,92
USER_004181,occasional_borrower,1,0,62.5,106
USER_004182,non_borrower,0,-1,0.0,100
USER_004183,defaulter,1,2,50.0,104
USER_004184,occasional_borrower,2,1,62.5,90
USER_004185,responsible_borrower,4,0,122.0703125,114
USER_004186,non_borrower,0,-1,0.0,104
USER_004187,non_borrower,0,-1,0.0,111
USER_004188,responsible_borrower,2,0,78.125,98
USER_004189,responsible_borrower,3,1,78.125,111
USER_004190,responsible_borrower,2,0,78.125,101
USER_004191,non_borrower,0,-1,0.0,100
USER_004192,responsible_borrower,2,0,78.125,93
USER_004193,responsible_borrower,2,0,78.125,98
USER_004194,non_borrower,0,-1,0.0,100
USER_004195,occasional_borrower,1,0,62.5,92
USER_004196,non_borrower,0,-1,0.0,114
USER_004197,non_borrower,0,-1,0.0,82
USER_004198,occasional_borrower,1,0,62.5,95
USER_004199,non_borrower,0,-1,0.0,98
USER_004200,non_borrower,0,-1,0.0,97
USER_004201,responsible_borrower,3,0,97.65625,114
USER_004202,non_borrower,0,-1,0.0,98
USER_004203,responsible_borrower,3,1,78.125,86
USER_004204,non_borrower,0,-1,0.0,93
USER_004205,non_borrower,0,-1,0.0,101
USER_004206,non_borrower,0,-1,0.0,89
USER_004207,non_borrower,0,-1,0.0,105
USER_004208,responsible_borrower,3,0,97.65625,107
USER_004209,non_borrower,0,-1,0.0,83
USER_004210,responsible_borrower,2,0,78.125,98
USER_004211,non_borrower,0,-1,0.0,100
USER_004212,responsible_borrower,4,0,122.0703125,107
USER_004213,non_borrower,0,-1,0.0,114
USER_004214,responsible_borrower,4,1,97.65625,113
USER_004215,occasional_borrower,1,0,62.5,94
USER_004216,responsible_borrower,3,1,78.125,111
USER_004217,risky_borrower,4,1,50.0,96
USER_004218,responsible_borrower,3,0,97.65625,100
USER_004219,occasional_borrower,2,1,50.0,98
USER_004220,non_borrower,0,-1,0.0,99
USER_004221,occasional_borrower,1,1,50.0,98
USER_004222,non_borrower,0,-1,0.0,92
USER_004223,responsible_borrower,3,0,97.65625,107
USER_004224,occasional_borrower,1,1,50.0,98
USER_004225,defaulter,1,2,50.0,94
USER_004226,non_borrower,0,-1,0.0,98
USER_004227,non_borrower,0,-1,0.0,96
USER_004228,non_borrower,0,-1,0.0,99
USER_004229,non_borrower,0,-1,0.0,100
USER_004230,non_borrower,0,-1,0.0,99
USER_004231,responsible_borrower,4,0,122.0703125,90
USER_004232,occasional_borrower,1,1,50.0,110
USER_004233,responsible_borrower,2,1,50.0,116
USER_004234,responsible_borrower,2,0,78.125,99
USER_004235,responsible_borrower,2,0,78.125,91
USER_004236,non_borrower,0,-1,0.0,113
USER_004237,non_borrower,0,-1,0.0,95
USER_004238,occasional_borrower,1,0,62.5,100
USER_004239,responsible_borrower,2,0,78.125,102
USER_004240,responsible_borrower,3,0,97.65625,108
USER_004241,non_borrower,0,-1,0.0,98
USER_004242,non_borrower,0,-1,0.0,106
USER_004243,non_borrower,0,-1,0.0,102
USER_004244,risky_borrower,5,1,50.0,119
USER_004245,responsible_borrower,4,1,97.65625,116
USER_004246,risky_borrower,6,1,50.0,109
USER_004247,responsible_borrower,3,0,97.65625,130
USER_004248,risky_borrower,5,1,50.0,106
USER_004249,responsible_borrower,3,0,97.65625,101
USER_004250,risky_borrower,5,2,50.0,105
USER_004251,occasional_borrower,2,0,78.125,97
USER_004252,non_borrower,0,-1,0.0,84
USER_004253,risky_borrower,6,1,50.0,111
USER_004254,responsible_borrower,3,0,97.65625,108
USER_004255,non_borrower,0,-1,0.0,104
USER_004256,risky_borrower,2,2,50.0,115
USER_004257,occasional_borrower,2,0,78.125,96
USER_004258,occasional_borrower,2,1,62.5,91
USER_004259,responsible_borrower,4,1,97.65625,109
USER_004260,non_borrower,0,-1,0.0,111
USER_004261,non_borrower,0,-1,0.0,106
USER_004262,non_borrower,0,-1,0.0,91
USER_004263,non_borrower,0,-1,0.0,93
USER_004264,responsible_borrower,2,0,78.125,123
USER_004265,non_borrower,0,-1,0.0,100
USER_004266,non_borrower,0,-1,0.0,93
USER_004267,non_borrower,0,-1,0.0,87
USER_004268,non_borrower,0,-1,0.0,97
USER_004269,non_borrower,0,-1,0.0,92
USER_004270,non_borrower,0,-1,0.0,99
USER_004271,non_borrower,0,-1,0.0,88
USER_004272,responsible_borrower,3,0,97.65625,94
USER_004273,occasional_borrower,1,1,50.0,102
USER_004274,non_borrower,0,-1,0.0,102
USER_004275,non_borrower,0,-1,0.0,98
USER_004276,occasional_borrower,2,1,50.0,85
USER_004277,occasional_borrower,1,1,50.0,110
USER_004278,responsible_borrower,2,0,78.125,107
USER_004279,responsible_borrower,2,1,62.5,93
USER_004280,non_borrower,0,-1,0.0,102
USER_004281,responsible_borrower,2,0,78.125,118
USER_004282,responsible_borrower,3,0,97.65625,118
USER_004283,occasional_borrower,2,1,50.0,104
USER_004284,non_borrower,0,-1,0.0,94
USER_004285,occasional_borrower,2,0,78.125,108
USER_004286,defaulter,1,2,50.0,104
USER_004287,non_borrower,0,-1,0.0,103
USER_004288,non_borrower,0,-1,0.0,101
USER_004289,non_borrower,0,-1,0.0,100
USER_004290,non_borrower,0,-1,0.0,95
USER_004291,occasional_borrower,2,0,78.125,110
USER_004292,non_borrower,0,-1,0.0,118
USER_004293,occasional_borrower,1,0,62.5,99
USER_004294,responsible_borrower,3,1,78.125,87
USER_004295,risky_borrower,1,2,50.0,103
USER_004296,occasional_borrower,2,0,78.125,95
USER_004297,non_borrower,0,-1,0.0,96
USER_004298,non_borrower,0,-1,0.0,99
USER_004299,responsible_borrower,3,1,78.125,97
USER_004300,responsible_borrower,4,1,78.125,112
USER_004301,non_borrower,0,-1,0.0,92
USER_004302,non_borrower,0,-1,0.0,97
USER_004303,responsible_borrower,4,0,122.0703125,116
USER_004304,defaulter,1,2,50.0,111
USER_004305,responsible_borrower,2,0,78.125,100
USER_004306,non_borrower,0,-1,0.0,100
USER_004307,responsible_borrower,4,0,122.0703125,104
USER_004308,non_borrower,0,-1,0.0,92
USER_004309,responsible_borrower,4,0,122.0703125,90
USER_004310,non_borrower,0,-1,0.0,116
USER_004311,non_borrower,0,-1,0.0,110
USER_004312,responsible_borrower,4,0,122.0703125,99
USER_004313,non_borrower,0,-1,0.0,115
USER_004314,responsible_borrower,4,0,122.0703125,104
USER_004315,non_borrower,0,-1,0.0,105
USER_004316,non_borrower,0,-1,0.0,99
USER_004317,responsible_borrower,4,1,97.65625,110
USER_004318,non_borrower,0,-1,0.0,87
USER_004319,responsible_borrower,3,0,97.65625,107
USER_004320,non_borrower,0,-1,0.0,88
USER_004321,responsible_borrower,3,0,97.65625,97
USER_004322,responsible_borrower,3,0,97.65625,94
USER_004323,non_borrower,0,-1,0.0,93
USER_004324,responsible_borrower,4,1,97.65625,95
USER_004325,risky_borrower,1,2,50.0,87
USER_004326,responsible_borrower,2,0,78.125,104
USER_004327,non_borrower,0,-1,0.0,113
USER_004328,responsible_borrower,2,0,78.125,95
USER_004329,non_borrower,0,-1,0.0,93
USER_004330,non_borrower,0,-1,0.0,101
USER_004331,risky_borrower,1,2,50.0,93
USER_004332,responsible_borrower,2,0,78.125,101
USER_004333,responsible_borrower,3,0,97.65625,109
USER_004334,non_borrower,0,-1,0.0,87
USER_004335,responsible_borrower,3,1,78.125,92
USER_004336,occasional_borrower,1,0,62.5,100
USER_004337,non_borrower,0,-1,0.0,84
USER_004338,responsible_borrower,2,1,62.5,100
USER_004339,responsible_borrower,4,0,122.0703125,97
USER_004340,non_borrower,0,-1,0.0,97
USER_004341,responsible_borrower,2,0,78.125,102
USER_004342,non_borrower,0,-1,0.0,98
USER_004343,defaulter,1,2,50.0,107
USER_004344,non_borrower,0,-1,0.0,111
USER_004345,responsible_borrower,4,0,122.0703125,100
USER_004346,non_borrower,0,-1,0.0,99
USER_004347,risky_borrower,1,2,50.0,88
USER_004348,non_borrower,0,-1,0.0,83
USER_004349,non_borrower,0,-1,0.0,114
USER_004350,responsible_borrower,3,0,97.65625,96
USER_004351,non_borrower,0,-1,0.0,102
USER_004352,non_borrower,0,-1,0.0,99
USER_004353,occasional_borrower,2,1,62.5,97
USER_004354,risky_borrower,3,2,50.0,95
USER_004355,responsible_borrower,3,0,97.65625,93
USER_004356,occasional_borrower,1,0,62.5,94
USER_004357,responsible_borrower,2,0,78.125,103
USER_004358,non_borrower,0,-1,0.0,108
USER_004359,defaulter,1,2,50.0,100
USER_004360,occasional_borrower,1,2,50.0,102
USER_004361,non_borrower,0,-1,0.0,94
USER_004362,risky_borrower,5,1,50.0,102
USER_004363,non_borrower,0,-1,0.0,105
USER_004364,responsible_borrower,2,0,78.125,109
USER_004365,responsible_borrower,2,1,62.5,114
USER_004366,responsible_borrower,3,0,97.65625,118
USER_004367,responsible_borrower,4,0,122.0703125,99
USER_004368,non_borrower,0,-1,0.0,101
USER_004369,responsible_borrower,3,0,97.65625,101
USER_004370,responsible_borrower,3,1,78.125,103
USER_004371,responsible_borrower,2,0,78.125,105
USER_004372,non_borrower,0,-1,0.0,93
USER_004373,risky_borrower,2,2,50.0,94
USER_004374,responsible_borrower,4,1,97.65625,99
USER_004375,responsible_borrower,4,1,78.125,108
USER_004376,non_borrower,0,-1,0.0,109
USER_004377,occasional_borrower,2,1,62.5,119
USER_004378,non_borrower,0,-1,0.0,102
USER_004379,non_borrower,0,-1,0.0,89
USER_004380,non_borrower,0,-1,0.0,102
USER_004381,non_borrower,0,-1,0.0,117
USER_004382,responsible_borrower,3,0,97.65625,111
USER_004383,responsible_borrower,4,0,122.0703125,91
USER_004384,responsible_borrower,3,1,78.125,123
USER_004385,responsible_borrower,3,0,97.65625,97
USER_004386,occasional_borrower,2,1,50.0,97
USER_004387,responsible_borrower,4,0,122.0703125,100
USER_004388,occasional_borrower,1,0,62.5,109
USER_004389,risky_borrower,4,1,50.0,127
USER_004390,non_borrower,0,-1,0.0,104
USER_004391,occasional_borrower,2,1,62.5,103
USER_004392,risky_borrower,3,2,50.0,96
USER_004393,risky_borrower,5,1,50.0,126
USER_004394,responsible_borrower,3,1,78.125,107
USER_004395,responsible_borrower,3,0,97.65625,121
USER_004396,occasional_borrower,2,1,62.5,93
USER_004397,non_borrower,0,-1,0.0,119
USER_004398,non_borrower,0,-1,0.0,94
USER_004399,risky_borrower,3,2,50.0,99
USER_004400,responsible_borrower,4,0,122.0703125,107
USER_004401,non_borrower,0,-1,0.0,116
USER_004402,non_borrower,0,-1,0.0,93
USER_004403,responsible_borrower,2,1,50.0,111
USER_004404,non_borrower,0,-1,0.0,84
USER_004405,non_borrower,0,-1,0.0,104
USER_004406,defaulter,1,2,50.0,102
USER_004407,responsible_borrower,2,1,62.5,92
USER_004408,responsible_borrower,2,0,78.125,102
USER_004409,non_borrower,0,-1,0.0,85
USER_004410,occasional_borrower,1,0,62.5,127
USER_004411,responsible_borrower,4,0,122.0703125,93
USER_004412,non_borrower,0,-1,0.0,97
USER_004413,risky_borrower,4,1,50.0,116
USER_004414,non_borrower,0,-1,0.0,118
USER_004415,non_borrower,0,-1,0.0,87
USER_004416,non_borrower,0,-1,0.0,99
USER_004417,non_borrower,0,-1,0.0,95
USER_004418,non_borrower,0,-1,0.0,109
USER_004419,non_borrower,0,-1,0.0,110
USER_004420,occasional_borrower,2,1,62.5,105
USER_004421,non_borrower,0,-1,0.0,105
USER_004422,occasional_borrower,2,1,62.5,109
USER_004423,responsible_borrower,3,0,97.65625,105
USER_004424,non_borrower,0,-1,0.0,96
USER_004425,non_borrower,0,-1,0.0,92
USER_004426,responsible_borrower,2,0,78.125,106
USER_004427,risky_borrower,1,2,50.0,121
USER_004428,non_borrower,0,-1,0.0,107
USER_004429,responsible_borrower,4,0,122.0703125,96
USER_004430,responsible_borrower,2,0,78.125,94
USER_004431,responsible_borrower,4,0,122.0703125,101
USER_004432,non_borrower,0,-1,0.0,92
USER_004433,non_borrower,0,-1,0.0,81
USER_004434,responsible_borrower,4,0,122.0703125,87
USER_004435,non_borrower,0,-1,0.0,109
USER_004436,responsible_borrower,4,0,122.0703125,107
USER_004437,non_borrower,0,-1,0.0,97
USER_004438,non_borrower,0,-1,0.0,99
USER_004439,responsible_borrower,3,0,97.65625,111
USER_004440,occasional_borrower,2,0,78.125,112
USER_004441,non_borrower,0,-1,0.0,116
USER_004442,occasional_borrower,2,1,62.5,99
USER_004443,occasional_borrower,1,0,62.5,102
USER_004444,occasional_borrower,1,0,62.5,73
USER_004445,responsible_borrower,2,0,78.125,87
USER_004446,non_borrower,0,-1,0.0,111
USER_004447,occasional_borrower,2,1,50.0,108
USER_004448,responsible_borrower,4,0,122.0703125,96
USER_004449,non_borrower,0,-1,0.0,102
USER_004450,responsible_borrower,2,1,62.5,110
USER_004451,occasional_borrower,1,1,50.0,89
USER_004452,risky_borrower,5,1,50.0,109
USER_004453,risky_borrower,2,2,50.0,108
USER_004454,occasional_borrower,2,1,62.5,108
USER_004455,responsible_borrower,4,1,97.65625,122
USER_004456,responsible_borrower,3,0,97.65625,105
USER_004457,non_borrower,0,-1,0.0,93
USER_004458,occasional_borrower,2,1,62.5,103
USER_004459,non_borrower,0,-1,0.0,92
USER_004460,non_borrower,0,-1,0.0,95
USER_004461,occasional_borrower,1,1,50.0,98
USER_004462,occasional_borrower,1,1,50.0,109
USER_004463,responsible_borrower,2,0,78.125,109
USER_004464,non_borrower,0,-1,0.0,108
USER_004465,risky_borrower,2,2,50.0,94
USER_004466,non_borrower,0,-1,0.0,84
USER_004467,non_borrower,0,-1,0.0,113
USER_004468,occasional_borrower,1,0,62.5,90
USER_004469,responsible_borrower,3,0,97.65625,110
USER_004470,responsible_borrower,2,1,62.5,127
USER_004471,responsible_borrower,4,0,122.0703125,106
USER_004472,non_borrower,0,-1,0.0,96
USER_004473,responsible_borrower,4,1,78.125,105
USER_004474,responsible_borrower,4,1,62.5,109
USER_004475,risky_borrower,4,1,50.0,101
USER_004476,responsible_borrower,2,0,78.125,103
USER_004477,non_borrower,0,-1,0.0,82
USER_004478,non_borrower,0,-1,0.0,103
USER_004479,occasional_borrower,1,1,50.0,116
USER_004480,non_borrower,0,-1,0.0,104
USER_004481,occasional_borrower,1,0,62.5,110
USER_004482,occasional_borrower,1,1,50.0,104
USER_004483,non_borrower,0,-1,0.0,100
USER_004484,responsible_borrower,3,0,97.65625,108
USER_004485,non_borrower,0,-1,0.0,128
USER_004486,responsible_borrower,4,0,122.0703125,101
USER_004487,responsible_borrower,3,0,97.65625,108
USER_004488,occasional_borrower,1,0,62.5,110
USER_004489,responsible_borrower,4,0,122.0703125,121
USER_004490,responsible_borrower,3,0,97.65625,109
USER_004491,non_borrower,0,-1,0.0,94
USER_004492,non_borrower,0,-1,0.0,95
USER_004493,responsible_borrower,2,0,78.125,101
USER_004494,defaulter,1,2,50.0,86
USER_004495,non_borrower,0,-1,0.0,93
USER_004496,non_borrower,0,-1,0.0,94
USER_004497,responsible_borrower,4,0,122.0703125,102
USER_004498,non_borrower,0,-1,0.0,103
USER_004499,defaulter,1,2,50.0,102
USER_004500,responsible_borrower,4,1,97.65625,121
USER_004501,responsible_borrower,3,0,97.65625,105
USER_004502,responsible_borrower,2,0,78.125,109
USER_004503,non_borrower,0,-1,0.0,97
USER_004504,non_borrower,0,-1,0.0,103
USER_004505,risky_borrower,4,2,50.0,93
USER_004506,non_borrower,0,-1,0.0,105
USER_004507,responsible_borrower,4,0,122.0703125,106
USER_004508,responsible_borrower,3,0,97.65625,112
USER_004509,responsible_borrower,2,0,78.125,98
USER_004510,responsible_borrower,4,0,122.0703125,100
USER_004511,responsible_borrower,3,0,97.65625,110
USER_004512,non_borrower,0,-1,0.0,108
USER_004513,non_borrower,0,-1,0.0,108
USER_004514,responsible_borrower,2,0,78.125,98
USER_004515,occasional_borrower,1,0,62.5,97
USER_004516,non_borrower,0,-1,0.0,94
USER_004517,responsible_borrower,2,0,78.125,93
USER_004518,responsible_borrower,4,0,122.0703125,129
USER_004519,non_borrower,0,-1,0.0,90
USER_004520,responsible_borrower,4,1,97.65625,93
USER_004521,occasional_borrower,1,1,50.0,94
USER_004522,responsible_borrower,2,1,62.5,92
USER_004523,responsible_borrower,4,0,122.0703125,95
USER_004524,non_borrower,0,-1,0.0,113
USER_004525,responsible_borrower,2,0,78.125,97
USER_004526,risky_borrower,1,2,50.0,94
USER_004527,occasional_borrower,1,0,62.5,111
USER_004528,risky_borrower,4,2,50.0,91
USER_004529,non_borrower,0,-1,0.0,104
USER_004530,non_borrower,0,-1,0.0,99
USER_004531,responsible_borrower,3,0,97.65625,90
USER_004532,non_borrower,0,-1,0.0,92
USER_004533,occasional_borrower,2,0,78.125,106
USER_004534,risky_borrower,5,2,50.0,115
USER_004535,occasional_borrower,1,0,62.5,88
USER_004536,responsible_borrower,4,0,122.0703125,113
USER_004537,non_borrower,0,-1,0.0,102
USER_004538,non_borrower,0,-1,0.0,98
USER_004539,responsible_borrower,4,1,97.65625,110
USER_004540,responsible_borrower,3,0,97.65625,103
USER_004541,occasional_borrower,1,1,50.0,100
USER_004542,non_borrower,0,-1,0.0,99
USER_004543,non_borrower,0,-1,0.0,96
USER_004544,responsible_borrower,4,0,122.0703125,112
USER_004545,responsible_borrower,4,0,122.0703125,127
USER_004546,defaulter,1,2,50.0,86
USER_004547,non_borrower,0,-1,0.0,118
USER_004548,non_borrower,0,-1,0.0,98
USER_004549,responsible_borrower,2,1,62.5,111
USER_004550,occasional_borrower,2,0,78.125,91
USER_004551,risky_borrower,1,2,50.0,106
USER_004552,non_borrower,0,-1,0.0,109
USER_004553,responsible_borrower,3,1,78.125,132
USER_004554,responsible_borrower,4,0,122.0703125,120
USER_004555,non_borrower,0,-1,0.0,111
USER_004556,non_borrower,0,-1,0.0,115
USER_004557,occasional_borrower,2,1,62.5,108
USER_004558,responsible_borrower,4,0,122.0703125,88
USER_004559,risky_borrower,2,2,50.0,109
USER_004560,non_borrower,0,-1,0.0,113
USER_004561,non_borrower,0,-1,0.0,100
USER_004562,defaulter,1,2,50.0,97
USER_004563,responsible_borrower,2,0,78.125,106
USER_004564,responsible_borrower,2,0,78.125,97
USER_004565,non_borrower,0,-1,0.0,99
USER_004566,non_borrower,0,-1,0.0,87
USER_004567,occasional_borrower,1,0,62.5,111
USER_004568,occasional_borrower,1,0,62.5,100
USER_004569,occasional_borrower,2,0,78.125,93
USER_004570,non_borrower,0,-1,0.0,101
USER_004571,non_borrower,0,-1,0.0,100
USER_004572,responsible_borrower,4,1,97.65625,102
USER_004573,non_borrower,0,-1,0.0,95
USER_004574,responsible_borrower,2,0,78.125,85
USER_004575,non_borrower,0,-1,0.0,110
USER_004576,responsible_borrower,3,0,97.65625,108
USER_004577,non_borrower,0,-1,0.0,89
USER_004578,responsible_borrower,2,0,78.125,117
USER_004579,occasional_borrower,2,1,50.0,106
USER_004580,risky_borrower,4,2,50.0,92
USER_004581,non_borrower,0,-1,0.0,97
USER_004582,non_borrower,0,-1,0.0,89
USER_004583,responsible_borrower,4,0,122.0703125,94
USER_004584,non_borrower,0,-1,0.0,87
USER_004585,non_borrower,0,-1,0.0,109
USER_004586,responsible_borrower,3,1,78.125,118
USER_004587,risky_borrower,3,2,50.0,91
USER_004588,non_borrower,0,-1,0.0,91
USER_004589,responsible_borrower,4,1,97.65625,99
USER_004590,non_borrower,0,-1,0.0,94
USER_004591,non_borrower,0,-1,0.0,83
USER_004592,non_borrower,0,-1,0.0,99
USER_004593,occasional_borrower,2,1,62.5,108
USER_004594,occasional_borrower,1,0,62.5,103
USER_004595,non_borrower,0,-1,0.0,107
USER_004596,occasional_borrower,2,1,62.5,99
USER_004597,responsible_borrower,2,0,78.125,110
USER_004598,responsible_borrower,3,0,97.65625,126
USER_004599,responsible_borrower,2,0,78.125,101
USER_004600,responsible_borrower,4,1,97.65625,93
USER_004601,risky_borrower,4,1,50.0,121
USER_004602,defaulter,1,2,50.0,117
USER_004603,non_borrower,0,-1,0.0,94
USER_004604,occasional_borrower,2,1,62.5,79
USER_004605,responsible_borrower,2,0,78.125,115
USER_004606,non_borrower,0,-1,0.0,110
USER_004607,non_borrower,0,-1,0.0,102
USER_004608,non_borrower,0,-1,0.0,94
USER_004609,occasional_borrower,1,1,50.0,112
USER_004610,non_borrower,0,-1,0.0,96
USER_004611,responsible_borrower,2,1,62.5,101
USER_004612,non_borrower,0,-1,0.0,103
USER_004613,responsible_borrower,4,0,122.0703125,96
USER_004614,risky_borrower,1,2,50.0,98
USER_004615,non_borrower,0,-1,0.0,91
USER_004616,responsible_borrower,4,1,97.65625,120
USER_004617,responsible_borrower,2,0,78.125,84
USER_004618,occasional_borrower,1,1,50.0,103
USER_004619,responsible_borrower,2,0,78.125,102
USER_004620,responsible_borrower,2,1,62.5,97
USER_004621,non_borrower,0,-1,0.0,109
USER_004622,responsible_borrower,3,1,62.5,104
USER_004623,responsible_borrower,4,1,97.65625,110
USER_004624,non_borrower,0,-1,0.0,102
USER_004625,risky_borrower,5,1,50.0,110
USER_004626,non_borrower,0,-1,0.0,99
USER_004627,non_borrower,0,-1,0.0,82
USER_004628,non_borrower,0,-1,0.0,100
USER_004629,responsible_borrower,4,1,97.65625,112
USER_004630,responsible_borrower,3,0,97.65625,110
USER_004631,non_borrower,0,-1,0.0,89
USER_004632,responsible_borrower,4,0,122.0703125,98
USER_004633,responsible_borrower,3,1,78.125,115
USER_004634,non_borrower,0,-1,0.0,109
USER_004635,responsible_borrower,2,0,78.125,106
USER_004636,responsible_borrower,3,0,97.65625,118
USER_004637,responsible_borrower,2,0,78.125,110
USER_004638,non_borrower,0,-1,0.0,88
USER_004639,non_borrower,0,-1,0.0,112
USER_004640,responsible_borrower,4,0,122.0703125,113
USER_004641,non_borrower,0,-1,0.0,104
USER_004642,non_borrower,0,-1,0.0,113
USER_004643,responsible_borrower,4,0,122.0703125,99
USER_004644,responsible_borrower,4,1,97.65625,101
USER_004645,non_borrower,0,-1,0.0,90
USER_004646,responsible_borrower,3,0,97.65625,103
USER_004647,responsible_borrower,2,0,78.125,95
USER_004648,occasional_borrower,2,1,62.5,93
USER_004649,occasional_borrower,2,1,62.5,110
USER_004650,non_borrower,0,-1,0.0,108
USER_004651,non_borrower,0,-1,0.0,97
USER_004652,occasional_borrower,2,1,62.5,106
USER_004653,responsible_borrower,2,0,78.125,106
USER_004654,defaulter,1,2,50.0,98
USER_004655,occasional_borrower,2,1,62.5,115
USER_004656,non_borrower,0,-1,0.0,98
USER_004657,non_borrower,0,-1,0.0,85
USER_004658,responsible_borrower,4,1,97.65625,101
USER_004659,occasional_borrower,2,0,78.125,112
USER_004660,occasional_borrower,1,1,50.0,115
USER_004661,risky_borrower,4,2,50.0,116
USER_004662,non_borrower,0,-1,0.0,100
USER_004663,non_borrower,0,-1,0.0,84
USER_004664,occasional_borrower,1,1,50.0,99
USER_004665,non_borrower,0,-1,0.0,113
USER_004666,occasional_borrower,1,0,62.5,100
USER_004667,responsible_borrower,2,1,62.5,117
USER_004668,responsible_borrower,2,0,78.125,102
USER_004669,risky_borrower,6,1,50.0,104
USER_004670,responsible_borrower,4,1,78.125,95
USER_004671,occasional_borrower,2,1,62.5,88
USER_004672,non_borrower,0,-1,0.0,101
USER_004673,responsible_borrower,2,0,78.125,108
USER_004674,non_borrower,0,-1,0.0,95
USER_004675,non_borrower,0,-1,0.0,87
USER_004676,responsible_borrower,2,0,78.125,107
USER_004677,occasional_borrower,1,0,62.5,104
USER_004678,risky_borrower,1,2,50.0,98
USER_004679,non_borrower,0,-1,0.0,75
USER_004680,non_borrower,0,-1,0.0,103
USER_004681,responsible_borrower,4,0,122.0703125,122
USER_004682,occasional_borrower,1,0,62.5,94
USER_004683,defaulter,1,2,50.0,97
USER_004684,non_borrower,0,-1,0.0,90
USER_004685,non_borrower,0,-1,0.0,115
USER_004686,responsible_borrower,4,0,122.0703125,106
USER_004687,non_borrower,0,-1,0.0,109
USER_004688,non_borrower,0,-1,0.0,109
USER_004689,responsible_borrower,2,0,78.125,101
USER_004690,responsible_borrower,4,1,97.65625,109
USER_004691,non_borrower,0,-1,0.0,112
USER_004692,defaulter,1,2,50.0,125
USER_004693,responsible_borrower,2,0,78.125,88
USER_004694,occasional_borrower,2,1,50.0,95
USER_004695,responsible_borrower,2,0,78.125,84
USER_004696,risky_borrower,4,2,50.0,101
USER_004697,occasional_borrower,1,0,62.5,102
USER_004698,risky_borrower,2,2,50.0,101
USER_004699,responsible_borrower,3,0,97.65625,116
USER_004700,responsible_borrower,2,1,62.5,110
USER_004701,responsible_borrower,2,0,78.125,105
USER_004702,non_borrower,0,-1,0.0,103
USER_004703,non_borrower,0,-1,0.0,109
USER_004704,responsible_borrower,3,0,97.65625,113
USER_004705,non_borrower,0,-1,0.0,108
USER_004706,responsible_borrower,4,1,97.65625,105
USER_004707,non_borrower,0,-1,0.0,105
USER_004708,occasional_borrower,2,0,78.125,87
USER_004709,risky_borrower,5,1,50.0,104
USER_004710,non_borrower,0,-1,0.0,88
USER_004711,responsible_borrower,3,0,97.65625,127
USER_004712,occasional_borrower,1,1,50.0,95
USER_004713,risky_borrower,1,2,50.0,96
USER_004714,responsible_borrower,4,1,97.65625,116
USER_004715,non_borrower,0,-1,0.0,107
USER_004716,defaulter,1,2,50.0,115
USER_004717,occasional_borrower,1,0,62.5,107
USER_004718,non_borrower,0,-1,0.0,88
USER_004719,non_borrower,0,-1,0.0,99
USER_004720,responsible_borrower,4,0,122.0703125,113
USER_004721,responsible_borrower,4,0,122.0703125,96
USER_004722,occasional_borrower,2,0,78.125,105
USER_004723,non_borrower,0,-1,0.0,105
USER_004724,risky_borrower,1,2,50.0,104
USER_004725,non_borrower,0,-1,0.0,93
USER_004726,non_borrower,0,-1,0.0,94
USER_004727,responsible_borrower,4,0,122.0703125,108
USER_004728,responsible_borrower,2,0,78.125,100
USER_004729,defaulter,1,2,50.0,114
USER_004730,non_borrower,0,-1,0.0,100
USER_004731,non_borrower,0,-1,0.0,106
USER_004732,responsible_borrower,3,0,97.65625,117
USER_004733,non_borrower,0,-1,0.0,99
USER_004734,non_borrower,0,-1,0.0,86
USER_004735,responsible_borrower,3,0,97.65625,99
USER_004736,non_borrower,0,-1,0.0,90
USER_004737,risky_borrower,4,1,50.0,122
USER_004738,responsible_borrower,4,0,122.0703125,110
USER_004739,non_borrower,0,-1,0.0,97
USER_004740,non_borrower,0,-1,0.0,95
USER_004741,non_borrower,0,-1,0.0,96
USER_004742,non_borrower,0,-1,0.0,106
USER_004743,responsible_borrower,2,0,78.125,107
USER_004744,responsible_borrower,4,0,122.0703125,105
USER_004745,non_borrower,0,-1,0.0,106
USER_004746,responsible_borrower,4,1,97.65625,99
USER_004747,non_borrower,0,-1,0.0,105
USER_004748,responsible_borrower,3,0,97.65625,96
USER_004749,responsible_borrower,3,0,97.65625,90
USER_004750,occasional_borrower,2,1,62.5,90
USER_004751,occasional_borrower,2,1,50.0,109
USER_004752,responsible_borrower,4,1,97.65625,127
USER_004753,responsible_borrower,3,1,78.125,107
USER_004754,non_borrower,0,-1,0.0,108
USER_004755,responsible_borrower,4,0,122.0703125,107
USER_004756,responsible_borrower,4,1,97.65625,112
USER_004757,non_borrower,0,-1,0.0,93
USER_004758,responsible_borrower,4,1,97.65625,101
USER_004759,risky_borrower,4,2,50.0,116
USER_004760,responsible_borrower,4,1,97.65625,117
USER_004761,responsible_borrower,4,1,97.65625,80
USER_004762,non_borrower,0,-1,0.0,85
USER_004763,responsible_borrower,4,0,122.0703125,113
USER_004764,non_borrower,0,-1,0.0,100
USER_004765,responsible_borrower,2,0,78.125,93
USER_004766,occasional_borrower,1,1,50.0,101
USER_004767,responsible_borrower,3,0,97.65625,118
USER_004768,occasional_borrower,1,0,62.5,91
USER_004769,non_borrower,0,-1,0.0,107
USER_004770,non_borrower,0,-1,0.0,78
USER_004771,responsible_borrower,4,0,122.0703125,112
USER_004772,non_borrower,0,-1,0.0,108
USER_004773,occasional_borrower,1,0,62.5,101
USER_004774,responsible_borrower,2,0,78.125,107
USER_004775,non_borrower,0,-1,0.0,97
USER_004776,risky_borrower,5,1,50.0,118
USER_004777,responsible_borrower,4,0,122.0703125,112
USER_004778,responsible_borrower,2,0,78.125,98
USER_004779,responsible_borrower,4,0,122.0703125,115
USER_004780,non_borrower,0,-1,0.0,95
USER_004781,responsible_borrower,3,0,97.65625,121
USER_004782,non_borrower,0,-1,0.0,96
USER_004783,non_borrower,0,-1,0.0,91
USER_004784,non_borrower,0,-1,0.0,112
USER_004785,non_borrower,0,-1,0.0,89
USER_004786,responsible_borrower,3,0,97.65625,91
USER_004787,non_borrower,0,-1,0.0,104
USER_004788,defaulter,1,2,50.0,109
USER_004789,non_borrower,0,-1,0.0,90
USER_004790,defaulter,1,2,50.0,111
USER_004791,non_borrower,0,-1,0.0,96
USER_004792,risky_borrower,1,2,50.0,112
USER_004793,responsible_borrower,4,0,122.0703125,113
USER_004794,responsible_borrower,3,0,97.65625,100
USER_004795,responsible_borrower,4,0,122.0703125,98
USER_004796,defaulter,1,2,50.0,93
USER_004797,responsible_borrower,4,1,97.65625,108
USER_004798,responsible_borrower,3,0,97.65625,121
USER_004799,non_borrower,0,-1,0.0,97
USER_004800,responsible_borrower,3,0,97.65625,121
USER_004801,responsible_borrower,4,1,97.65625,118
USER_004802,non_borrower,0,-1,0.0,92
USER_004803,responsible_borrower,4,0,122.0703125,122
USER_004804,non_borrower,0,-1,0.0,98
USER_004805,responsible_borrower,2,0,78.125,99
USER_004806,non_borrower,0,-1,0.0,80
USER_004807,non_borrower,0,-1,0.0,87
USER_004808,responsible_borrower,3,0,97.65625,120
USER_004809,responsible_borrower,4,0,122.0703125,106
USER_004810,responsible_borrower,3,0,97.65625,111
USER_004811,responsible_borrower,2,0,78.125,95
USER_004812,occasional_borrower,2,1,62.5,99
USER_004813,responsible_borrower,2,0,78.125,90
USER_004814,non_borrower,0,-1,0.0,108
USER_004815,responsible_borrower,3,0,97.65625,116
USER_004816,risky_borrower,5,1,50.0,123
USER_004817,occasional_borrower,1,1,50.0,111
USER_004818,responsible_borrower,2,0,78.125,122
USER_004819,non_borrower,0,-1,0.0,84
USER_004820,non_borrower,0,-1,0.0,103
USER_004821,responsible_borrower,4,1,97.65625,100
USER_004822,responsible_borrower,4,1,97.65625,97
USER_004823,non_borrower,0,-1,0.0,88
USER_004824,responsible_borrower,2,0,78.125,108
USER_004825,defaulter,1,2,50.0,102
USER_004826,responsible_borrower,4,0,122.0703125,123
USER_004827,non_borrower,0,-1,0.0,107
USER_004828,responsible_borrower,3,1,78.125,102
USER_004829,non_borrower,0,-1,0.0,114
USER_004830,responsible_borrower,3,0,97.65625,114
USER_004831,non_borrower,0,-1,0.0,107
USER_004832,responsible_borrower,4,1,97.65625,113
USER_004833,non_borrower,0,-1,0.0,118
USER_004834,non_borrower,0,-1,0.0,103
USER_004835,occasional_borrower,2,1,62.5,104
USER_004836,occasional_borrower,1,1,50.0,100
USER_004837,non_borrower,0,-1,0.0,95
USER_004838,occasional_borrower,1,0,62.5,101
USER_004839,occasional_borrower,1,0,62.5,98
USER_004840,responsible_borrower,4,1,97.65625,126
USER_004841,responsible_borrower,4,0,122.0703125,98
USER_004842,non_borrower,0,-1,0.0,103
USER_004843,non_borrower,0,-1,0.0,82
USER_004844,defaulter,1,2,50.0,86
USER_004845,responsible_borrower,4,0,122.0703125,100
USER_004846,occasional_borrower,2,1,62.5,108
USER_004847,non_borrower,0,-1,0.0,94
USER_004848,non_borrower,0,-1,0.0,87
USER_004849,non_borrower,0,-1,0.0,107
USER_004850,non_borrower,0,-1,0.0,82
USER_004851,non_borrower,0,-1,0.0,93
USER_004852,non_borrower,0,-1,0.0,113
USER_004853,non_borrower,0,-1,0.0,85
USER_004854,responsible_borrower,3,0,97.65625,124
USER_004855,risky_borrower,4,1,50.0,110
USER_004856,occasional_borrower,1,0,62.5,96
USER_004857,responsible_borrower,3,1,78.125,105
USER_004858,occasional_borrower,1,1,50.0,105
USER_004859,occasional_borrower,2,1,50.0,106
USER_004860,non_borrower,0,-1,0.0,102
USER_004861,occasional_borrower,2,0,78.125,103
USER_004862,non_borrower,0,-1,0.0,106
USER_004863,responsible_borrower,2,1,62.5,98
USER_004864,non_borrower,0,-1,0.0,99
USER_004865,occasional_borrower,2,1,62.5,111
USER_004866,non_borrower,0,-1,0.0,98
USER_004867,non_borrower,0,-1,0.0,106
USER_004868,non_borrower,0,-1,0.0,102
USER_004869,responsible_borrower,3,1,78.125,111
USER_004870,non_borrower,0,-1,0.0,102
USER_004871,responsible_borrower,3,0,97.65625,98
USER_004872,occasional_borrower,1,1,50.0,107
USER_004873,responsible_borrower,4,1,97.65625,109
USER_004874,occasional_borrower,1,0,62.5,112
USER_004875,defaulter,1,2,50.0,108
USER_004876,risky_borrower,2,2,50.0,100
USER_004877,responsible_borrower,3,1,78.125,97
USER_004878,occasional_borrower,1,0,62.5,116
USER_004879,occasional_borrower,2,0,78.125,89
USER_004880,risky_borrower,3,2,50.0,122
USER_004881,non_borrower,0,-1,0.0,99
USER_004882,risky_borrower,5,1,50.0,113
USER_004883,responsible_borrower,3,0,97.65625,106
USER_004884,occasional_borrower,1,1,50.0,96
USER_004885,non_borrower,0,-1,0.0,115
USER_004886,responsible_borrower,3,1,78.125,94
USER_004887,non_borrower,0,-1,0.0,82
USER_004888,non_borrower,0,-1,0.0,100
USER_004889,responsible_borrower,3,0,97.65625,103
USER_004890,responsible_borrower,4,0,122.0703125,111
USER_004891,responsible_borrower,4,1,97.65625,111
USER_004892,responsible_borrower,3,1,62.5,95
USER_004893,risky_borrower,5,1,50.0,120
USER_004894,defaulter,1,2,50.0,97
USER_004895,non_borrower,0,-1,0.0,101
USER_004896,responsible_borrower,3,1,78.125,100
USER_004897,non_borrower,0,-1,0.0,80
USER_004898,non_borrower,0,-1,0.0,106
USER_004899,risky_borrower,5,1,50.0,106
USER_004900,occasional_borrower,1,0,62.5,95
USER_004901,non_borrower,0,-1,0.0,90
USER_004902,non_borrower,0,-1,0.0,109
USER_004903,responsible_borrower,4,0,122.0703125,106
USER_004904,occasional_borrower,2,1,62.5,113
USER_004905,responsible_borrower,4,0,122.0703125,107
USER_004906,responsible_borrower,3,0,97.65625,127
USER_004907,responsible_borrower,4,0,122.0703125,102
USER_004908,responsible_borrower,4,0,122.0703125,109
USER_004909,responsible_borrower,3,0,97.65625,91
USER_004910,risky_borrower,6,1,50.0,128
USER_004911,occasional_borrower,2,1,50.0,108
USER_004912,non_borrower,0,-1,0.0,104
USER_004913,responsible_borrower,4,0,122.0703125,120
USER_004914,non_borrower,0,-1,0.0,109
USER_004915,occasional_borrower,1,0,62.5,109
USER_004916,occasional_borrower,2,0,78.125,93
USER_004917,responsible_borrower,2,1,62.5,104
USER_004918,responsible_borrower,2,0,78.125,101
USER_004919,non_borrower,0,-1,0.0,99
USER_004920,responsible_borrower,3,0,97.65625,112
USER_004921,non_borrower,0,-1,0.0,100
USER_004922,occasional_borrower,2,1,62.5,93
USER_004923,occasional_borrower,1,1,50.0,104
USER_004924,non_borrower,0,-1,0.0,110
USER_004925,responsible_borrower,2,0,78.125,98
USER_004926,non_borrower,0,-1,0.0,93
USER_004927,responsible_borrower,2,0,78.125,107
USER_004928,risky_borrower,5,1,50.0,102
USER_004929,non_borrower,0,-1,0.0,111
USER_004930,occasional_borrower,1,0,62.5,99
USER_004931,responsible_borrower,3,1,78.125,108
USER_004932,occasional_borrower,1,0,62.5,100
USER_004933,non_borrower,0,-1,0.0,111
USER_004934,responsible_borrower,3,1,78.125,105
USER_004935,occasional_borrower,1,0,62.5,95
USER_004936,responsible_borrower,3,0,97.65625,120
USER_004937,non_borrower,0,-1,0.0,109
USER_004938,non_borrower,0,-1,0.0,95
USER_004939,non_borrower,0,-1,0.0,109
USER_004940,non_borrower,0,-1,0.0,98
USER_004941,non_borrower,0,-1,0.0,94
USER_004942,non_borrower,0,-1,0.0,104
USER_004943,risky_borrower,4,1,50.0,120
USER_004944,non_borrower,0,-1,0.0,109
USER_004945,occasional_borrower,2,1,50.0,119
USER_004946,responsible_borrower,2,0,78.125,110
USER_004947,non_borrower,0,-1,0.0,87
USER_004948,non_borrower,0,-1,0.0,77
USER_004949,non_borrower,0,-1,0.0,101
USER_004950,responsible_borrower,4,0,122.0703125,102
USER_004951,non_borrower,0,-1,0.0,97
USER_004952,occasional_borrower,1,0,62.5,95
USER_004953,occasional_borrower,2,0,78.125,127
USER_004954,responsible_borrower,4,0,122.0703125,107
USER_004955,non_borrower,0,-1,0.0,105
USER_004956,responsible_borrower,3,0,97.65625,101
USER_004957,non_borrower,0,-1,0.0,101
USER_004958,non_borrower,0,-1,0.0,86
USER_004959,non_borrower,0,-1,0.0,85
USER_004960,non_borrower,0,-1,0.0,94
USER_004961,risky_borrower,4,2,50.0,90
USER_004962,non_borrower,0,-1,0.0,85
USER_004963,responsible_borrower,2,0,78.125,93
USER_004964,responsible_borrower,2,0,78.125,106
USER_004965,responsible_borrower,2,0,78.125,109
USER_004966,responsible_borrower,2,0,78.125,124
USER_004967,responsible_borrower,3,1,78.125,112
USER_004968,non_borrower,0,-1,0.0,91
USER_004969,responsible_borrower,2,0,78.125,107
USER_004970,non_borrower,0,-1,0.0,110
USER_004971,non_borrower,0,-1,0.0,99
USER_004972,responsible_borrower,3,0,97.65625,105
USER_004973,non_borrower,0,-1,0.0,97
USER_004974,occasional_borrower,2,0,78.125,95
USER_004975,responsible_borrower,4,0,122.0703125,98
USER_004976,defaulter,1,2,50.0,101
USER_004977,non_borrower,0,-1,0.0,83
USER_004978,responsible_borrower,2,0,78.125,98
USER_004979,risky_borrower,4,2,50.0,89
USER_004980,responsible_borrower,3,0,97.65625,106
USER_004981,occasional_borrower,2,2,50.0,86
USER_004982,non_borrower,0,-1,0.0,86
USER_004983,risky_borrower,5,1,50.0,112
USER_004984,responsible_borrower,3,1,78.125,109
USER_004985,responsible_borrower,2,0,78.125,111
USER_004986,non_borrower,0,-1,0.0,95
USER_004987,responsible_borrower,4,0,122.0703125,105
USER_004988,responsible_borrower,4,0,122.0703125,102
USER_004989,occasional_borrower,1,0,62.5,101
USER_004990,non_borrower,0,-1,0.0,103
USER_004991,occasional_borrower,1,0,62.5,106
USER_004992,occasional_borrower,1,0,62.5,90
USER_004993,occasional_borrower,2,0,78.125,97
USER_004994,responsible_borrower,2,0,78.125,105
USER_004995,responsible_borrower,3,0,97.65625,114
USER_004996,responsible_borrower,2,0,78.125,96
USER_004997,non_borrower,0,-1,0.0,104
USER_004998,responsible_borrower,3,0,97.65625,107
USER_004999,non_borrower,0,-1,0.0,97
USER_005000,occasional_borrower,1,1,50.0,96
USER_005001,responsible_borrower,3,1,78.125,101
USER_005002,responsible_borrower,2,0,78.125,107
USER_005003,responsible_borrower,2,0,78.125,106
USER_005004,non_borrower,0,-1,0.0,106
USER_005005,responsible_borrower,2,1,62.5,103
USER_005006,risky_borrower,5,1,50.0,99
USER_005007,defaulter,1,2,50.0,101
USER_005008,responsible_borrower,4,0,122.0703125,130
USER_005009,occasional_borrower,1,0,62.5,98
USER_005010,occasional_borrower,2,0,78.125,106
USER_005011,risky_borrower,3,2,50.0,103
USER_005012,non_borrower,0,-1,0.0,116
USER_005013,non_borrower,0,-1,0.0,104
USER_005014,occasional_borrower,2,0,78.125,107
USER_005015,responsible_borrower,2,0,78.125,114
USER_005016,defaulter,1,2,50.0,104
USER_005017,occasional_borrower,2,1,50.0,90
USER_005018,non_borrower,0,-1,0.0,93
USER_005019,non_borrower,0,-1,0.0,86
USER_005020,responsible_borrower,4,1,97.65625,106
USER_005021,non_borrower,0,-1,0.0,106
USER_005022,risky_borrower,2,2,50.0,111
USER_005023,responsible_borrower,4,1,97.65625,118
USER_005024,non_borrower,0,-1,0.0,79
USER_005025,non_borrower,0,-1,0.0,93
USER_005026,non_borrower,0,-1,0.0,87
USER_005027,non_borrower,0,-1,0.0,90
USER_005028,responsible_borrower,4,0,122.0703125,106
USER_005029,responsible_borrower,2,1,62.5,117
USER_005030,occasional_borrower,1,0,62.5,131
USER_005031,responsible_borrower,4,0,122.0703125,96
USER_005032,non_borrower,0,-1,0.0,97
USER_005033,responsible_borrower,3,0,97.65625,96
USER_005034,non_borrower,0,-1,0.0,101
USER_005035,defaulter,1,2,50.0,118
USER_005036,risky_borrower,4,1,50.0,97
USER_005037,responsible_borrower,4,0,122.0703125,106
USER_005038,responsible_borrower,2,1,62.5,83
USER_005039,non_borrower,0,-1,0.0,93
USER_005040,responsible_borrower,3,0,97.65625,92
USER_005041,non_borrower,0,-1,0.0,87
USER_005042,non_borrower,0,-1,0.0,105
USER_005043,responsible_borrower,4,0,122.0703125,98
USER_005044,occasional_borrower,2,0,78.125,92
USER_005045,responsible_borrower,2,0,78.125,129
USER_005046,responsible_borrower,3,0,97.65625,99
USER_005047,non_borrower,0,-1,0.0,111
USER_005048,non_borrower,0,-1,0.0,108
USER_005049,responsible_borrower,2,0,78.125,104
USER_005050,responsible_borrower,2,0,78.125,114
USER_005051,non_borrower,0,-1,0.0,100
USER_005052,non_borrower,0,-1,0.0,97
USER_005053,defaulter,1,2,50.0,95
USER_005054,occasional_borrower,2,1,62.5,106
USER_005055,non_borrower,0,-1,0.0,94
USER_005056,occasional_borrower,2,1,50.0,102
USER_005057,occasional_borrower,1,1,50.0,95
USER_005058,non_borrower,0,-1,0.0,115
USER_005059,non_borrower,0,-1,0.0,97
USER_005060,non_borrower,0,-1,0.0,108
USER_005061,non_borrower,0,-1,0.0,106
USER_005062,non_borrower,0,-1,0.0,109
USER_005063,risky_borrower,1,2,50.0,119
USER_005064,non_borrower,0,-1,0.0,99
USER_005065,non_borrower,0,-1,0.0,98
USER_005066,responsible_borrower,4,0,122.0703125,96
USER_005067,non_borrower,0,-1,0.0,110
USER_005068,non_borrower,0,-1,0.0,108
USER_005069,responsible_borrower,3,1,78.125,114
USER_005070,non_borrower,0,-1,0.0,81
USER_005071,risky_borrower,3,2,50.0,111
USER_005072,occasional_borrower,1,0,62.5,108
USER_005073,responsible_borrower,4,0,122.0703125,103
USER_005074,risky_borrower,4,2,50.0,115
USER_005075,non_borrower,0,-1,0.0,110
USER_005076,occasional_borrower,1,1,50.0,95
USER_005077,responsible_borrower,4,1,78.125,111
USER_005078,responsible_borrower,2,0,78.125,108
USER_005079,occasional_borrower,1,0,62.5,87
USER_005080,responsible_borrower,3,0,97.65625,104
USER_005081,non_borrower,0,-1,0.0,103
USER_005082,non_borrower,0,-1,0.0,82
USER_005083,responsible_borrower,4,0,122.0703125,90
USER_005084,non_borrower,0,-1,0.0,114
USER_005085,occasional_borrower,1,0,62.5,106
USER_005086,occasional_borrower,2,1,62.5,90
USER_005087,responsible_borrower,2,0,78.125,123
USER_005088,non_borrower,0,-1,0.0,105
USER_005089,non_borrower,0,-1,0.0,111
USER_005090,occasional_borrower,2,1,50.0,106
USER_005091,non_borrower,0,-1,0.0,90
USER_005092,responsible_borrower,3,0,97.65625,105
USER_005093,occasional_borrower,1,1,50.0,107
USER_005094,defaulter,1,2,50.0,89
USER_005095,responsible_borrower,2,1,62.5,109
USER_005096,responsible_borrower,4,1,97.65625,98
USER_005097,responsible_borrower,4,0,122.0703125,101
USER_005098,occasional_borrower,1,1,50.0,100
USER_005099,occasional_borrower,1,1,50.0,95
USER_005100,risky_borrower,4,1,50.0,91
USER_005101,non_borrower,0,-1,0.0,85
USER_005102,occasional_borrower,2,1,62.5,97
USER_005103,non_borrower,0,-1,0.0,97
USER_005104,occasional_borrower,2,1,50.0,103
USER_005105,responsible_borrower,2,0,78.125,96
USER_005106,responsible_borrower,2,0,78.125,113
USER_005107,non_borrower,0,-1,0.0,96
USER_005108,non_borrower,0,-1,0.0,87
USER_005109,occasional_borrower,1,1,50.0,107
USER_005110,occasional_borrower,2,1,62.5,112
USER_005111,non_borrower,0,-1,0.0,111
USER_005112,non_borrower,0,-1,0.0,112
USER_005113,occasional_borrower,1,0,62.5,117
USER_005114,non_borrower,0,-1,0.0,105
USER_005115,risky_borrower,5,1,50.0,104
USER_005116,non_borrower,0,-1,0.0,104
USER_005117,non_borrower,0,-1,0.0,110
USER_005118,non_borrower,0,-1,0.0,102
USER_005119,defaulter,1,2,50.0,102
USER_005120,occasional_borrower,2,1,62.5,90
USER_005121,responsible_borrower,3,0,97.65625,105
USER_005122,responsible_borrower,2,1,62.5,96
USER_005123,responsible_borrower,3,0,97.65625,117
USER_005124,responsible_borrower,4,0,122.0703125,105
USER_005125,non_borrower,0,-1,0.0,96
USER_005126,responsible_borrower,4,0,122.0703125,115
USER_005127,responsible_borrower,3,0,97.65625,93
USER_005128,responsible_borrower,2,0,78.125,98
USER_005129,occasional_borrower,2,0,78.125,89
USER_005130,non_borrower,0,-1,0.0,100
USER_005131,responsible_borrower,2,0,78.125,102
USER_005132,non_borrower,0,-1,0.0,113
USER_005133,non_borrower,0,-1,0.0,100
USER_005134,non_borrower,0,-1,0.0,109
USER_005135,non_borrower,0,-1,0.0,109
USER_005136,non_borrower,0,-1,0.0,85
USER_005137,responsible_borrower,4,1,78.125,95
USER_005138,non_borrower,0,-1,0.0,90
USER_005139,responsible_borrower,2,0,78.125,112
USER_005140,responsible_borrower,2,1,62.5,93
USER_005141,occasional_borrower,1,0,62.5,99
USER_005142,occasional_borrower,1,1,50.0,95
USER_005143,occasional_borrower,2,1,62.5,111
USER_005144,responsible_borrower,3,0,97.65625,100
USER_005145,responsible_borrower,3,1,78.125,102
USER_005146,non_borrower,0,-1,0.0,108
USER_005147,occasional_borrower,1,1,50.0,85
USER_005148,responsible_borrower,4,0,122.0703125,92
USER_005149,non_borrower,0,-1,0.0,103
USER_005150,responsible_borrower,4,0,122.0703125,100
USER_005151,responsible_borrower,2,0,78.125,119
USER_005152,non_borrower,0,-1,0.0,98
USER_005153,occasional_borrower,1,0,62.5,103
USER_005154,non_borrower,0,-1,0.0,98
USER_005155,non_borrower,0,-1,0.0,107
USER_005156,non_borrower,0,-1,0.0,103
USER_005157,occasional_borrower,2,0,78.125,106
USER_005158,non_borrower,0,-1,0.0,111
USER_005159,non_borrower,0,-1,0.0,95
USER_005160,responsible_borrower,4,1,97.65625,114
USER_005161,non_borrower,0,-1,0.0,97
USER_005162,occasional_borrower,1,0,62.5,97
USER_005163,risky_borrower,5,1,50.0,106
USER_005164,responsible_borrower,2,1,62.5,109
USER_005165,responsible_borrower,3,0,97.65625,119
USER_005166,non_borrower,0,-1,0.0,93
USER_005167,occasional_borrower,1,1,50.0,95
USER_005168,responsible_borrower,4,1,78.125,103
USER_005169,non_borrower,0,-1,0.0,102
USER_005170,risky_borrower,4,2,50.0,113
USER_005171,non_borrower,0,-1,0.0,103
USER_005172,risky_borrower,1,2,50.0,96
USER_005173,responsible_borrower,3,0,97.65625,88
USER_005174,non_borrower,0,-1,0.0,96
USER_005175,responsible_borrower,2,0,78.125,105
USER_005176,non_borrower,0,-1,0.0,87
USER_005177,non_borrower,0,-1,0.0,107
USER_005178,non_borrower,0,-1,0.0,97
USER_005179,non_borrower,0,-1,0.0,99
USER_005180,non_borrower,0,-1,0.0,101
USER_005181,occasional_borrower,1,1,50.0,94
USER_005182,responsible_borrower,4,1,78.125,114
USER_005183,occasional_borrower,1,0,62.5,112
USER_005184,responsible_borrower,4,0,122.0703125,117
USER_005185,responsible_borrower,2,0,78.125,91
USER_005186,non_borrower,0,-1,0.0,92
USER_005187,non_borrower,0,-1,0.0,105
USER_005188,non_borrower,0,-1,0.0,113
USER_005189,non_borrower,0,-1,0.0,78
USER_005190,responsible_borrower,3,0,97.65625,108
USER_005191,non_borrower,0,-1,0.0,96
USER_005192,non_borrower,0,-1,0.0,96
USER_005193,non_borrower,0,-1,0.0,82
USER_005194,occasional_borrower,1,0,62.5,95
USER_005195,non_borrower,0,-1,0.0,95
USER_005196,responsible_borrower,4,0,122.0703125,102
USER_005197,occasional_borrower,1,0,62.5,95
USER_005198,responsible_borrower,2,0,78.125,105
USER_005199,occasional_borrower,1,1,50.0,100
USER_005200,responsible_borrower,3,0,97.65625,103
USER_005201,non_borrower,0,-1,0.0,118
USER_005202,non_borrower,0,-1,0.0,102
USER_005203,occasional_borrower,2,1,62.5,95
USER_005204,responsible_borrower,2,0,78.125,98
USER_005205,non_borrower,0,-1,0.0,117
USER_005206,non_borrower,0,-1,0.0,96
USER_005207,non_borrower,0,-1,0.0,89
USER_005208,responsible_borrower,3,0,97.65625,122
USER_005209,responsible_borrower,2,1,62.5,99
USER_005210,responsible_borrower,3,0,97.65625,107
USER_005211,responsible_borrower,4,0,122.0703125,113
USER_005212,responsible_borrower,4,0,122.0703125,103
USER_005213,non_borrower,0,-1,0.0,96
USER_005214,responsible_borrower,2,0,78.125,114
USER_005215,responsible_borrower,2,0,78.125,111
USER_005216,non_borrower,0,-1,0.0,105
USER_005217,non_borrower,0,-1,0.0,113
USER_005218,responsible_borrower,3,0,97.65625,107
USER_005219,non_borrower,0,-1,0.0,99
USER_005220,risky_borrower,6,1,50.0,121
USER_005221,non_borrower,0,-1,0.0,88
USER_005222,non_borrower,0,-1,0.0,102
USER_005223,non_borrower,0,-1,0.0,93
USER_005224,occasional_borrower,2,1,50.0,104
USER_005225,occasional_borrower,1,0,62.5,120
USER_005226,non_borrower,0,-1,0.0,99
USER_005227,occasional_borrower,1,0,62.5,96
USER_005228,responsible_borrower,2,0,78.125,98
USER_005229,risky_borrower,6,1,50.0,106
USER_005230,responsible_borrower,2,0,78.125,99
USER_005231,responsible_borrower,3,0,97.65625,112
USER_005232,non_borrower,0,-1,0.0,99
USER_005233,non_borrower,0,-1,0.0,79
USER_005234,non_borrower,0,-1,0.0,100
USER_005235,responsible_borrower,3,0,97.65625,105
USER_005236,occasional_borrower,2,1,62.5,116
USER_005237,responsible_borrower,3,0,97.65625,120
USER_005238,responsible_borrower,2,0,78.125,93
USER_005239,responsible_borrower,2,0,78.125,105
USER_005240,occasional_borrower,2,0,78.125,102
USER_005241,non_borrower,0,-1,0.0,110
USER_005242,responsible_borrower,4,0,122.0703125,110
USER_005243,non_borrower,0,-1,0.0,99
USER_005244,risky_borrower,3,2,50.0,105
USER_005245,responsible_borrower,3,0,97.65625,129
USER_005246,non_borrower,0,-1,0.0,104
USER_005247,non_borrower,0,-1,0.0,116
USER_005248,non_borrower,0,-1,0.0,87
USER_005249,occasional_borrower,2,0,78.125,119
USER_005250,responsible_borrower,2,0,78.125,107
USER_005251,non_borrower,0,-1,0.0,129
USER_005252,non_borrower,0,-1,0.0,118
USER_005253,occasional_borrower,2,1,62.5,101
USER_005254,occasional_borrower,2,1,62.5,111
USER_005255,non_borrower,0,-1,0.0,76
USER_005256,non_borrower,0,-1,0.0,104
USER_005257,non_borrower,0,-1,0.0,107
USER_005258,non_borrower,0,-1,0.0,99
USER_005259,non_borrower,0,-1,0.0,77
USER_005260,responsible_borrower,2,0,78.125,101
USER_005261,non_borrower,0,-1,0.0,128
USER_005262,responsible_borrower,3,0,97.65625,102
USER_005263,occasional_borrower,1,1,50.0,96
USER_005264,non_borrower,0,-1,0.0,106
USER_005265,non_borrower,0,-1,0.0,89
USER_005266,occasional_borrower,2,1,50.0,104
USER_005267,responsible_borrower,2,0,78.125,100
USER_005268,responsible_borrower,2,0,78.125,97
USER_005269,non_borrower,0,-1,0.0,85
USER_005270,non_borrower,0,-1,0.0,110
USER_005271,non_borrower,0,-1,0.0,80
USER_005272,non_borrower,0,-1,0.0,105
USER_005273,non_borrower,0,-1,0.0,91
USER_005274,responsible_borrower,3,0,97.65625,117
USER_005275,risky_borrower,5,2,50.0,110
USER_005276,non_borrower,0,-1,0.0,94
USER_005277,responsible_borrower,4,0,122.0703125,104
USER_005278,responsible_borrower,2,0,78.125,110
USER_005279,responsible_borrower,3,0,97.65625,106
USER_005280,non_borrower,0,-1,0.0,105
USER_005281,responsible_borrower,4,0,122.0703125,111
USER_005282,occasional_borrower,2,1,50.0,110
USER_005283,risky_borrower,5,1,50.0,102
USER_005284,non_borrower,0,-1,0.0,91
USER_005285,occasional_borrower,1,1,50.0,102
USER_005286,responsible_borrower,3,0,97.65625,139
USER_005287,responsible_borrower,3,0,97.65625,106
USER_005288,occasional_borrower,2,1,62.5,107
USER_005289,non_borrower,0,-1,0.0,105
USER_005290,non_borrower,0,-1,0.0,102
USER_005291,risky_borrower,4,1,50.0,129
USER_005292,non_borrower,0,-1,0.0,108
USER_005293,responsible_borrower,4,0,122.0703125,103
USER_005294,non_borrower,0,-1,0.0,106
USER_005295,responsible_borrower,2,0,78.125,98
USER_005296,responsible_borrower,4,1,97.65625,110
USER_005297,occasional_borrower,2,1,62.5,100
USER_005298,non_borrower,0,-1,0.0,101
USER_005299,non_borrower,0,-1,0.0,101
USER_005300,occasional_borrower,2,1,50.0,117
USER_005301,responsible_borrower,2,0,78.125,121
USER_005302,responsible_borrower,2,1,62.5,98
USER_005303,non_borrower,0,-1,0.0,88
USER_005304,risky_borrower,2,2,50.0,111
USER_005305,risky_borrower,5,2,50.0,108
USER_005306,non_borrower,0,-1,0.0,100
USER_005307,risky_borrower,5,2,50.0,92
USER_005308,responsible_borrower,3,1,78.125,106
USER_005309,occasional_borrower,2,0,78.125,105
USER_005310,responsible_borrower,2,0,78.125,118
USER_005311,responsible_borrower,4,0,122.0703125,93
USER_005312,responsible_borrower,3,0,97.65625,115
USER_005313,responsible_borrower,3,1,78.125,107
USER_005314,occasional_borrower,2,1,50.0,114
USER_005315,occasional_borrower,1,1,50.0,95
USER_005316,non_borrower,0,-1,0.0,84
USER_005317,occasional_borrower,1,1,50.0,92
USER_005318,responsible_borrower,2,0,78.125,105
USER_005319,occasional_borrower,1,0,62.5,91
USER_005320,defaulter,1,2,50.0,111
USER_005321,responsible_borrower,4,0,122.0703125,108
USER_005322,risky_borrower,4,2,50.0,119
USER_005323,non_borrower,0,-1,0.0,90
USER_005324,non_borrower,0,-1,0.0,88
USER_005325,responsible_borrower,4,0,122.0703125,106
USER_005326,non_borrower,0,-1,0.0,102
USER_005327,responsible_borrower,3,1,78.125,103
USER_005328,occasional_borrower,1,1,50.0,108
USER_005329,non_borrower,0,-1,0.0,89
USER_005330,occasional_borrower,2,1,62.5,112
USER_005331,responsible_borrower,4,0,122.0703125,103
USER_005332,responsible_borrower,3,0,97.65625,103
USER_005333,responsible_borrower,3,0,97.65625,91
USER_005334,non_borrower,0,-1,0.0,97
USER_005335,responsible_borrower,3,0,97.65625,122
USER_005336,non_borrower,0,-1,0.0,100
USER_005337,responsible_borrower,4,0,122.0703125,121
USER_005338,occasional_borrower,1,0,62.5,94
USER_005339,occasional_borrower,2,1,62.5,95
USER_005340,defaulter,1,2,50.0,105
USER_005341,non_borrower,0,-1,0.0,106
USER_005342,responsible_borrower,3,1,78.125,107
USER_005343,occasional_borrower,1,1,50.0,80
USER_005344,non_borrower,0,-1,0.0,97
USER_005345,non_borrower,0,-1,0.0,116
USER_005346,occasional_borrower,2,1,62.5,103
USER_005347,responsible_borrower,4,1,97.65625,89
USER_005348,non_borrower,0,-1,0.0,106
USER_005349,occasional_borrower,2,1,62.5,105
USER_005350,responsible_borrower,4,1,97.65625,127
USER_005351,responsible_borrower,4,0,122.0703125,100
USER_005352,occasional_borrower,2,1,62.5,136
USER_005353,non_borrower,0,-1,0.0,93
USER_005354,non_borrower,0,-1,0.0,91
USER_005355,responsible_borrower,2,0,78.125,95
USER_005356,responsible_borrower,2,0,78.125,104
USER_005357,responsible_borrower,3,0,97.65625,92
USER_005358,non_borrower,0,-1,0.0,91
USER_005359,responsible_borrower,3,0,97.65625,94
USER_005360,risky_borrower,1,2,50.0,107
USER_005361,non_borrower,0,-1,0.0,82
USER_005362,responsible_borrower,2,0,78.125,87
USER_005363,non_borrower,0,-1,0.0,89
USER_005364,responsible_borrower,2,1,62.5,90
USER_005365,non_borrower,0,-1,0.0,96
USER_005366,non_borrower,0,-1,0.0,103
USER_005367,non_borrower,0,-1,0.0,107
USER_005368,non_borrower,0,-1,0.0,97
USER_005369,responsible_borrower,4,0,122.0703125,132
USER_005370,non_borrower,0,-1,0.0,95
USER_005371,responsible_borrower,2,0,78.125,114
USER_005372,non_borrower,0,-1,0.0,109
USER_005373,non_borrower,0,-1,0.0,117
USER_005374,responsible_borrower,3,0,97.65625,112
USER_005375,responsible_borrower,2,0,78.125,113
USER_005376,responsible_borrower,2,0,78.125,98
USER_005377,non_borrower,0,-1,0.0,90
USER_005378,occasional_borrower,1,1,50.0,117
USER_005379,responsible_borrower,3,0,97.65625,120
USER_005380,non_borrower,0,-1,0.0,89
USER_005381,non_borrower,0,-1,0.0,97
USER_005382,non_borrower,0,-1,0.0,102
USER_005383,responsible_borrower,2,0,78.125,119
USER_005384,non_borrower,0,-1,0.0,96
USER_005385,non_borrower,0,-1,0.0,94
USER_005386,occasional_borrower,2,0,78.125,103
USER_005387,non_borrower,0,-1,0.0,106
USER_005388,occasional_borrower,2,0,78.125,94
USER_005389,non_borrower,0,-1,0.0,115
USER_005390,responsible_borrower,2,0,78.125,95
USER_005391,non_borrower,0,-1,0.0,93
USER_005392,risky_borrower,5,1,50.0,105
USER_005393,responsible_borrower,4,1,97.65625,94
USER_005394,responsible_borrower,3,0,97.65625,95
USER_005395,non_borrower,0,-1,0.0,109
USER_005396,non_borrower,0,-1,0.0,90
USER_005397,responsible_borrower,2,0,78.125,110
USER_005398,non_borrower,0,-1,0.0,94
USER_005399,occasional_borrower,2,0,78.125,99
USER_005400,non_borrower,0,-1,0.0,94
USER_005401,non_borrower,0,-1,0.0,87
USER_005402,occasional_borrower,2,1,62.5,99
USER_005403,non_borrower,0,-1,0.0,105
USER_005404,non_borrower,0,-1,0.0,101
USER_005405,responsible_borrower,4,0,122.0703125,104
USER_005406,responsible_borrower,3,1,78.125,97
USER_005407,defaulter,1,2,50.0,113
USER_005408,responsible_borrower,2,0,78.125,93
USER_005409,responsible_borrower,3,0,97.65625,107
USER_005410,responsible_borrower,3,0,97.65625,112
USER_005411,responsible_borrower,3,0,97.65625,101
USER_005412,non_borrower,0,-1,0.0,108
USER_005413,responsible_borrower,2,0,78.125,110
USER_005414,responsible_borrower,2,0,78.125,102
USER_005415,responsible_borrower,4,1,97.65625,107
USER_005416,non_borrower,0,-1,0.0,98
USER_005417,responsible_borrower,2,0,78.125,104
USER_005418,non_borrower,0,-1,0.0,102
USER_005419,non_borrower,0,-1,0.0,106
USER_005420,occasional_borrower,2,1,62.5,104
USER_005421,risky_borrower,1,2,50.0,97
USER_005422,non_borrower,0,-1,0.0,100
USER_005423,occasional_borrower,1,0,62.5,104
USER_005424,responsible_borrower,3,0,97.65625,90
USER_005425,responsible_borrower,3,0,97.65625,93
USER_005426,non_borrower,0,-1,0.0,107
USER_005427,non_borrower,0,-1,0.0,95
USER_005428,occasional_borrower,1,0,62.5,100
USER_005429,risky_borrower,4,2,50.0,111
USER_005430,occasional_borrower,1,0,62.5,86
USER_005431,risky_borrower,4,1,50.0,99
USER_005432,non_borrower,0,-1,0.0,102
USER_005433,responsible_borrower,2,0,78.125,96
USER_005434,non_borrower,0,-1,0.0,92
USER_005435,risky_borrower,6,1,50.0,138
USER_005436,non_borrower,0,-1,0.0,109
USER_005437,occasional_borrower,2,1,62.5,99
USER_005438,responsible_borrower,4,1,97.65625,112
USER_005439,responsible_borrower,3,0,97.65625,118
USER_005440,responsible_borrower,4,0,122.0703125,103
USER_005441,non_borrower,0,-1,0.0,95
USER_005442,responsible_borrower,2,0,78.125,96
USER_005443,non_borrower,0,-1,0.0,97
USER_005444,non_borrower,0,-1,0.0,109
USER_005445,responsible_borrower,2,0,78.125,96
USER_005446,responsible_borrower,2,1,62.5,109
USER_005447,responsible_borrower,4,0,122.0703125,96
USER_005448,non_borrower,0,-1,0.0,119
USER_005449,non_borrower,0,-1,0.0,92
USER_005450,responsible_borrower,4,0,122.0703125,101
USER_005451,responsible_borrower,3,1,62.5,98
USER_005452,non_borrower,0,-1,0.0,101
USER_005453,responsible_borrower,3,0,97.65625,97
USER_005454,occasional_borrower,1,0,62.5,112
USER_005455,responsible_borrower,2,0,78.125,95
USER_005456,responsible_borrower,2,0,78.125,101
USER_005457,responsible_borrower,3,0,97.65625,108
USER_005458,occasional_borrower,2,0,78.125,93
USER_005459,responsible_borrower,4,1,97.65625,104
USER_005460,responsible_borrower,4,1,97.65625,124
USER_005461,responsible_borrower,2,0,78.125,104
USER_005462,risky_borrower,2,2,50.0,93
USER_005463,responsible_borrower,2,0,78.125,105
USER_005464,responsible_borrower,3,0,97.65625,119
USER_005465,non_borrower,0,-1,0.0,85
USER_005466,non_borrower,0,-1,0.0,101
USER_005467,responsible_borrower,2,0,78.125,99
USER_005468,non_borrower,0,-1,0.0,93
USER_005469,occasional_borrower,1,0,62.5,101
USER_005470,occasional_borrower,2,0,78.125,112
USER_005471,responsible_borrower,2,0,78.125,112
USER_005472,responsible_borrower,4,1,97.65625,122
USER_005473,responsible_borrower,2,0,78.125,107
USER_005474,occasional_borrower,1,1,50.0,104
USER_005475,defaulter,1,2,50.0,87
USER_005476,non_borrower,0,-1,0.0,91
USER_005477,non_borrower,0,-1,0.0,97
USER_005478,responsible_borrower,3,1,78.125,99
USER_005479,occasional_borrower,1,1,50.0,111
USER_005480,non_borrower,0,-1,0.0,105
USER_005481,non_borrower,0,-1,0.0,106
USER_005482,non_borrower,0,-1,0.0,98
USER_005483,risky_borrower,2,2,50.0,116
USER_005484,non_borrower,0,-1,0.0,109
USER_005485,non_borrower,0,-1,0.0,116
USER_005486,responsible_borrower,4,1,97.65625,110
USER_005487,responsible_borrower,4,0,122.0703125,122
USER_005488,risky_borrower,5,1,50.0,102
USER_005489,responsible_borrower,3,0,97.65625,111
USER_005490,responsible_borrower,3,0,97.65625,106
USER_005491,non_borrower,0,-1,0.0,97
USER_005492,occasional_borrower,1,1,50.0,104
USER_005493,responsible_borrower,3,0,97.65625,114
USER_005494,responsible_borrower,2,0,78.125,95
USER_005495,non_borrower,0,-1,0.0,91
USER_005496,occasional_borrower,1,0,62.5,107
USER_005497,responsible_borrower,4,0,122.0703125,113
USER_005498,responsible_borrower,3,0,97.65625,123
USER_005499,responsible_borrower,3,0,97.65625,88
USER_005500,responsible_borrower,3,1,78.125,104
USER_005501,occasional_borrower,1,0,62.5,103
USER_005502,responsible_borrower,3,0,97.65625,113
USER_005503,occasional_borrower,1,0,62.5,91
USER_005504,defaulter,1,2,50.0,88
USER_005505,occasional_borrower,2,0,78.125,97
USER_005506,non_borrower,0,-1,0.0,103
USER_005507,risky_borrower,2,2,50.0,103
USER_005508,non_borrower,0,-1,0.0,96
USER_005509,responsible_borrower,4,0,122.0703125,111
USER_005510,non_borrower,0,-1,0.0,103
USER_005511,risky_borrower,5,1,50.0,116
USER_005512,responsible_borrower,2,0,78.125,114
USER_005513,non_borrower,0,-1,0.0,101
USER_005514,occasional_borrower,2,1,62.5,97
USER_005515,responsible_borrower,4,1,97.65625,87
USER_005516,occasional_borrower,1,1,50.0,82
USER_005517,non_borrower,0,-1,0.0,98
USER_005518,risky_borrower,2,2,50.0,98
USER_005519,responsible_borrower,3,1,78.125,114
USER_005520,non_borrower,0,-1,0.0,105
USER_005521,non_borrower,0,-1,0.0,95
USER_005522,responsible_borrower,3,0,97.65625,102
USER_005523,responsible_borrower,4,0,122.0703125,102
USER_005524,occasional_borrower,2,0,78.125,94
USER_005525,responsible_borrower,2,1,62.5,102
USER_005526,non_borrower,0,-1,0.0,98
USER_005527,responsible_borrower,3,1,78.125,113
USER_005528,responsible_borrower,2,0,78.125,111
USER_005529,non_borrower,0,-1,0.0,107
USER_005530,responsible_borrower,3,0,97.65625,99
USER_005531,non_borrower,0,-1,0.0,123
USER_005532,risky_borrower,4,2,50.0,95
USER_005533,responsible_borrower,3,1,62.5,100
USER_005534,responsible_borrower,2,0,78.125,105
USER_005535,non_borrower,0,-1,0.0,107
USER_005536,non_borrower,0,-1,0.0,95
USER_005537,non_borrower,0,-1,0.0,97
USER_005538,occasional_borrower,2,0,78.125,95
USER_005539,responsible_borrower,2,0,78.125,92
USER_005540,non_borrower,0,-1,0.0,87
USER_005541,responsible_borrower,3,0,97.65625,128
USER_005542,non_borrower,0,-1,0.0,100
USER_005543,non_borrower,0,-1,0.0,92
USER_005544,risky_borrower,6,1,50.0,113
USER_005545,responsible_borrower,4,0,122.0703125,99
USER_005546,responsible_borrower,3,0,97.65625,110
USER_005547,non_borrower,0,-1,0.0,94
USER_005548,defaulter,1,2,50.0,95
USER_005549,defaulter,1,2,50.0,100
USER_005550,non_borrower,0,-1,0.0,97
USER_005551,responsible_borrower,2,0,78.125,113
USER_005552,non_borrower,0,-1,0.0,107
USER_005553,risky_borrower,4,1,50.0,124
USER_005554,occasional_borrower,2,1,50.0,114
USER_005555,responsible_borrower,3,1,78.125,106
USER_005556,occasional_borrower,2,1,50.0,115
USER_005557,non_borrower,0,-1,0.0,102
USER_005558,occasional_borrower,2,1,50.0,104
USER_005559,responsible_borrower,2,0,78.125,89
USER_005560,non_borrower,0,-1,0.0,117
USER_005561,non_borrower,0,-1,0.0,95
USER_005562,non_borrower,0,-1,0.0,98
USER_005563,non_borrower,0,-1,0.0,116
USER_005564,responsible_borrower,2,0,78.125,81
USER_005565,non_borrower,0,-1,0.0,99
USER_005566,responsible_borrower,2,0,78.125,107
USER_005567,non_borrower,0,-1,0.0,96
USER_005568,defaulter,1,2,50.0,107
USER_005569,non_borrower,0,-1,0.0,91
USER_005570,non_borrower,0,-1,0.0,100
USER_005571,non_borrower,0,-1,0.0,110
USER_005572,responsible_borrower,2,0,78.125,113
USER_005573,responsible_borrower,4,0,122.0703125,107
USER_005574,non_borrower,0,-1,0.0,105
USER_005575,responsible_borrower,2,1,62.5,113
USER_005576,occasional_borrower,2,1,62.5,82
USER_005577,non_borrower,0,-1,0.0,95
USER_005578,occasional_borrower,2,1,62.5,91
USER_005579,non_borrower,0,-1,0.0,94
USER_005580,responsible_borrower,3,1,78.125,111
USER_005581,responsible_borrower,2,0,78.125,105
USER_005582,responsible_borrower,4,1,97.65625,110
USER_005583,non_borrower,0,-1,0.0,87
USER_005584,non_borrower,0,-1,0.0,105
USER_005585,responsible_borrower,2,0,78.125,90
USER_005586,non_borrower,0,-1,0.0,95
USER_005587,responsible_borrower,2,0,78.125,115
USER_005588,occasional_borrower,2,0,78.125,112
USER_005589,responsible_borrower,2,1,62.5,116
USER_005590,responsible_borrower,4,0,122.0703125,120
USER_005591,non_borrower,0,-1,0.0,90
USER_005592,non_borrower,0,-1,0.0,89
USER_005593,non_borrower,0,-1,0.0,95
USER_005594,non_borrower,0,-1,0.0,106
USER_005595,responsible_borrower,2,0,78.125,120
USER_005596,responsible_borrower,2,1,62.5,111
USER_005597,responsible_borrower,3,1,78.125,102
USER_005598,occasional_borrower,2,2,62.5,123
USER_005599,non_borrower,0,-1,0.0,101
USER_005600,responsible_borrower,4,0,122.0703125,116
USER_005601,occasional_borrower,1,2,50.0,101
USER_005602,non_borrower,0,-1,0.0,111
USER_005603,non_borrower,0,-1,0.0,89
USER_005604,responsible_borrower,2,0,78.125,110
USER_005605,non_borrower,0,-1,0.0,109
USER_005606,occasional_borrower,1,0,62.5,113
USER_005607,non_borrower,0,-1,0.0,88
USER_005608,responsible_borrower,2,0,78.125,104
USER_005609,non_borrower,0,-1,0.0,109
USER_005610,non_borrower,0,-1,0.0,99
USER_005611,non_borrower,0,-1,0.0,90
USER_005612,non_borrower,0,-1,0.0,106
USER_005613,non_borrower,0,-1,0.0,103
USER_005614,occasional_borrower,1,0,62.5,96
USER_005615,responsible_borrower,2,0,78.125,95
USER_005616,non_borrower,0,-1,0.0,91
USER_005617,non_borrower,0,-1,0.0,99
USER_005618,occasional_borrower,2,1,62.5,99
USER_005619,responsible_borrower,3,1,78.125,117
USER_005620,non_borrower,0,-1,0.0,101
USER_005621,occasional_borrower,1,1,50.0,100
USER_005622,non_borrower,0,-1,0.0,107
USER_005623,occasional_borrower,2,0,78.125,101
USER_005624,responsible_borrower,3,1,78.125,106
USER_005625,responsible_borrower,4,0,122.0703125,115
USER_005626,responsible_borrower,4,0,122.0703125,120
USER_005627,occasional_borrower,1,0,62.5,114
USER_005628,non_borrower,0,-1,0.0,126
USER_005629,responsible_borrower,2,1,62.5,99
USER_005630,responsible_borrower,3,0,97.65625,107
USER_005631,non_borrower,0,-1,0.0,109
USER_005632,occasional_borrower,1,0,62.5,94
USER_005633,non_borrower,0,-1,0.0,102
USER_005634,occasional_borrower,2,1,62.5,115
USER_005635,responsible_borrower,2,1,62.5,108
USER_005636,non_borrower,0,-1,0.0,100
USER_005637,occasional_borrower,2,0,78.125,103
USER_005638,non_borrower,0,-1,0.0,93
USER_005639,non_borrower,0,-1,0.0,86
USER_005640,occasional_borrower,2,2,62.5,103
USER_005641,risky_borrower,1,2,50.0,95
USER_005642,non_borrower,0,-1,0.0,89
USER_005643,responsible_borrower,4,1,97.65625,118
USER_005644,non_borrower,0,-1,0.0,89
USER_005645,responsible_borrower,2,0,78.125,100
USER_005646,non_borrower,0,-1,0.0,85
USER_005647,non_borrower,0,-1,0.0,100
USER_005648,responsible_borrower,3,1,78.125,103
USER_005649,responsible_borrower,2,0,78.125,104
USER_005650,occasional_borrower,2,1,50.0,100
USER_005651,responsible_borrower,4,0,122.0703125,117
USER_005652,defaulter,1,2,50.0,106
USER_005653,non_borrower,0,-1,0.0,112
USER_005654,non_borrower,0,-1,0.0,104
USER_005655,responsible_borrower,2,0,78.125,116
USER_005656,non_borrower,0,-1,0.0,100
USER_005657,non_borrower,0,-1,0.0,97
USER_005658,non_borrower,0,-1,0.0,99
USER_005659,risky_borrower,4,1,50.0,97
USER_005660,occasional_borrower,1,0,62.5,133
USER_005661,non_borrower,0,-1,0.0,124
USER_005662,non_borrower,0,-1,0.0,105
USER_005663,responsible_borrower,4,0,122.0703125,117
USER_005664,responsible_borrower,3,0,97.65625,96
USER_005665,non_borrower,0,-1,0.0,93
USER_005666,non_borrower,0,-1,0.0,93
USER_005667,responsible_borrower,4,0,122.0703125,104
USER_005668,defaulter,1,2,50.0,101
USER_005669,responsible_borrower,3,0,97.65625,94
USER_005670,responsible_borrower,2,0,78.125,104
USER_005671,non_borrower,0,-1,0.0,110
USER_005672,non_borrower,0,-1,0.0,98
USER_005673,non_borrower,0,-1,0.0,88
USER_005674,responsible_borrower,2,0,78.125,116
USER_005675,risky_borrower,5,1,50.0,112
USER_005676,non_borrower,0,-1,0.0,92
USER_005677,non_borrower,0,-1,0.0,100
USER_005678,occasional_borrower,1,2,50.0,92
USER_005679,non_borrower,0,-1,0.0,92
USER_005680,non_borrower,0,-1,0.0,90
USER_005681,responsible_borrower,2,0,78.125,123
USER_005682,non_borrower,0,-1,0.0,120
USER_005683,non_borrower,0,-1,0.0,104
USER_005684,non_borrower,0,-1,0.0,96
USER_005685,occasional_borrower,1,0,62.5,118
USER_005686,non_borrower,0,-1,0.0,104
USER_005687,responsible_borrower,3,0,97.65625,94
USER_005688,responsible_borrower,2,0,78.125,113
USER_005689,non_borrower,0,-1,0.0,84
USER_005690,occasional_borrower,2,1,62.5,92
USER_005691,non_borrower,0,-1,0.0,89
USER_005692,non_borrower,0,-1,0.0,110
USER_005693,occasional_borrower,2,2,50.0,98
USER_005694,occasional_borrower,1,0,62.5,98
USER_005695,risky_borrower,1,2,50.0,110
USER_005696,responsible_borrower,3,0,97.65625,125
USER_005697,non_borrower,0,-1,0.0,95
USER_005698,occasional_borrower,1,0,62.5,105
USER_005699,non_borrower,0,-1,0.0,111
USER_005700,non_borrower,0,-1,0.0,109
USER_005701,non_borrower,0,-1,0.0,95
USER_005702,risky_borrower,4,1,50.0,115
USER_005703,responsible_borrower,4,0,122.0703125,101
USER_005704,occasional_borrower,1,0,62.5,96
USER_005705,non_borrower,0,-1,0.0,96
USER_005706,responsible_borrower,4,1,97.65625,120
USER_005707,non_borrower,0,-1,0.0,108
USER_005708,non_borrower,0,-1,0.0,87
USER_005709,non_borrower,0,-1,0.0,114
USER_005710,responsible_borrower,4,0,122.0703125,99
USER_005711,risky_borrower,1,2,50.0,97
USER_005712,responsible_borrower,4,0,122.0703125,115
USER_005713,non_borrower,0,-1,0.0,123
USER_005714,responsible_borrower,3,0,97.65625,106
USER_005715,responsible_borrower,4,0,122.0703125,113
USER_005716,occasional_borrower,2,1,62.5,115
USER_005717,risky_borrower,5,2,50.0,140
USER_005718,responsible_borrower,4,0,122.0703125,119
USER_005719,risky_borrower,4,2,50.0,112
USER_005720,responsible_borrower,2,1,62.5,102
USER_005721,responsible_borrower,4,0,122.0703125,95
USER_005722,non_borrower,0,-1,0.0,85
USER_005723,non_borrower,0,-1,0.0,113
USER_005724,non_borrower,0,-1,0.0,103
USER_005725,non_borrower,0,-1,0.0,97
USER_005726,non_borrower,0,-1,0.0,98
USER_005727,responsible_borrower,3,1,78.125,110
USER_005728,non_borrower,0,-1,0.0,85
USER_005729,risky_borrower,1,2,50.0,107
USER_005730,responsible_borrower,2,0,78.125,92
USER_005731,responsible_borrower,3,1,78.125,109
USER_005732,non_borrower,0,-1,0.0,99
USER_005733,non_borrower,0,-1,0.0,101
USER_005734,risky_borrower,4,1,50.0,104
USER_005735,non_borrower,0,-1,0.0,102
USER_005736,non_borrower,0,-1,0.0,127
USER_005737,risky_borrower,3,2,50.0,110
USER_005738,responsible_borrower,2,0,78.125,110
USER_005739,responsible_borrower,4,0,122.0703125,104
USER_005740,non_borrower,0,-1,0.0,104
USER_005741,responsible_borrower,2,0,78.125,115
USER_005742,occasional_borrower,2,0,78.125,104
USER_005743,responsible_borrower,4,0,122.0703125,111
USER_005744,occasional_borrower,2,1,62.5,98
USER_005745,responsible_borrower,4,1,97.65625,114
USER_005746,non_borrower,0,-1,0.0,107
USER_005747,non_borrower,0,-1,0.0,102
USER_005748,risky_borrower,4,1,50.0,103
USER_005749,non_borrower,0,-1,0.0,99
USER_005750,occasional_borrower,1,2,50.0,117
USER_005751,non_borrower,0,-1,0.0,90
USER_005752,risky_borrower,6,1,50.0,123
USER_005753,responsible_borrower,3,0,97.65625,120
USER_005754,occasional_borrower,2,1,62.5,91
USER_005755,responsible_borrower,3,1,78.125,120
USER_005756,non_borrower,0,-1,0.0,106
USER_005757,non_borrower,0,-1,0.0,95
USER_005758,responsible_borrower,4,1,97.65625,132
USER_005759,non_borrower,0,-1,0.0,93
USER_005760,non_borrower,0,-1,0.0,116
USER_005761,non_borrower,0,-1,0.0,102
USER_005762,responsible_borrower,3,0,97.65625,106
USER_005763,non_borrower,0,-1,0.0,89
USER_005764,responsible_borrower,4,1,97.65625,116
USER_005765,occasional_borrower,2,1,62.5,107
USER_005766,occasional_borrower,1,1,50.0,94
USER_005767,risky_borrower,3,2,50.0,99
USER_005768,defaulter,1,2,50.0,103
USER_005769,non_borrower,0,-1,0.0,113
USER_005770,non_borrower,0,-1,0.0,101
USER_005771,non_borrower,0,-1,0.0,98
USER_005772,non_borrower,0,-1,0.0,116
USER_005773,occasional_borrower,2,1,50.0,88
USER_005774,responsible_borrower,2,0,78.125,123
USER_005775,non_borrower,0,-1,0.0,90
USER_005776,non_borrower,0,-1,0.0,96
USER_005777,non_borrower,0,-1,0.0,84
USER_005778,non_borrower,0,-1,0.0,95
USER_005779,responsible_borrower,2,0,78.125,110
USER_005780,responsible_borrower,4,0,122.0703125,95
USER_005781,responsible_borrower,3,0,97.65625,105
USER_005782,non_borrower,0,-1,0.0,96
USER_005783,responsible_borrower,3,0,97.65625,117
USER_005784,occasional_borrower,1,0,62.5,112
USER_005785,non_borrower,0,-1,0.0,96
USER_005786,occasional_borrower,2,1,62.5,98
USER_005787,responsible_borrower,3,0,97.65625,98
USER_005788,occasional_borrower,2,0,78.125,117
USER_005789,responsible_borrower,3,0,97.65625,113
USER_005790,occasional_borrower,2,1,62.5,109
USER_005791,non_borrower,0,-1,0.0,109
USER_005792,occasional_borrower,1,0,62.5,128
USER_005793,defaulter,1,2,50.0,81
USER_005794,non_borrower,0,-1,0.0,90
USER_005795,risky_borrower,4,1,50.0,107
USER_005796,non_borrower,0,-1,0.0,108
USER_005797,non_borrower,0,-1,0.0,104
USER_005798,non_borrower,0,-1,0.0,126
USER_005799,occasional_borrower,2,0,78.125,97
USER_005800,non_borrower,0,-1,0.0,106
USER_005801,responsible_borrower,3,0,97.65625,103
USER_005802,occasional_borrower,1,1,50.0,94
USER_005803,occasional_borrower,1,1,50.0,85
USER_005804,responsible_borrower,4,0,122.0703125,106
USER_005805,responsible_borrower,4,0,122.0703125,94
USER_005806,non_borrower,0,-1,0.0,90
USER_005807,occasional_borrower,1,1,50.0,95
USER_005808,non_borrower,0,-1,0.0,110
USER_005809,risky_borrower,1,2,50.0,105
USER_005810,non_borrower,0,-1,0.0,106
USER_005811,responsible_borrower,3,0,97.65625,120
USER_005812,non_borrower,0,-1,0.0,101
USER_005813,non_borrower,0,-1,0.0,108
USER_005814,non_borrower,0,-1,0.0,95
USER_005815,non_borrower,0,-1,0.0,109
USER_005816,responsible_borrower,4,1,97.65625,108
USER_005817,responsible_borrower,4,0,122.0703125,94
USER_005818,non_borrower,0,-1,0.0,91
USER_005819,responsible_borrower,2,0,78.125,94
USER_005820,responsible_borrower,3,0,97.65625,113
USER_005821,responsible_borrower,2,0,78.125,98
USER_005822,non_borrower,0,-1,0.0,93
USER_005823,responsible_borrower,3,0,97.65625,86
USER_005824,non_borrower,0,-1,0.0,104
USER_005825,defaulter,1,2,50.0,100
USER_005826,responsible_borrower,4,1,97.65625,117
USER_005827,non_borrower,0,-1,0.0,107
USER_005828,responsible_borrower,2,0,78.125,113
USER_005829,non_borrower,0,-1,0.0,101
USER_005830,non_borrower,0,-1,0.0,95
USER_005831,non_borrower,0,-1,0.0,93
USER_005832,responsible_borrower,4,1,97.65625,98
USER_005833,responsible_borrower,2,0,78.125,117
USER_005834,non_borrower,0,-1,0.0,102
USER_005835,non_borrower,0,-1,0.0,93
USER_005836,non_borrower,0,-1,0.0,100
USER_005837,non_borrower,0,-1,0.0,108
USER_005838,responsible_borrower,2,0,78.125,90
USER_005839,non_borrower,0,-1,0.0,101
USER_005840,non_borrower,0,-1,0.0,103
USER_005841,non_borrower,0,-1,0.0,98
USER_005842,risky_borrower,3,2,50.0,92
USER_005843,non_borrower,0,-1,0.0,91
USER_005844,defaulter,1,2,50.0,94
USER_005845,responsible_borrower,4,1,97.65625,123
USER_005846,occasional_borrower,1,0,62.5,108
USER_005847,responsible_borrower,3,0,97.65625,104
USER_005848,responsible_borrower,4,0,122.0703125,91
USER_005849,responsible_borrower,3,1,62.5,99
USER_005850,risky_borrower,3,2,50.0,113
USER_005851,risky_borrower,2,2,50.0,106
USER_005852,responsible_borrower,3,0,97.65625,109
USER_005853,occasional_borrower,2,1,62.5,84
USER_005854,non_borrower,0,-1,0.0,93
USER_005855,non_borrower,0,-1,0.0,106
USER_005856,occasional_borrower,1,0,62.5,100
USER_005857,responsible_borrower,4,1,78.125,116
USER_005858,responsible_borrower,2,0,78.125,110
USER_005859,responsible_borrower,2,0,78.125,88
USER_005860,responsible_borrower,4,1,78.125,114
USER_005861,responsible_borrower,4,0,122.0703125,98
USER_005862,responsible_borrower,2,0,78.125,108
USER_005863,occasional_borrower,2,0,78.125,111
USER_005864,occasional_borrower,2,1,62.5,105
USER_005865,non_borrower,0,-1,0.0,105
USER_005866,non_borrower,0,-1,0.0,96
USER_005867,non_borrower,0,-1,0.0,99
USER_005868,responsible_borrower,2,0,78.125,105
USER_005869,non_borrower,0,-1,0.0,104
USER_005870,non_borrower,0,-1,0.0,106
USER_005871,responsible_borrower,4,1,97.65625,104
USER_005872,responsible_borrower,3,0,97.65625,111
USER_005873,non_borrower,0,-1,0.0,115
USER_005874,responsible_borrower,4,0,122.0703125,106
USER_005875,non_borrower,0,-1,0.0,94
USER_005876,risky_borrower,6,1,50.0,114
USER_005877,non_borrower,0,-1,0.0,105
USER_005878,responsible_borrower,2,0,78.125,100
USER_005879,risky_borrower,5,1,50.0,107
USER_005880,responsible_borrower,4,0,122.0703125,107
USER_005881,non_borrower,0,-1,0.0,97
USER_005882,non_borrower,0,-1,0.0,98
USER_005883,responsible_borrower,2,1,62.5,120
USER_005884,occasional_borrower,2,1,62.5,103
USER_005885,risky_borrower,5,1,50.0,122
USER_005886,non_borrower,0,-1,0.0,87
USER_005887,responsible_borrower,2,0,78.125,98
USER_005888,non_borrower,0,-1,0.0,99
USER_005889,occasional_borrower,2,1,50.0,110
USER_005890,responsible_borrower,3,0,97.65625,101
USER_005891,risky_borrower,6,1,50.0,106
USER_005892,non_borrower,0,-1,0.0,98
USER_005893,non_borrower,0,-1,0.0,115
USER_005894,responsible_borrower,4,0,122.0703125,102
USER_005895,responsible_borrower,2,0,78.125,97
USER_005896,occasional_borrower,1,1,50.0,119
USER_005897,non_borrower,0,-1,0.0,115
USER_005898,responsible_borrower,4,1,78.125,122
USER_005899,non_borrower,0,-1,0.0,90
USER_005900,risky_borrower,5,1,50.0,120
USER_005901,defaulter,1,2,50.0,94
USER_005902,non_borrower,0,-1,0.0,117
USER_005903,non_borrower,0,-1,0.0,112
USER_005904,responsible_borrower,4,1,78.125,88
USER_005905,responsible_borrower,2,0,78.125,100
USER_005906,responsible_borrower,3,0,97.65625,119
USER_005907,responsible_borrower,2,0,78.125,79
USER_005908,responsible_borrower,3,0,97.65625,103
USER_005909,responsible_borrower,4,1,97.65625,114
USER_005910,non_borrower,0,-1,0.0,90
USER_005911,non_borrower,0,-1,0.0,89
USER_005912,responsible_borrower,4,0,122.0703125,103
USER_005913,responsible_borrower,3,0,97.65625,95
USER_005914,occasional_borrower,1,1,50.0,101
USER_005915,responsible_borrower,2,1,62.5,93
USER_005916,responsible_borrower,3,1,78.125,104
USER_005917,non_borrower,0,-1,0.0,118
USER_005918,non_borrower,0,-1,0.0,97
USER_005919,non_borrower,0,-1,0.0,99
USER_005920,responsible_borrower,4,1,97.65625,107
USER_005921,non_borrower,0,-1,0.0,94
USER_005922,responsible_borrower,4,1,97.65625,114
USER_005923,occasional_borrower,2,0,78.125,84
USER_005924,occasional_borrower,1,0,62.5,103
USER_005925,occasional_borrower,1,0,62.5,99
USER_005926,occasional_borrower,2,1,62.5,98
USER_005927,responsible_borrower,4,1,97.65625,124
USER_005928,non_borrower,0,-1,0.0,94
USER_005929,responsible_borrower,3,1,78.125,103
USER_005930,responsible_borrower,3,1,78.125,92
USER_005931,non_borrower,0,-1,0.0,102
USER_005932,non_borrower,0,-1,0.0,100
USER_005933,responsible_borrower,2,0,78.125,104
USER_005934,responsible_borrower,3,0,97.65625,106
USER_005935,non_borrower,0,-1,0.0,89
USER_005936,occasional_borrower,2,1,62.5,98
USER_005937,non_borrower,0,-1,0.0,93
USER_005938,responsible_borrower,2,1,62.5,108
USER_005939,occasional_borrower,1,0,62.5,99
USER_005940,non_borrower,0,-1,0.0,100
USER_005941,non_borrower,0,-1,0.0,92
USER_005942,occasional_borrower,1,1,50.0,112
USER_005943,responsible_borrower,4,1,97.65625,100
USER_005944,responsible_borrower,2,0,78.125,104
USER_005945,responsible_borrower,4,0,122.0703125,93
USER_005946,responsible_borrower,4,1,97.65625,127
USER_005947,responsible_borrower,2,0,78.125,106
USER_005948,risky_borrower,5,1,50.0,103
USER_005949,occasional_borrower,1,2,50.0,103
USER_005950,occasional_borrower,2,0,78.125,116
USER_005951,responsible_borrower,4,1,78.125,102
USER_005952,responsible_borrower,2,0,78.125,90
USER_005953,risky_borrower,4,1,50.0,105
USER_005954,non_borrower,0,-1,0.0,114
USER_005955,non_borrower,0,-1,0.0,119
USER_005956,occasional_borrower,1,1,50.0,87
USER_005957,non_borrower,0,-1,0.0,93
USER_005958,non_borrower,0,-1,0.0,97
USER_005959,non_borrower,0,-1,0.0,124
USER_005960,non_borrower,0,-1,0.0,98
USER_005961,occasional_borrower,1,0,62.5,112
USER_005962,non_borrower,0,-1,0.0,85
USER_005963,risky_borrower,2,2,50.0,97
USER_005964,occasional_borrower,1,0,62.5,113
USER_005965,responsible_borrower,2,0,78.125,96
USER_005966,non_borrower,0,-1,0.0,95
USER_005967,responsible_borrower,4,0,122.0703125,101
USER_005968,non_borrower,0,-1,0.0,96
USER_005969,responsible_borrower,2,0,78.125,101
USER_005970,responsible_borrower,2,0,78.125,117
USER_005971,occasional_borrower,2,0,78.125,115
USER_005972,non_borrower,0,-1,0.0,95
USER_005973,occasional_borrower,1,1,50.0,108
USER_005974,responsible_borrower,3,0,97.65625,105
USER_005975,non_borrower,0,-1,0.0,82
USER_005976,non_borrower,0,-1,0.0,102
USER_005977,non_borrower,0,-1,0.0,99
USER_005978,responsible_borrower,3,0,97.65625,118
USER_005979,responsible_borrower,4,0,122.0703125,112
USER_005980,non_borrower,0,-1,0.0,97
USER_005981,non_borrower,0,-1,0.0,100
USER_005982,responsible_borrower,3,1,78.125,104
USER_005983,responsible_borrower,3,0,97.65625,103
USER_005984,responsible_borrower,3,1,78.125,125
USER_005985,non_borrower,0,-1,0.0,103
USER_005986,non_borrower,0,-1,0.0,107
USER_005987,risky_borrower,1,2,50.0,114
USER_005988,responsible_borrower,4,1,97.65625,88
USER_005989,responsible_borrower,3,0,97.65625,87
USER_005990,responsible_borrower,2,0,78.125,112
USER_005991,occasional_borrower,2,0,78.125,104
USER_005992,risky_borrower,1,2,50.0,100
USER_005993,non_borrower,0,-1,0.0,85
USER_005994,responsible_borrower,4,1,78.125,116
USER_005995,non_borrower,0,-1,0.0,96
USER_005996,risky_borrower,6,1,50.0,123
USER_005997,risky_borrower,1,2,50.0,104
USER_005998,non_borrower,0,-1,0.0,118
USER_005999,risky_borrower,4,2,50.0,107
USER_006000,non_borrower,0,-1,0.0,111
USER_006001,responsible_borrower,3,0,97.65625,121
USER_006002,responsible_borrower,3,0,97.65625,85
USER_006003,responsible_borrower,2,0,78.125,104
USER_006004,non_borrower,0,-1,0.0,98
USER_006005,responsible_borrower,3,0,97.65625,121
USER_006006,non_borrower,0,-1,0.0,94
USER_006007,responsible_borrower,3,0,97.65625,99
USER_006008,occasional_borrower,1,0,62.5,93
USER_006009,responsible_borrower,3,1,78.125,96
USER_006010,responsible_borrower,3,1,62.5,112
USER_006011,responsible_borrower,3,0,97.65625,107
USER_006012,responsible_borrower,4,0,122.0703125,108
USER_006013,responsible_borrower,3,0,97.65625,108
USER_006014,risky_borrower,5,1,50.0,107
USER_006015,occasional_borrower,1,0,62.5,132
USER_006016,non_borrower,0,-1,0.0,127
USER_006017,responsible_borrower,3,0,97.65625,104
USER_006018,occasional_borrower,1,1,50.0,110
USER_006019,occasional_borrower,2,0,78.125,110
USER_006020,responsible_borrower,3,0,97.65625,100
USER_006021,responsible_borrower,2,0,78.125,113
USER_006022,non_borrower,0,-1,0.0,88
USER_006023,responsible_borrower,3,0,97.65625,110
USER_006024,occasional_borrower,1,0,62.5,99
USER_006025,responsible_borrower,3,0,97.65625,116
USER_006026,non_borrower,0,-1,0.0,94
USER_006027,occasional_borrower,2,1,50.0,81
USER_006028,non_borrower,0,-1,0.0,99
USER_006029,non_borrower,0,-1,0.0,94
USER_006030,responsible_borrower,3,0,97.65625,95
USER_006031,responsible_borrower,4,0,122.0703125,120
USER_006032,non_borrower,0,-1,0.0,118
USER_006033,non_borrower,0,-1,0.0,77
USER_006034,non_borrower,0,-1,0.0,101
USER_006035,non_borrower,0,-1,0.0,95
USER_006036,risky_borrower,5,1,50.0,112
USER_006037,responsible_borrower,2,1,50.0,102
USER_006038,occasional_borrower,1,1,50.0,106
USER_006039,non_borrower,0,-1,0.0,103
USER_006040,occasional_borrower,2,0,78.125,98
USER_006041,non_borrower,0,-1,0.0,82
USER_006042,responsible_borrower,4,1,97.65625,104
USER_006043,responsible_borrower,2,0,78.125,90
USER_006044,non_borrower,0,-1,0.0,89
USER_006045,non_borrower,0,-1,0.0,104
USER_006046,non_borrower,0,-1,0.0,109
USER_006047,non_borrower,0,-1,0.0,96
USER_006048,occasional_borrower,1,0,62.5,91
USER_006049,non_borrower,0,-1,0.0,118
USER_006050,responsible_borrower,4,0,122.0703125,117
USER_006051,non_borrower,0,-1,0.0,94
USER_006052,responsible_borrower,4,1,97.65625,103
USER_006053,non_borrower,0,-1,0.0,107
USER_006054,occasional_borrower,1,0,62.5,108
USER_006055,responsible_borrower,4,0,122.0703125,106
USER_006056,non_borrower,0,-1,0.0,109
USER_006057,occasional_borrower,1,0,62.5,99
USER_006058,responsible_borrower,2,0,78.125,101
USER_006059,non_borrower,0,-1,0.0,95
USER_006060,responsible_borrower,4,0,122.0703125,103
USER_006061,non_borrower,0,-1,0.0,121
USER_006062,occasional_borrower,2,0,78.125,101
USER_006063,occasional_borrower,1,2,50.0,115
USER_006064,non_borrower,0,-1,0.0,111
USER_006065,non_borrower,0,-1,0.0,88
USER_006066,risky_borrower,1,2,50.0,108
USER_006067,occasional_borrower,2,0,78.125,81
USER_006068,responsible_borrower,2,0,78.125,109
USER_006069,non_borrower,0,-1,0.0,99
USER_006070,non_borrower,0,-1,0.0,87
USER_006071,responsible_borrower,3,0,97.65625,119
USER_006072,defaulter,1,2,50.0,98
USER_006073,defaulter,1,2,50.0,104
USER_006074,responsible_borrower,3,0,97.65625,102
USER_006075,responsible_borrower,4,1,97.65625,102
USER_006076,responsible_borrower,4,0,122.0703125,115
USER_006077,non_borrower,0,-1,0.0,98
USER_006078,risky_borrower,5,2,50.0,119
USER_006079,responsible_borrower,2,0,78.125,104
USER_006080,non_borrower,0,-1,0.0,101
USER_006081,responsible_borrower,2,0,78.125,112
USER_006082,responsible_borrower,2,1,62.5,117
USER_006083,occasional_borrower,2,1,62.5,111
USER_006084,responsible_borrower,2,0,78.125,113
USER_006085,occasional_borrower,2,1,62.5,96
USER_006086,occasional_borrower,2,1,50.0,100
USER_006087,non_borrower,0,-1,0.0,114
USER_006088,responsible_borrower,4,1,97.65625,107
USER_006089,risky_borrower,2,2,50.0,100
USER_006090,responsible_borrower,4,0,122.0703125,113
USER_006091,non_borrower,0,-1,0.0,124
USER_006092,responsible_borrower,2,0,78.125,101
USER_006093,non_borrower,0,-1,0.0,109
USER_006094,responsible_borrower,2,0,78.125,96
USER_006095,occasional_borrower,2,1,62.5,104
USER_006096,non_borrower,0,-1,0.0,112
USER_006097,non_borrower,0,-1,0.0,109
USER_006098,non_borrower,0,-1,0.0,122
USER_006099,occasional_borrower,2,1,62.5,97
USER_006100,responsible_borrower,4,1,97.65625,126
USER_006101,occasional_borrower,2,0,78.125,95
USER_006102,occasional_borrower,2,1,62.5,101
USER_006103,responsible_borrower,2,0,78.125,101
USER_006104,responsible_borrower,3,0,97.65625,90
USER_006105,occasional_borrower,1,1,50.0,88
USER_006106,risky_borrower,4,2,50.0,101
USER_006107,non_borrower,0,-1,0.0,100
USER_006108,occasional_borrower,2,1,62.5,103
USER_006109,non_borrower,0,-1,0.0,107
USER_006110,non_borrower,0,-1,0.0,103
USER_006111,non_borrower,0,-1,0.0,100
USER_006112,non_borrower,0,-1,0.0,96
USER_006113,responsible_borrower,3,1,78.125,107
USER_006114,risky_borrower,4,0,50.0,99
USER_006115,non_borrower,0,-1,0.0,104
USER_006116,responsible_borrower,2,0,78.125,110
USER_006117,non_borrower,0,-1,0.0,121
USER_006118,non_borrower,0,-1,0.0,109
USER_006119,responsible_borrower,4,0,122.0703125,124
USER_006120,non_borrower,0,-1,0.0,116
USER_006121,responsible_borrower,2,0,78.125,115
USER_006122,responsible_borrower,2,0,78.125,104
USER_006123,responsible_borrower,2,0,78.125,105
USER_006124,risky_borrower,4,2,50.0,105
USER_006125,responsible_borrower,3,0,97.65625,85
USER_006126,occasional_borrower,2,1,62.5,101
USER_006127,non_borrower,0,-1,0.0,91
USER_006128,risky_borrower,5,2,50.0,103
USER_006129,responsible_borrower,2,0,78.125,120
USER_006130,non_borrower,0,-1,0.0,100
USER_006131,responsible_borrower,3,0,97.65625,92
USER_006132,non_borrower,0,-1,0.0,92
USER_006133,occasional_borrower,2,1,62.5,125
USER_006134,non_borrower,0,-1,0.0,103
USER_006135,non_borrower,0,-1,0.0,105
USER_006136,non_borrower,0,-1,0.0,84
USER_006137,non_borrower,0,-1,0.0,108
USER_006138,responsible_borrower,2,1,62.5,89
USER_006139,non_borrower,0,-1,0.0,119
USER_006140,non_borrower,0,-1,0.0,82
USER_006141,non_borrower,0,-1,0.0,91
USER_006142,occasional_borrower,1,1,50.0,106
USER_006143,risky_borrower,5,2,50.0,111
USER_006144,occasional_borrower,1,1,50.0,99
USER_006145,responsible_borrower,2,0,78.125,104
USER_006146,responsible_borrower,2,1,50.0,97
USER_006147,responsible_borrower,2,0,78.125,105
USER_006148,responsible_borrower,2,1,62.5,86
USER_006149,non_borrower,0,-1,0.0,99
USER_006150,non_borrower,0,-1,0.0,104
USER_006151,responsible_borrower,4,0,122.0703125,98
USER_006152,responsible_borrower,2,1,62.5,92
USER_006153,non_borrower,0,-1,0.0,116
USER_006154,non_borrower,0,-1,0.0,110
USER_006155,non_borrower,0,-1,0.0,103
USER_006156,risky_borrower,5,2,50.0,119
USER_006157,responsible_borrower,4,0,122.0703125,123
USER_006158,responsible_borrower,2,0,78.125,110
USER_006159,non_borrower,0,-1,0.0,95
USER_006160,responsible_borrower,4,0,122.0703125,114
USER_006161,occasional_borrower,2,1,62.5,91
USER_006162,non_borrower,0,-1,0.0,95
USER_006163,occasional_borrower,1,0,62.5,98
USER_006164,non_borrower,0,-1,0.0,114
USER_006165,responsible_borrower,3,0,97.65625,103
USER_006166,non_borrower,0,-1,0.0,116
USER_006167,responsible_borrower,2,1,62.5,104
USER_006168,non_borrower,0,-1,0.0,105
USER_006169,occasional_borrower,2,1,62.5,121
USER_006170,responsible_borrower,2,0,78.125,120
USER_006171,responsible_borrower,3,0,97.65625,90
USER_006172,occasional_borrower,1,0,62.5,98
USER_006173,occasional_borrower,2,1,50.0,102
USER_006174,non_borrower,0,-1,0.0,103
USER_006175,occasional_borrower,2,1,62.5,114
USER_006176,responsible_borrower,3,0,97.65625,94
USER_006177,responsible_borrower,4,0,122.0703125,92
USER_006178,responsible_borrower,3,0,97.65625,114
USER_006179,non_borrower,0,-1,0.0,113
USER_006180,non_borrower,0,-1,0.0,78
USER_006181,non_borrower,0,-1,0.0,114
USER_006182,non_borrower,0,-1,0.0,90
USER_006183,responsible_borrower,3,0,97.65625,113
USER_006184,non_borrower,0,-1,0.0,96
USER_006185,non_borrower,0,-1,0.0,99
USER_006186,occasional_borrower,1,1,50.0,92
USER_006187,occasional_borrower,1,1,50.0,113
USER_006188,non_borrower,0,-1,0.0,103
USER_006189,non_borrower,0,-1,0.0,104
USER_006190,non_borrower,0,-1,0.0,101
USER_006191,occasional_borrower,1,2,50.0,99
USER_006192,risky_borrower,3,2,50.0,112
USER_006193,non_borrower,0,-1,0.0,117
USER_006194,occasional_borrower,2,1,62.5,101
USER_006195,responsible_borrower,2,0,78.125,113
USER_006196,responsible_borrower,2,0,78.125,91
USER_006197,non_borrower,0,-1,0.0,93
USER_006198,responsible_borrower,3,0,97.65625,105
USER_006199,responsible_borrower,2,0,78.125,93
USER_006200,responsible_borrower,3,1,78.125,99
USER_006201,occasional_borrower,2,1,62.5,107
USER_006202,occasional_borrower,1,0,62.5,103
USER_006203,non_borrower,0,-1,0.0,98
USER_006204,non_borrower,0,-1,0.0,110
USER_006205,non_borrower,0,-1,0.0,92
USER_006206,responsible_borrower,2,0,78.125,115
USER_006207,responsible_borrower,3,0,97.65625,99
USER_006208,non_borrower,0,-1,0.0,89
USER_006209,responsible_borrower,4,1,97.65625,126
USER_006210,responsible_borrower,2,0,78.125,96
USER_006211,non_borrower,0,-1,0.0,113
USER_006212,responsible_borrower,4,0,122.0703125,118
USER_006213,responsible_borrower,3,0,97.65625,92
USER_006214,responsible_borrower,4,0,122.0703125,88
USER_006215,non_borrower,0,-1,0.0,100
USER_006216,responsible_borrower,3,0,97.65625,113
USER_006217,occasional_borrower,2,0,78.125,93
USER_006218,responsible_borrower,3,0,97.65625,96
USER_006219,responsible_borrower,3,0,97.65625,106
USER_006220,responsible_borrower,3,0,97.65625,122
USER_006221,risky_borrower,1,2,50.0,96
USER_006222,non_borrower,0,-1,0.0,98
USER_006223,non_borrower,0,-1,0.0,90
USER_006224,responsible_borrower,2,0,78.125,114
USER_006225,responsible_borrower,4,0,122.0703125,105
USER_006226,non_borrower,0,-1,0.0,97
USER_006227,non_borrower,0,-1,0.0,92
USER_006228,non_borrower,0,-1,0.0,109
USER_006229,non_borrower,0,-1,0.0,88
USER_006230,non_borrower,0,-1,0.0,106
USER_006231,non_borrower,0,-1,0.0,100
USER_006232,non_borrower,0,-1,0.0,108
USER_006233,responsible_borrower,4,1,78.125,110
USER_006234,occasional_borrower,1,0,62.5,103
USER_006235,non_borrower,0,-1,0.0,123
USER_006236,responsible_borrower,3,0,97.65625,100
USER_006237,responsible_borrower,3,0,97.65625,114
USER_006238,responsible_borrower,2,0,78.125,119
USER_006239,responsible_borrower,2,0,78.125,102
USER_006240,occasional_borrower,1,0,62.5,104
USER_006241,occasional_borrower,1,1,50.0,107
USER_006242,non_borrower,0,-1,0.0,111
USER_006243,responsible_borrower,4,0,122.0703125,118
USER_006244,responsible_borrower,4,0,122.0703125,103
USER_006245,responsible_borrower,2,0,78.125,100
USER_006246,non_borrower,0,-1,0.0,84
USER_006247,responsible_borrower,2,0,78.125,90
USER_006248,responsible_borrower,3,0,97.65625,103
USER_006249,non_borrower,0,-1,0.0,108
USER_006250,non_borrower,0,-1,0.0,97
USER_006251,non_borrower,0,-1,0.0,105
USER_006252,occasional_borrower,2,0,78.125,89
USER_006253,responsible_borrower,2,0,78.125,108
USER_006254,responsible_borrower,4,0,122.0703125,114
USER_006255,non_borrower,0,-1,0.0,95
USER_006256,occasional_borrower,1,0,62.5,90
USER_006257,non_borrower,0,-1,0.0,112
USER_006258,responsible_borrower,4,0,122.0703125,107
USER_006259,risky_borrower,3,2,50.0,104
USER_006260,occasional_borrower,2,0,78.125,100
USER_006261,non_borrower,0,-1,0.0,96
USER_006262,non_borrower,0,-1,0.0,106
USER_006263,responsible_borrower,2,0,78.125,100
USER_006264,risky_borrower,1,2,50.0,85
USER_006265,responsible_borrower,3,1,78.125,106
USER_006266,responsible_borrower,3,0,97.65625,106
USER_006267,non_borrower,0,-1,0.0,105
USER_006268,non_borrower,0,-1,0.0,92
USER_006269,non_borrower,0,-1,0.0,113
USER_006270,occasional_borrower,2,2,62.5,81
USER_006271,risky_borrower,1,2,50.0,99
USER_006272,responsible_borrower,2,0,78.125,105
USER_006273,occasional_borrower,2,0,78.125,106
USER_006274,non_borrower,0,-1,0.0,105
USER_006275,responsible_borrower,4,1,97.65625,99
USER_006276,non_borrower,0,-1,0.0,106
USER_006277,defaulter,1,2,50.0,106
USER_006278,occasional_borrower,2,1,50.0,97
USER_006279,non_borrower,0,-1,0.0,113
USER_006280,responsible_borrower,4,1,97.65625,120
USER_006281,non_borrower,0,-1,0.0,97
USER_006282,risky_borrower,4,2,50.0,115
USER_006283,responsible_borrower,4,1,97.65625,105
USER_006284,responsible_borrower,4,0,122.0703125,115
USER_006285,non_borrower,0,-1,0.0,100
USER_006286,responsible_borrower,2,0,78.125,114
USER_006287,responsible_borrower,4,1,97.65625,90
USER_006288,non_borrower,0,-1,0.0,106
USER_006289,occasional_borrower,1,0,62.5,99
USER_006290,risky_borrower,2,2,50.0,89
USER_006291,responsible_borrower,4,1,78.125,105
USER_006292,non_borrower,0,-1,0.0,90
USER_006293,risky_borrower,2,2,50.0,94
USER_006294,non_borrower,0,-1,0.0,110
USER_006295,non_borrower,0,-1,0.0,112
USER_006296,responsible_borrower,4,1,78.125,101
USER_006297,defaulter,1,2,50.0,127
USER_006298,responsible_borrower,3,1,78.125,95
USER_006299,non_borrower,0,-1,0.0,124
USER_006300,responsible_borrower,2,0,78.125,86
USER_006301,responsible_borrower,3,0,97.65625,101
USER_006302,occasional_borrower,1,2,50.0,102
USER_006303,non_borrower,0,-1,0.0,94
USER_006304,non_borrower,0,-1,0.0,90
USER_006305,non_borrower,0,-1,0.0,88
USER_006306,non_borrower,0,-1,0.0,102
USER_006307,responsible_borrower,2,0,78.125,99
USER_006308,responsible_borrower,3,0,97.65625,116
USER_006309,risky_borrower,6,2,50.0,118
USER_006310,non_borrower,0,-1,0.0,102
USER_006311,non_borrower,0,-1,0.0,107
USER_006312,non_borrower,0,-1,0.0,101
USER_006313,occasional_borrower,1,1,50.0,104
USER_006314,non_borrower,0,-1,0.0,102
USER_006315,occasional_borrower,2,0,78.125,109
USER_006316,non_borrower,0,-1,0.0,91
USER_006317,non_borrower,0,-1,0.0,109
USER_006318,non_borrower,0,-1,0.0,107
USER_006319,responsible_borrower,2,0,78.125,93
USER_006320,occasional_borrower,2,1,62.5,120
USER_006321,non_borrower,0,-1,0.0,98
USER_006322,non_borrower,0,-1,0.0,109
USER_006323,non_borrower,0,-1,0.0,110
USER_006324,non_borrower,0,-1,0.0,90
USER_006325,responsible_borrower,2,1,62.5,109
USER_006326,non_borrower,0,-1,0.0,109
USER_006327,risky_borrower,6,2,50.0,87
USER_006328,responsible_borrower,4,0,122.0703125,110
USER_006329,responsible_borrower,3,0,97.65625,117
USER_006330,non_borrower,0,-1,0.0,97
USER_006331,occasional_borrower,2,1,50.0,108
USER_006332,risky_borrower,5,1,50.0,102
USER_006333,responsible_borrower,3,0,97.65625,100
USER_006334,responsible_borrower,2,0,78.125,115
USER_006335,non_borrower,0,-1,0.0,94
USER_006336,non_borrower,0,-1,0.0,100
USER_006337,risky_borrower,1,2,50.0,90
USER_006338,risky_borrower,4,1,50.0,108
USER_006339,responsible_borrower,4,0,122.0703125,112
USER_006340,non_borrower,0,-1,0.0,102
USER_006341,responsible_borrower,3,0,97.65625,99
USER_006342,non_borrower,0,-1,0.0,109
USER_006343,responsible_borrower,3,0,97.65625,104
USER_006344,non_borrower,0,-1,0.0,93
USER_006345,responsible_borrower,3,0,97.65625,113
USER_006346,non_borrower,0,-1,0.0,85
USER_006347,risky_borrower,4,1,50.0,101
USER_006348,non_borrower,0,-1,0.0,98
USER_006349,responsible_borrower,2,1,62.5,94
USER_006350,responsible_borrower,3,1,78.125,107
USER_006351,risky_borrower,4,1,50.0,112
USER_006352,non_borrower,0,-1,0.0,94
USER_006353,responsible_borrower,3,1,78.125,99
USER_006354,responsible_borrower,3,0,97.65625,106
USER_006355,non_borrower,0,-1,0.0,93
USER_006356,defaulter,1,2,50.0,89
USER_006357,occasional_borrower,1,0,62.5,111
USER_006358,non_borrower,0,-1,0.0,86
USER_006359,responsible_borrower,3,0,97.65625,95
USER_006360,non_borrower,0,-1,0.0,101
USER_006361,risky_borrower,1,2,50.0,114
USER_006362,occasional_borrower,2,1,62.5,105
USER_006363,non_borrower,0,-1,0.0,102
USER_006364,responsible_borrower,4,0,122.0703125,106
USER_006365,risky_borrower,2,2,50.0,93
USER_006366,risky_borrower,5,1,50.0,111
USER_006367,risky_borrower,5,1,50.0,100
USER_006368,non_borrower,0,-1,0.0,105
USER_006369,responsible_borrower,2,0,78.125,108
USER_006370,non_borrower,0,-1,0.0,85
USER_006371,responsible_borrower,3,0,97.65625,105
USER_006372,occasional_borrower,2,0,78.125,103
USER_006373,non_borrower,0,-1,0.0,104
USER_006374,occasional_borrower,1,1,50.0,107
USER_006375,responsible_borrower,4,0,122.0703125,105
USER_006376,responsible_borrower,3,0,97.65625,110
USER_006377,non_borrower,0,-1,0.0,81
USER_006378,non_borrower,0,-1,0.0,111
USER_006379,responsible_borrower,2,1,62.5,106
USER_006380,responsible_borrower,3,0,97.65625,116
USER_006381,non_borrower,0,-1,0.0,103
USER_006382,non_borrower,0,-1,0.0,93
USER_006383,responsible_borrower,2,0,78.125,89
USER_006384,responsible_borrower,4,0,122.0703125,120
USER_006385,responsible_borrower,3,0,97.65625,112
USER_006386,occasional_borrower,2,0,78.125,112
USER_006387,occasional_borrower,1,2,50.0,105
USER_006388,occasional_borrower,1,1,50.0,108
USER_006389,occasional_borrower,1,1,50.0,91
USER_006390,non_borrower,0,-1,0.0,128
USER_006391,non_borrower,0,-1,0.0,118
USER_006392,non_borrower,0,-1,0.0,97
USER_006393,responsible_borrower,2,0,78.125,104
USER_006394,non_borrower,0,-1,0.0,84
USER_006395,occasional_borrower,2,1,62.5,104
USER_006396,occasional_borrower,1,0,62.5,105
USER_006397,non_borrower,0,-1,0.0,86
USER_006398,non_borrower,0,-1,0.0,102
USER_006399,responsible_borrower,4,0,122.0703125,105
USER_006400,non_borrower,0,-1,0.0,97
USER_006401,risky_borrower,1,2,50.0,90
USER_006402,occasional_borrower,2,1,62.5,125
USER_006403,non_borrower,0,-1,0.0,118
USER_006404,occasional_borrower,2,1,50.0,101
USER_006405,responsible_borrower,4,1,97.65625,118
USER_006406,responsible_borrower,4,0,122.0703125,116
USER_006407,non_borrower,0,-1,0.0,95
USER_006408,risky_borrower,2,2,50.0,123
USER_006409,non_borrower,0,-1,0.0,108
USER_006410,non_borrower,0,-1,0.0,96
USER_006411,non_borrower,0,-1,0.0,96
USER_006412,responsible_borrower,4,0,122.0703125,103
USER_006413,non_borrower,0,-1,0.0,100
USER_006414,non_borrower,0,-1,0.0,95
USER_006415,risky_borrower,5,1,50.0,105
USER_006416,responsible_borrower,3,0,97.65625,115
USER_006417,non_borrower,0,-1,0.0,111
USER_006418,responsible_borrower,4,0,122.0703125,120
USER_006419,responsible_borrower,3,1,78.125,88
USER_006420,responsible_borrower,2,0,78.125,109
USER_006421,occasional_borrower,2,1,62.5,97
USER_006422,non_borrower,0,-1,0.0,113
USER_006423,responsible_borrower,2,0,78.125,88
USER_006424,risky_borrower,1,2,50.0,116
USER_006425,non_borrower,0,-1,0.0,113
USER_006426,responsible_borrower,4,1,97.65625,120
USER_006427,responsible_borrower,2,1,62.5,98
USER_006428,non_borrower,0,-1,0.0,91
USER_006429,non_borrower,0,-1,0.0,98
USER_006430,responsible_borrower,2,0,78.125,89
USER_006431,occasional_borrower,1,0,62.5,98
USER_006432,responsible_borrower,2,0,78.125,101
USER_006433,responsible_borrower,3,0,97.65625,97
USER_006434,occasional_borrower,2,0,78.125,99
USER_006435,responsible_borrower,2,1,62.5,102
USER_006436,responsible_borrower,4,1,97.65625,99
USER_006437,responsible_borrower,3,0,97.65625,99
USER_006438,responsible_borrower,4,1,78.125,103
USER_006439,non_borrower,0,-1,0.0,109
USER_006440,responsible_borrower,3,0,97.65625,126
USER_006441,occasional_borrower,2,2,50.0,91
USER_006442,responsible_borrower,2,0,78.125,91
USER_006443,responsible_borrower,3,0,97.65625,84
USER_006444,non_borrower,0,-1,0.0,84
USER_006445,occasional_borrower,2,1,62.5,118
USER_006446,responsible_borrower,3,0,97.65625,106
USER_006447,non_borrower,0,-1,0.0,97
USER_006448,responsible_borrower,2,0,78.125,107
USER_006449,responsible_borrower,2,0,78.125,108
USER_006450,non_borrower,0,-1,0.0,92
USER_006451,non_borrower,0,-1,0.0,89
USER_006452,responsible_borrower,3,0,97.65625,111
USER_006453,occasional_borrower,1,0,62.5,118
USER_006454,non_borrower,0,-1,0.0,91
USER_006455,non_borrower,0,-1,0.0,100
USER_006456,non_borrower,0,-1,0.0,98
USER_006457,non_borrower,0,-1,0.0,91
USER_006458,non_borrower,0,-1,0.0,100
USER_006459,occasional_borrower,2,1,62.5,103
USER_006460,risky_borrower,1,2,50.0,94
USER_006461,risky_borrower,4,1,50.0,116
USER_006462,non_borrower,0,-1,0.0,88
USER_006463,non_borrower,0,-1,0.0,104
USER_006464,non_borrower,0,-1,0.0,98
USER_006465,non_borrower,0,-1,0.0,101
USER_006466,responsible_borrower,2,0,78.125,102
USER_006467,occasional_borrower,2,1,50.0,97
USER_006468,occasional_borrower,1,1,50.0,97
USER_006469,responsible_borrower,2,1,62.5,94
USER_006470,occasional_borrower,1,0,62.5,82
USER_006471,non_borrower,0,-1,0.0,94
USER_006472,responsible_borrower,4,0,122.0703125,119
USER_006473,defaulter,1,2,50.0,111
USER_006474,non_borrower,0,-1,0.0,109
USER_006475,risky_borrower,5,1,50.0,112
USER_006476,non_borrower,0,-1,0.0,116
USER_006477,responsible_borrower,4,1,97.65625,105
USER_006478,non_borrower,0,-1,0.0,100
USER_006479,non_borrower,0,-1,0.0,102
USER_006480,non_borrower,0,-1,0.0,108
USER_006481,non_borrower,0,-1,0.0,99
USER_006482,risky_borrower,1,2,50.0,100
USER_006483,occasional_borrower,2,0,78.125,99
USER_006484,non_borrower,0,-1,0.0,102
USER_006485,non_borrower,0,-1,0.0,82
USER_006486,non_borrower,0,-1,0.0,105
USER_006487,responsible_borrower,4,1,97.65625,112
USER_006488,non_borrower,0,-1,0.0,102
USER_006489,risky_borrower,5,2,50.0,110
USER_006490,responsible_borrower,2,0,78.125,91
USER_006491,responsible_borrower,2,0,78.125,102
USER_006492,responsible_borrower,3,1,78.125,104
USER_006493,non_borrower,0,-1,0.0,101
USER_006494,non_borrower,0,-1,0.0,92
USER_006495,responsible_borrower,4,0,122.0703125,121
USER_006496,risky_borrower,6,2,50.0,108
USER_006497,defaulter,1,2,50.0,94
USER_006498,non_borrower,0,-1,0.0,108
USER_006499,occasional_borrower,2,1,62.5,96
USER_006500,risky_borrower,1,2,50.0,112
USER_006501,non_borrower,0,-1,0.0,98
USER_006502,responsible_borrower,4,0,122.0703125,117
USER_006503,responsible_borrower,3,0,97.65625,106
USER_006504,non_borrower,0,-1,0.0,91
USER_006505,risky_borrower,4,1,50.0,106
USER_006506,non_borrower,0,-1,0.0,116
USER_006507,responsible_borrower,3,0,97.65625,120
USER_006508,non_borrower,0,-1,0.0,98
USER_006509,non_borrower,0,-1,0.0,92
USER_006510,non_borrower,0,-1,0.0,96
USER_006511,responsible_borrower,2,1,62.5,119
USER_006512,occasional_borrower,1,1,50.0,108
USER_006513,responsible_borrower,4,0,122.0703125,112
USER_006514,occasional_borrower,1,0,62.5,105
USER_006515,responsible_borrower,3,0,97.65625,110
USER_006516,non_borrower,0,-1,0.0,95
USER_006517,responsible_borrower,3,0,97.65625,111
USER_006518,non_borrower,0,-1,0.0,99
USER_006519,non_borrower,0,-1,0.0,93
USER_006520,responsible_borrower,4,1,97.65625,102
USER_006521,risky_borrower,3,2,50.0,110
USER_006522,non_borrower,0,-1,0.0,112
USER_006523,responsible_borrower,4,0,122.0703125,104
USER_006524,non_borrower,0,-1,0.0,106
USER_006525,responsible_borrower,3,0,97.65625,101
USER_006526,occasional_borrower,1,2,50.0,92
USER_006527,responsible_borrower,3,0,97.65625,88
USER_006528,non_borrower,0,-1,0.0,125
USER_006529,non_borrower,0,-1,0.0,92
USER_006530,non_borrower,0,-1,0.0,107
USER_006531,non_borrower,0,-1,0.0,97
USER_006532,non_borrower,0,-1,0.0,93
USER_006533,defaulter,1,2,50.0,104
USER_006534,non_borrower,0,-1,0.0,96
USER_006535,occasional_borrower,1,0,62.5,91
USER_006536,responsible_borrower,2,0,78.125,110
USER_006537,responsible_borrower,4,0,122.0703125,112
USER_006538,non_borrower,0,-1,0.0,98
USER_006539,non_borrower,0,-1,0.0,96
USER_006540,responsible_borrower,2,0,78.125,107
USER_006541,responsible_borrower,2,0,78.125,101
USER_006542,non_borrower,0,-1,0.0,106
USER_006543,responsible_borrower,2,1,62.5,102
USER_006544,non_borrower,0,-1,0.0,109
USER_006545,non_borrower,0,-1,0.0,87
USER_006546,non_borrower,0,-1,0.0,85
USER_006547,responsible_borrower,4,0,122.0703125,121
USER_006548,non_borrower,0,-1,0.0,104
USER_006549,responsible_borrower,3,0,97.65625,118
USER_006550,occasional_borrower,2,0,78.125,110
USER_006551,responsible_borrower,2,0,78.125,88
USER_006552,responsible_borrower,4,1,97.65625,113
USER_006553,responsible_borrower,4,1,97.65625,101
USER_006554,non_borrower,0,-1,0.0,77
USER_006555,occasional_borrower,1,0,62.5,105
USER_006556,responsible_borrower,2,0,78.125,98
USER_006557,responsible_borrower,3,0,97.65625,118
USER_006558,non_borrower,0,-1,0.0,78
USER_006559,responsible_borrower,3,0,97.65625,103
USER_006560,responsible_borrower,2,0,78.125,100
USER_006561,responsible_borrower,2,0,78.125,110
USER_006562,non_borrower,0,-1,0.0,105
USER_006563,occasional_borrower,1,2,50.0,117
USER_006564,occasional_borrower,1,1,50.0,95
USER_006565,non_borrower,0,-1,0.0,94
USER_006566,responsible_borrower,2,1,62.5,121
USER_006567,non_borrower,0,-1,0.0,97
USER_006568,responsible_borrower,3,0,97.65625,102
USER_006569,occasional_borrower,1,2,50.0,103
USER_006570,responsible_borrower,3,0,97.65625,104
USER_006571,risky_borrower,6,1,50.0,84
USER_006572,risky_borrower,1,2,50.0,121
USER_006573,non_borrower,0,-1,0.0,108
USER_006574,responsible_borrower,3,1,62.5,115
USER_006575,non_borrower,0,-1,0.0,112
USER_006576,non_borrower,0,-1,0.0,111
USER_006577,occasional_borrower,1,0,62.5,110
USER_006578,non_borrower,0,-1,0.0,112
USER_006579,non_borrower,0,-1,0.0,109
USER_006580,occasional_borrower,2,0,78.125,101
USER_006581,responsible_borrower,2,0,78.125,107
USER_006582,responsible_borrower,4,0,122.0703125,106
USER_006583,occasional_borrower,1,0,62.5,97
USER_006584,occasional_borrower,1,1,50.0,112
USER_006585,occasional_borrower,2,0,78.125,101
USER_006586,responsible_borrower,3,1,78.125,114
USER_006587,responsible_borrower,3,0,97.65625,116
USER_006588,non_borrower,0,-1,0.0,107
USER_006589,responsible_borrower,2,0,78.125,101
USER_006590,non_borrower,0,-1,0.0,94
USER_006591,occasional_borrower,1,0,62.5,99
USER_006592,non_borrower,0,-1,0.0,104
USER_006593,non_borrower,0,-1,0.0,109
USER_006594,occasional_borrower,1,0,62.5,100
USER_006595,risky_borrower,1,2,50.0,86
USER_006596,occasional_borrower,2,1,62.5,100
USER_006597,responsible_borrower,3,1,78.125,110
USER_006598,occasional_borrower,1,0,62.5,94
USER_006599,responsible_borrower,2,0,78.125,102
USER_006600,responsible_borrower,4,0,122.0703125,115
USER_006601,non_borrower,0,-1,0.0,84
USER_006602,responsible_borrower,2,0,78.125,112
USER_006603,non_borrower,0,-1,0.0,83
USER_006604,responsible_borrower,3,0,97.65625,104
USER_006605,non_borrower,0,-1,0.0,111
USER_006606,responsible_borrower,3,0,97.65625,94
USER_006607,non_borrower,0,-1,0.0,118
USER_006608,non_borrower,0,-1,0.0,101
USER_006609,occasional_borrower,2,0,78.125,90
USER_006610,responsible_borrower,2,1,62.5,126
USER_006611,non_borrower,0,-1,0.0,91
USER_006612,non_borrower,0,-1,0.0,111
USER_006613,responsible_borrower,3,0,97.65625,98
USER_006614,non_borrower,0,-1,0.0,94
USER_006615,non_borrower,0,-1,0.0,109
USER_006616,non_borrower,0,-1,0.0,99
USER_006617,non_borrower,0,-1,0.0,108
USER_006618,occasional_borrower,2,1,62.5,93
USER_006619,responsible_borrower,4,1,97.65625,119
USER_006620,responsible_borrower,2,0,78.125,93
USER_006621,non_borrower,0,-1,0.0,100
USER_006622,non_borrower,0,-1,0.0,98
USER_006623,responsible_borrower,3,0,97.65625,96
USER_006624,non_borrower,0,-1,0.0,88
USER_006625,non_borrower,0,-1,0.0,114
USER_006626,responsible_borrower,3,0,97.65625,110
USER_006627,non_borrower,0,-1,0.0,88
USER_006628,occasional_borrower,1,0,62.5,100
USER_006629,risky_borrower,2,2,50.0,116
USER_006630,occasional_borrower,1,1,50.0,109
USER_006631,occasional_borrower,2,1,62.5,110
USER_006632,non_borrower,0,-1,0.0,107
USER_006633,occasional_borrower,1,0,62.5,111
USER_006634,occasional_borrower,2,1,50.0,98
USER_006635,non_borrower,0,-1,0.0,102
USER_006636,responsible_borrower,4,0,122.0703125,113
USER_006637,non_borrower,0,-1,0.0,104
USER_006638,responsible_borrower,4,0,122.0703125,124
USER_006639,responsible_borrower,4,0,122.0703125,111
USER_006640,non_borrower,0,-1,0.0,92
USER_006641,occasional_borrower,1,0,62.5,89
USER_006642,non_borrower,0,-1,0.0,113
USER_006643,responsible_borrower,2,0,78.125,107
USER_006644,non_borrower,0,-1,0.0,104
USER_006645,occasional_borrower,1,0,62.5,115
USER_006646,responsible_borrower,3,0,97.65625,98
USER_006647,occasional_borrower,2,0,78.125,112
USER_006648,risky_borrower,1,2,50.0,90
USER_006649,responsible_borrower,3,0,97.65625,99
USER_006650,risky_borrower,4,1,50.0,99
USER_006651,non_borrower,0,-1,0.0,107
USER_006652,occasional_borrower,1,0,62.5,98
USER_006653,defaulter,1,2,50.0,117
USER_006654,non_borrower,0,-1,0.0,109
USER_006655,non_borrower,0,-1,0.0,101
USER_006656,occasional_borrower,1,0,62.5,104
USER_006657,non_borrower,0,-1,0.0,98
USER_006658,occasional_borrower,2,0,78.125,103
USER_006659,responsible_borrower,2,0,78.125,126
USER_006660,non_borrower,0,-1,0.0,96
USER_006661,non_borrower,0,-1,0.0,97
USER_006662,defaulter,1,2,50.0,104
USER_006663,non_borrower,0,-1,0.0,95
USER_006664,non_borrower,0,-1,0.0,98
USER_006665,non_borrower,0,-1,0.0,110
USER_006666,responsible_borrower,3,0,97.65625,84
USER_006667,responsible_borrower,2,0,78.125,89
USER_006668,responsible_borrower,3,0,97.65625,94
USER_006669,responsible_borrower,4,0,122.0703125,108
USER_006670,non_borrower,0,-1,0.0,92
USER_006671,occasional_borrower,2,1,62.5,113
USER_006672,non_borrower,0,-1,0.0,108
USER_006673,responsible_borrower,2,0,78.125,112
USER_006674,responsible_borrower,3,0,97.65625,103
USER_006675,responsible_borrower,4,0,122.0703125,120
USER_006676,risky_borrower,4,1,50.0,92
USER_006677,non_borrower,0,-1,0.0,107
USER_006678,non_borrower,0,-1,0.0,111
USER_006679,responsible_borrower,3,1,78.125,119
USER_006680,non_borrower,0,-1,0.0,93
USER_006681,non_borrower,0,-1,0.0,85
USER_006682,non_borrower,0,-1,0.0,97
USER_006683,non_borrower,0,-1,0.0,110
USER_006684,non_borrower,0,-1,0.0,80
USER_006685,occasional_borrower,2,0,78.125,127
USER_006686,occasional_borrower,1,0,62.5,92
USER_006687,non_borrower,0,-1,0.0,121
USER_006688,non_borrower,0,-1,0.0,89
USER_006689,responsible_borrower,3,1,78.125,118
USER_006690,non_borrower,0,-1,0.0,109
USER_006691,responsible_borrower,2,0,78.125,82
USER_006692,non_borrower,0,-1,0.0,110
USER_006693,non_borrower,0,-1,0.0,100
USER_006694,occasional_borrower,1,0,62.5,101
USER_006695,occasional_borrower,2,1,62.5,94
USER_006696,non_borrower,0,-1,0.0,99
USER_006697,non_borrower,0,-1,0.0,84
USER_006698,non_borrower,0,-1,0.0,110
USER_006699,non_borrower,0,-1,0.0,86
USER_006700,non_borrower,0,-1,0.0,95
USER_006701,risky_borrower,4,1,50.0,110
USER_006702,responsible_borrower,2,0,78.125,92
USER_006703,responsible_borrower,4,1,97.65625,115
USER_006704,risky_borrower,1,2,50.0,100
USER_006705,responsible_borrower,4,0,122.0703125,102
USER_006706,responsible_borrower,3,0,97.65625,112
USER_006707,responsible_borrower,2,0,78.125,96
USER_006708,non_borrower,0,-1,0.0,90
USER_006709,responsible_borrower,3,0,97.65625,96
USER_006710,occasional_borrower,2,1,62.5,101
USER_006711,occasional_borrower,2,0,78.125,105
USER_006712,responsible_borrower,2,0,78.125,117
USER_006713,risky_borrower,4,2,50.0,91
USER_006714,non_borrower,0,-1,0.0,89
USER_006715,non_borrower,0,-1,0.0,92
USER_006716,defaulter,1,2,50.0,101
USER_006717,risky_borrower,6,2,50.0,105
USER_006718,non_borrower,0,-1,0.0,101
USER_006719,occasional_borrower,1,0,62.5,76
USER_006720,non_borrower,0,-1,0.0,116
USER_006721,responsible_borrower,4,0,122.0703125,92
USER_006722,responsible_borrower,3,0,97.65625,111
USER_006723,non_borrower,0,-1,0.0,114
USER_006724,non_borrower,0,-1,0.0,97
USER_006725,non_borrower,0,-1,0.0,115
USER_006726,non_borrower,0,-1,0.0,99
USER_006727,non_borrower,0,-1,0.0,84
USER_006728,occasional_borrower,1,1,50.0,91
USER_006729,responsible_borrower,4,0,122.0703125,110
USER_006730,occasional_borrower,2,1,62.5,92
USER_006731,responsible_borrower,2,0,78.125,101
USER_006732,non_borrower,0,-1,0.0,96
USER_006733,non_borrower,0,-1,0.0,83
USER_006734,responsible_borrower,2,0,78.125,88
USER_006735,occasional_borrower,1,1,50.0,133
USER_006736,responsible_borrower,3,1,78.125,110
USER_006737,non_borrower,0,-1,0.0,91
USER_006738,responsible_borrower,4,1,97.65625,117
USER_006739,non_borrower,0,-1,0.0,85
USER_006740,occasional_borrower,2,0,78.125,104
USER_006741,responsible_borrower,2,1,62.5,100
USER_006742,occasional_borrower,1,0,62.5,91
USER_006743,occasional_borrower,1,0,62.5,109
USER_006744,responsible_borrower,3,0,97.65625,115
USER_006745,occasional_borrower,2,1,62.5,101
USER_006746,occasional_borrower,2,1,62.5,118
USER_006747,non_borrower,0,-1,0.0,109
USER_006748,responsible_borrower,3,0,97.65625,112
USER_006749,responsible_borrower,3,0,97.65625,98
USER_006750,non_borrower,0,-1,0.0,97
USER_006751,responsible_borrower,2,1,62.5,112
USER_006752,non_borrower,0,-1,0.0,94
USER_006753,occasional_borrower,2,1,62.5,91
USER_006754,responsible_borrower,3,1,78.125,110
USER_006755,occasional_borrower,2,1,62.5,89
USER_006756,responsible_borrower,2,0,78.125,102
USER_006757,non_borrower,0,-1,0.0,108
USER_006758,responsible_borrower,4,0,122.0703125,104
USER_006759,responsible_borrower,2,0,78.125,98
USER_006760,responsible_borrower,4,1,97.65625,110
USER_006761,occasional_borrower,2,1,62.5,111
USER_006762,risky_borrower,2,2,50.0,108
USER_006763,occasional_borrower,2,1,50.0,112
USER_006764,responsible_borrower,4,1,97.65625,83
USER_006765,non_borrower,0,-1,0.0,110
USER_006766,risky_borrower,2,2,50.0,99
USER_006767,non_borrower,0,-1,0.0,103
USER_006768,non_borrower,0,-1,0.0,96
USER_006769,non_borrower,0,-1,0.0,105
USER_006770,non_borrower,0,-1,0.0,97
USER_006771,responsible_borrower,4,0,122.0703125,115
USER_006772,occasional_borrower,1,0,62.5,119
USER_006773,non_borrower,0,-1,0.0,111
USER_006774,occasional_borrower,1,0,62.5,100
USER_006775,occasional_borrower,1,0,62.5,90
USER_006776,risky_borrower,6,1,50.0,120
USER_006777,risky_borrower,4,1,50.0,113
USER_006778,non_borrower,0,-1,0.0,107
USER_006779,responsible_borrower,2,0,78.125,100
USER_006780,non_borrower,0,-1,0.0,96
USER_006781,non_borrower,0,-1,0.0,97
USER_006782,non_borrower,0,-1,0.0,97
USER_006783,responsible_borrower,2,1,62.5,100
USER_006784,non_borrower,0,-1,0.0,103
USER_006785,non_borrower,0,-1,0.0,99
USER_006786,non_borrower,0,-1,0.0,119
USER_006787,non_borrower,0,-1,0.0,102
USER_006788,non_borrower,0,-1,0.0,99
USER_006789,non_borrower,0,-1,0.0,104
USER_006790,responsible_borrower,4,0,122.0703125,104
USER_006791,occasional_borrower,1,0,62.5,110
USER_006792,responsible_borrower,4,0,122.0703125,101
USER_006793,defaulter,1,2,50.0,105
USER_006794,occasional_borrower,2,1,50.0,115
USER_006795,non_borrower,0,-1,0.0,113
USER_006796,responsible_borrower,4,1,97.65625,110
USER_006797,non_borrower,0,-1,0.0,117
USER_006798,non_borrower,0,-1,0.0,118
USER_006799,non_borrower,0,-1,0.0,106
USER_006800,non_borrower,0,-1,0.0,95
USER_006801,occasional_borrower,2,0,78.125,97
USER_006802,non_borrower,0,-1,0.0,114
USER_006803,responsible_borrower,3,1,78.125,97
USER_006804,occasional_borrower,1,0,62.5,108
USER_006805,non_borrower,0,-1,0.0,104
USER_006806,responsible_borrower,2,0,78.125,106
USER_006807,responsible_borrower,4,0,122.0703125,98
USER_006808,responsible_borrower,4,1,97.65625,112
USER_006809,responsible_borrower,2,1,62.5,99
USER_006810,non_borrower,0,-1,0.0,96
USER_006811,non_borrower,0,-1,0.0,100
USER_006812,non_borrower,0,-1,0.0,113
USER_006813,responsible_borrower,2,0,78.125,118
USER_006814,responsible_borrower,2,0,78.125,109
USER_006815,responsible_borrower,3,0,97.65625,109
USER_006816,non_borrower,0,-1,0.0,100
USER_006817,responsible_borrower,4,0,122.0703125,95
USER_006818,non_borrower,0,-1,0.0,117
USER_006819,risky_borrower,4,1,50.0,98
USER_006820,responsible_borrower,3,1,78.125,105
USER_006821,responsible_borrower,4,1,97.65625,103
USER_006822,non_borrower,0,-1,0.0,111
USER_006823,responsible_borrower,2,0,78.125,101
USER_006824,non_borrower,0,-1,0.0,104
USER_006825,responsible_borrower,4,1,97.65625,116
USER_006826,non_borrower,0,-1,0.0,92
USER_006827,occasional_borrower,2,1,62.5,94
USER_006828,non_borrower,0,-1,0.0,94
USER_006829,responsible_borrower,4,0,122.0703125,102
USER_006830,non_borrower,0,-1,0.0,90
USER_006831,non_borrower,0,-1,0.0,99
USER_006832,risky_borrower,4,1,50.0,122
USER_006833,risky_borrower,4,2,50.0,91
USER_006834,non_borrower,0,-1,0.0,101
USER_006835,responsible_borrower,4,1,78.125,111
USER_006836,non_borrower,0,-1,0.0,95
USER_006837,responsible_borrower,3,0,97.65625,115
USER_006838,risky_borrower,4,1,50.0,122
USER_006839,non_borrower,0,-1,0.0,87
USER_006840,non_borrower,0,-1,0.0,103
USER_006841,responsible_borrower,4,1,62.5,111
USER_006842,non_borrower,0,-1,0.0,72
USER_006843,non_borrower,0,-1,0.0,96
USER_006844,occasional_borrower,1,0,62.5,115
USER_006845,responsible_borrower,4,0,122.0703125,115
USER_006846,risky_borrower,4,1,50.0,118
USER_006847,non_borrower,0,-1,0.0,111
USER_006848,risky_borrower,5,1,50.0,110
USER_006849,non_borrower,0,-1,0.0,97
USER_006850,occasional_borrower,1,1,50.0,101
USER_006851,non_borrower,0,-1,0.0,100
USER_006852,non_borrower,0,-1,0.0,100
USER_006853,non_borrower,0,-1,0.0,101
USER_006854,non_borrower,0,-1,0.0,93
USER_006855,non_borrower,0,-1,0.0,114
USER_006856,responsible_borrower,4,0,122.0703125,77
USER_006857,non_borrower,0,-1,0.0,106
USER_006858,responsible_borrower,2,0,78.125,110
USER_006859,non_borrower,0,-1,0.0,96
USER_006860,responsible_borrower,2,0,78.125,107
USER_006861,risky_borrower,5,1,50.0,106
USER_006862,responsible_borrower,3,0,97.65625,101
USER_006863,responsible_borrower,4,0,122.0703125,112
USER_006864,responsible_borrower,4,1,97.65625,104
USER_006865,responsible_borrower,2,0,78.125,99
USER_006866,responsible_borrower,3,0,97.65625,96
USER_006867,occasional_borrower,1,1,50.0,95
USER_006868,risky_borrower,2,2,50.0,98
USER_006869,non_borrower,0,-1,0.0,84
USER_006870,non_borrower,0,-1,0.0,104
USER_006871,responsible_borrower,3,1,78.125,93
USER_006872,non_borrower,0,-1,0.0,107
USER_006873,responsible_borrower,4,0,122.0703125,98
USER_006874,risky_borrower,6,1,50.0,109
USER_006875,responsible_borrower,2,0,78.125,114
USER_006876,non_borrower,0,-1,0.0,102
USER_006877,responsible_borrower,3,0,97.65625,96
USER_006878,non_borrower,0,-1,0.0,80
USER_006879,non_borrower,0,-1,0.0,100
USER_006880,responsible_borrower,2,0,78.125,112
USER_006881,responsible_borrower,4,0,122.0703125,104
USER_006882,responsible_borrower,3,0,97.65625,90
USER_006883,defaulter,1,2,50.0,96
USER_006884,non_borrower,0,-1,0.0,89
USER_006885,responsible_borrower,3,0,97.65625,102
USER_006886,occasional_borrower,1,1,50.0,106
USER_006887,responsible_borrower,2,1,62.5,107
USER_006888,responsible_borrower,4,1,78.125,107
USER_006889,risky_borrower,5,1,50.0,106
USER_006890,defaulter,1,2,50.0,108
USER_006891,occasional_borrower,2,0,78.125,95
USER_006892,non_borrower,0,-1,0.0,95
USER_006893,non_borrower,0,-1,0.0,103
USER_006894,occasional_borrower,2,0,78.125,81
USER_006895,responsible_borrower,4,0,122.0703125,102
USER_006896,non_borrower,0,-1,0.0,109
USER_006897,responsible_borrower,3,0,97.65625,101
USER_006898,non_borrower,0,-1,0.0,100
USER_006899,non_borrower,0,-1,0.0,103
USER_006900,non_borrower,0,-1,0.0,95
USER_006901,responsible_borrower,3,0,97.65625,103
USER_006902,occasional_borrower,2,1,62.5,92
USER_006903,responsible_borrower,4,0,122.0703125,117
USER_006904,occasional_borrower,1,1,50.0,95
USER_006905,non_borrower,0,-1,0.0,109
USER_006906,responsible_borrower,4,1,97.65625,114
USER_006907,responsible_borrower,4,0,122.0703125,117
USER_006908,occasional_borrower,2,1,62.5,106
USER_006909,responsible_borrower,3,0,97.65625,94
USER_006910,non_borrower,0,-1,0.0,113
USER_006911,occasional_borrower,2,0,78.125,121
USER_006912,risky_borrower,1,2,50.0,109
USER_006913,non_borrower,0,-1,0.0,110
USER_006914,responsible_borrower,2,1,62.5,111
USER_006915,non_borrower,0,-1,0.0,82
USER_006916,responsible_borrower,3,0,97.65625,127
USER_006917,non_borrower,0,-1,0.0,113
USER_006918,responsible_borrower,4,0,122.0703125,124
USER_006919,occasional_borrower,1,1,50.0,100
USER_006920,occasional_borrower,2,0,78.125,108
USER_006921,responsible_borrower,2,0,78.125,123
USER_006922,responsible_borrower,3,0,97.65625,103
USER_006923,occasional_borrower,1,1,50.0,97
USER_006924,responsible_borrower,2,0,78.125,96
USER_006925,non_borrower,0,-1,0.0,106
USER_006926,responsible_borrower,4,1,78.125,109
USER_006927,occasional_borrower,2,1,62.5,102
USER_006928,responsible_borrower,2,0,78.125,106
USER_006929,non_borrower,0,-1,0.0,106
USER_006930,non_borrower,0,-1,0.0,110
USER_006931,non_borrower,0,-1,0.0,119
USER_006932,non_borrower,0,-1,0.0,102
USER_006933,risky_borrower,1,2,50.0,95
USER_006934,non_borrower,0,-1,0.0,95
USER_006935,occasional_borrower,2,1,50.0,114
USER_006936,responsible_borrower,3,0,97.65625,100
USER_006937,responsible_borrower,3,0,97.65625,118
USER_006938,responsible_borrower,3,0,97.65625,94
USER_006939,non_borrower,0,-1,0.0,102
USER_006940,responsible_borrower,2,0,78.125,104
USER_006941,responsible_borrower,2,1,62.5,104
USER_006942,responsible_borrower,4,0,122.0703125,100
USER_006943,responsible_borrower,2,0,78.125,85
USER_006944,risky_borrower,1,2,50.0,112
USER_006945,non_borrower,0,-1,0.0,111
USER_006946,non_borrower,0,-1,0.0,107
USER_006947,responsible_borrower,2,0,78.125,101
USER_006948,occasional_borrower,1,0,62.5,98
USER_006949,responsible_borrower,4,0,122.0703125,88
USER_006950,non_borrower,0,-1,0.0,98
USER_006951,non_borrower,0,-1,0.0,100
USER_006952,responsible_borrower,2,0,78.125,89
USER_006953,risky_borrower,4,2,50.0,120
USER_006954,responsible_borrower,4,1,97.65625,113
USER_006955,responsible_borrower,4,0,122.0703125,107
USER_006956,non_borrower,0,-1,0.0,104
USER_006957,risky_borrower,3,2,50.0,94
USER_006958,non_borrower,0,-1,0.0,103
USER_006959,non_borrower,0,-1,0.0,109
USER_006960,non_borrower,0,-1,0.0,97
USER_006961,occasional_borrower,2,1,62.5,99
USER_006962,occasional_borrower,2,0,78.125,97
USER_006963,occasional_borrower,2,1,62.5,108
USER_006964,responsible_borrower,3,0,97.65625,98
USER_006965,responsible_borrower,4,0,122.0703125,104
USER_006966,responsible_borrower,3,1,78.125,110
USER_006967,defaulter,1,2,50.0,82
USER_006968,responsible_borrower,4,1,97.65625,116
USER_006969,responsible_borrower,2,0,78.125,117
USER_006970,occasional_borrower,2,1,62.5,82
USER_006971,non_borrower,0,-1,0.0,104
USER_006972,responsible_borrower,4,0,122.0703125,113
USER_006973,occasional_borrower,1,0,62.5,130
USER_006974,responsible_borrower,2,0,78.125,116
USER_006975,responsible_borrower,2,0,78.125,110
USER_006976,responsible_borrower,3,0,97.65625,109
USER_006977,responsible_borrower,4,0,122.0703125,86
USER_006978,responsible_borrower,2,0,78.125,93
USER_006979,responsible_borrower,2,0,78.125,107
USER_006980,non_borrower,0,-1,0.0,102
USER_006981,non_borrower,0,-1,0.0,87
USER_006982,responsible_borrower,3,1,78.125,103
USER_006983,non_borrower,0,-1,0.0,127
USER_006984,non_borrower,0,-1,0.0,92
USER_006985,occasional_borrower,1,0,62.5,88
USER_006986,risky_borrower,5,1,50.0,101
USER_006987,responsible_borrower,3,0,97.65625,91
USER_006988,non_borrower,0,-1,0.0,111
USER_006989,occasional_borrower,2,1,62.5,114
USER_006990,non_borrower,0,-1,0.0,102
USER_006991,non_borrower,0,-1,0.0,102
USER_006992,non_borrower,0,-1,0.0,99
USER_006993,occasional_borrower,1,1,50.0,93
USER_006994,responsible_borrower,3,1,78.125,100
USER_006995,non_borrower,0,-1,0.0,109
USER_006996,responsible_borrower,3,0,97.65625,106
USER_006997,responsible_borrower,3,1,78.125,108
USER_006998,responsible_borrower,4,0,122.0703125,113
USER_006999,non_borrower,0,-1,0.0,102
USER_007000,non_borrower,0,-1,0.0,80
USER_007001,occasional_borrower,1,0,62.5,123
USER_007002,non_borrower,0,-1,0.0,100
USER_007003,non_borrower,0,-1,0.0,84
USER_007004,non_borrower,0,-1,0.0,114
USER_007005,occasional_borrower,2,0,78.125,82
USER_007006,non_borrower,0,-1,0.0,96
USER_007007,non_borrower,0,-1,0.0,97
USER_007008,risky_borrower,3,2,50.0,106
USER_007009,non_borrower,0,-1,0.0,103
USER_007010,responsible_borrower,3,1,78.125,109
USER_007011,risky_borrower,4,2,50.0,106
USER_007012,non_borrower,0,-1,0.0,106
USER_007013,non_borrower,0,-1,0.0,129
USER_007014,responsible_borrower,4,0,122.0703125,107
USER_007015,responsible_borrower,3,0,97.65625,99
USER_007016,non_borrower,0,-1,0.0,108
USER_007017,non_borrower,0,-1,0.0,86
USER_007018,risky_borrower,1,2,50.0,87
USER_007019,responsible_borrower,4,0,122.0703125,115
USER_007020,responsible_borrower,2,1,50.0,95
USER_007021,responsible_borrower,3,0,97.65625,94
USER_007022,occasional_borrower,2,0,78.125,115
USER_007023,responsible_borrower,2,1,62.5,112
USER_007024,non_borrower,0,-1,0.0,82
USER_007025,risky_borrower,4,2,50.0,96
USER_007026,responsible_borrower,2,0,78.125,108
USER_007027,occasional_borrower,2,1,62.5,103
USER_007028,non_borrower,0,-1,0.0,98
USER_007029,responsible_borrower,2,0,78.125,114
USER_007030,defaulter,1,2,50.0,104
USER_007031,responsible_borrower,4,0,122.0703125,91
USER_007032,non_borrower,0,-1,0.0,82
USER_007033,risky_borrower,2,2,50.0,107
USER_007034,non_borrower,0,-1,0.0,83
USER_007035,risky_borrower,5,1,50.0,119
USER_007036,responsible_borrower,2,0,78.125,96
USER_007037,responsible_borrower,4,0,122.0703125,113
USER_007038,risky_borrower,2,2,50.0,98
USER_007039,non_borrower,0,-1,0.0,108
USER_007040,non_borrower,0,-1,0.0,92
USER_007041,non_borrower,0,-1,0.0,113
USER_007042,non_borrower,0,-1,0.0,91
USER_007043,risky_borrower,4,2,50.0,106
USER_007044,non_borrower,0,-1,0.0,89
USER_007045,non_borrower,0,-1,0.0,95
USER_007046,risky_borrower,5,1,50.0,117
USER_007047,occasional_borrower,2,0,78.125,87
USER_007048,responsible_borrower,3,1,78.125,101
USER_007049,responsible_borrower,3,1,78.125,78
USER_007050,non_borrower,0,-1,0.0,100
USER_007051,responsible_borrower,4,0,122.0703125,98
USER_007052,responsible_borrower,3,0,97.65625,102
USER_007053,responsible_borrower,3,1,78.125,99
USER_007054,responsible_borrower,2,0,78.125,120
USER_007055,non_borrower,0,-1,0.0,105
USER_007056,non_borrower,0,-1,0.0,98
USER_007057,responsible_borrower,2,0,78.125,109
USER_007058,non_borrower,0,-1,0.0,90
USER_007059,non_borrower,0,-1,0.0,122
USER_007060,responsible_borrower,2,0,78.125,98
USER_007061,non_borrower,0,-1,0.0,83
USER_007062,non_borrower,0,-1,0.0,80
USER_007063,responsible_borrower,4,1,97.65625,113
USER_007064,non_borrower,0,-1,0.0,89
USER_007065,occasional_borrower,1,1,50.0,84
USER_007066,responsible_borrower,4,1,97.65625,101
USER_007067,responsible_borrower,4,0,122.0703125,112
USER_007068,non_borrower,0,-1,0.0,106
USER_007069,defaulter,1,2,50.0,109
USER_007070,responsible_borrower,4,0,122.0703125,109
USER_007071,non_borrower,0,-1,0.0,95
USER_007072,responsible_borrower,3,1,62.5,103
USER_007073,non_borrower,0,-1,0.0,99
USER_007074,non_borrower,0,-1,0.0,94
USER_007075,responsible_borrower,3,0,97.65625,109
USER_007076,non_borrower,0,-1,0.0,85
USER_007077,non_borrower,0,-1,0.0,97
USER_007078,responsible_borrower,3,1,78.125,92
USER_007079,responsible_borrower,4,0,122.0703125,105
USER_007080,non_borrower,0,-1,0.0,87
USER_007081,responsible_borrower,3,1,78.125,112
USER_007082,non_borrower,0,-1,0.0,98
USER_007083,occasional_borrower,2,1,62.5,103
USER_007084,responsible_borrower,2,0,78.125,103
USER_007085,non_borrower,0,-1,0.0,100
USER_007086,occasional_borrower,2,1,62.5,100
USER_007087,responsible_borrower,2,0,78.125,98
USER_007088,occasional_borrower,2,0,78.125,103
USER_007089,risky_borrower,5,1,50.0,112
USER_007090,responsible_borrower,2,0,78.125,98
USER_007091,responsible_borrower,4,0,122.0703125,104
USER_007092,responsible_borrower,4,0,122.0703125,118
USER_007093,occasional_borrower,1,0,62.5,94
USER_007094,responsible_borrower,2,0,78.125,123
USER_007095,occasional_borrower,2,1,50.0,112
USER_007096,occasional_borrower,2,1,62.5,92
USER_007097,occasional_borrower,1,1,50.0,121
USER_007098,non_borrower,0,-1,0.0,108
USER_007099,non_borrower,0,-1,0.0,115
USER_007100,risky_borrower,5,1,50.0,109
USER_007101,responsible_borrower,2,0,78.125,105
USER_007102,responsible_borrower,2,0,78.125,84
USER_007103,responsible_borrower,4,1,97.65625,116
USER_007104,occasional_borrower,2,1,62.5,105
USER_007105,non_borrower,0,-1,0.0,95
USER_007106,non_borrower,0,-1,0.0,87
USER_007107,occasional_borrower,1,0,62.5,108
USER_007108,non_borrower,0,-1,0.0,111
USER_007109,responsible_borrower,2,0,78.125,99
USER_007110,responsible_borrower,4,1,97.65625,106
USER_007111,non_borrower,0,-1,0.0,83
USER_007112,responsible_borrower,4,0,122.0703125,109
USER_007113,responsible_borrower,2,1,50.0,111
USER_007114,non_borrower,0,-1,0.0,106
USER_007115,risky_borrower,6,2,50.0,119
USER_007116,responsible_borrower,3,1,62.5,115
USER_007117,responsible_borrower,2,0,78.125,118
USER_007118,non_borrower,0,-1,0.0,94
USER_007119,responsible_borrower,4,0,122.0703125,100
USER_007120,responsible_borrower,2,1,62.5,103
USER_007121,non_borrower,0,-1,0.0,105
USER_007122,non_borrower,0,-1,0.0,91
USER_007123,occasional_borrower,2,1,62.5,108
USER_007124,occasional_borrower,1,1,50.0,93
USER_007125,defaulter,1,2,50.0,75
USER_007126,non_borrower,0,-1,0.0,90
USER_007127,non_borrower,0,-1,0.0,111
USER_007128,non_borrower,0,-1,0.0,123
USER_007129,non_borrower,0,-1,0.0,114
USER_007130,non_borrower,0,-1,0.0,99
USER_007131,occasional_borrower,2,1,50.0,114
USER_007132,occasional_borrower,2,1,62.5,103
USER_007133,non_borrower,0,-1,0.0,101
USER_007134,non_borrower,0,-1,0.0,90
USER_007135,non_borrower,0,-1,0.0,113
USER_007136,occasional_borrower,2,1,62.5,102
USER_007137,non_borrower,0,-1,0.0,109
USER_007138,occasional_borrower,1,0,62.5,93
USER_007139,responsible_borrower,2,1,50.0,104
USER_007140,non_borrower,0,-1,0.0,94
USER_007141,non_borrower,0,-1,0.0,105
USER_007142,responsible_borrower,4,0,122.0703125,110
USER_007143,defaulter,1,2,50.0,108
USER_007144,responsible_borrower,3,0,97.65625,109
USER_007145,non_borrower,0,-1,0.0,106
USER_007146,responsible_borrower,4,1,97.65625,112
USER_007147,responsible_borrower,2,0,78.125,108
USER_007148,responsible_borrower,4,1,97.65625,106
USER_007149,responsible_borrower,3,0,97.65625,117
USER_007150,non_borrower,0,-1,0.0,92
USER_007151,responsible_borrower,4,0,122.0703125,120
USER_007152,non_borrower,0,-1,0.0,106
USER_007153,non_borrower,0,-1,0.0,84
USER_007154,non_borrower,0,-1,0.0,111
USER_007155,non_borrower,0,-1,0.0,86
USER_007156,responsible_borrower,4,0,122.0703125,96
USER_007157,responsible_borrower,3,0,97.65625,100
USER_007158,responsible_borrower,3,0,97.65625,133
USER_007159,non_borrower,0,-1,0.0,102
USER_007160,occasional_borrower,1,0,62.5,109
USER_007161,risky_borrower,4,1,50.0,112
USER_007162,non_borrower,0,-1,0.0,82
USER_007163,responsible_borrower,2,0,78.125,108
USER_007164,non_borrower,0,-1,0.0,83
USER_007165,non_borrower,0,-1,0.0,105
USER_007166,responsible_borrower,4,0,122.0703125,101
USER_007167,non_borrower,0,-1,0.0,102
USER_007168,responsible_borrower,2,0,78.125,93
USER_007169,responsible_borrower,3,0,97.65625,101
USER_007170,responsible_borrower,4,1,97.65625,122
USER_007171,risky_borrower,3,2,50.0,122
USER_007172,responsible_borrower,2,0,78.125,106
USER_007173,non_borrower,0,-1,0.0,93
USER_007174,responsible_borrower,2,0,78.125,98
USER_007175,risky_borrower,6,1,50.0,102
USER_007176,non_borrower,0,-1,0.0,100
USER_007177,responsible_borrower,4,1,97.65625,111
USER_007178,responsible_borrower,3,1,78.125,93
USER_007179,responsible_borrower,2,0,78.125,105
USER_007180,non_borrower,0,-1,0.0,94
USER_007181,non_borrower,0,-1,0.0,97
USER_007182,risky_borrower,4,1,50.0,99
USER_007183,non_borrower,0,-1,0.0,75
USER_007184,defaulter,1,2,50.0,97
USER_007185,responsible_borrower,3,0,97.65625,105
USER_007186,responsible_borrower,2,0,78.125,102
USER_007187,non_borrower,0,-1,0.0,96
USER_007188,responsible_borrower,3,0,97.65625,128
USER_007189,non_borrower,0,-1,0.0,102
USER_007190,responsible_borrower,2,0,78.125,83
USER_007191,non_borrower,0,-1,0.0,96
USER_007192,non_borrower,0,-1,0.0,76
USER_007193,responsible_borrower,4,1,97.65625,110
USER_007194,occasional_borrower,1,0,62.5,91
USER_007195,responsible_borrower,4,0,122.0703125,112
USER_007196,occasional_borrower,2,1,50.0,93
USER_007197,responsible_borrower,2,0,78.125,103
USER_007198,responsible_borrower,2,1,62.5,103
USER_007199,non_borrower,0,-1,0.0,101
USER_007200,non_borrower,0,-1,0.0,94
USER_007201,non_borrower,0,-1,0.0,109
USER_007202,responsible_borrower,4,0,122.0703125,85
USER_007203,occasional_borrower,1,0,62.5,120
USER_007204,responsible_borrower,4,0,122.0703125,117
USER_007205,occasional_borrower,2,1,62.5,107
USER_007206,risky_borrower,1,2,50.0,110
USER_007207,responsible_borrower,3,0,97.65625,111
USER_007208,responsible_borrower,2,1,62.5,108
USER_007209,non_borrower,0,-1,0.0,105
USER_007210,responsible_borrower,4,0,122.0703125,121
USER_007211,non_borrower,0,-1,0.0,88
USER_007212,non_borrower,0,-1,0.0,97
USER_007213,risky_borrower,1,2,50.0,110
USER_007214,defaulter,1,2,50.0,106
USER_007215,non_borrower,0,-1,0.0,94
USER_007216,non_borrower,0,-1,0.0,95
USER_007217,occasional_borrower,2,1,62.5,110
USER_007218,non_borrower,0,-1,0.0,94
USER_007219,responsible_borrower,4,0,122.0703125,103
USER_007220,non_borrower,0,-1,0.0,93
USER_007221,risky_borrower,5,1,50.0,109
USER_007222,non_borrower,0,-1,0.0,98
USER_007223,responsible_borrower,3,0,97.65625,119
USER_007224,non_borrower,0,-1,0.0,105
USER_007225,responsible_borrower,2,0,78.125,94
USER_007226,non_borrower,0,-1,0.0,97
USER_007227,responsible_borrower,4,0,122.0703125,107
USER_007228,responsible_borrower,3,0,97.65625,112
USER_007229,non_borrower,0,-1,0.0,107
USER_007230,responsible_borrower,3,0,97.65625,99
USER_007231,risky_borrower,2,2,50.0,101
USER_007232,responsible_borrower,2,0,78.125,93
USER_007233,non_borrower,0,-1,0.0,94
USER_007234,responsible_borrower,3,1,78.125,111
USER_007235,risky_borrower,5,1,50.0,106
USER_007236,risky_borrower,2,2,50.0,101
USER_007237,non_borrower,0,-1,0.0,92
USER_007238,responsible_borrower,4,0,122.0703125,102
USER_007239,non_borrower,0,-1,0.0,92
USER_007240,non_borrower,0,-1,0.0,121
USER_007241,risky_borrower,6,1,50.0,123
USER_007242,non_borrower,0,-1,0.0,90
USER_007243,non_borrower,0,-1,0.0,117
USER_007244,occasional_borrower,1,0,62.5,98
USER_007245,responsible_borrower,4,0,122.0703125,93
USER_007246,occasional_borrower,2,0,78.125,87
USER_007247,risky_borrower,4,1,50.0,109
USER_007248,non_borrower,0,-1,0.0,109
USER_007249,occasional_borrower,2,1,62.5,120
USER_007250,occasional_borrower,2,1,62.5,124
USER_007251,risky_borrower,4,2,50.0,121
USER_007252,non_borrower,0,-1,0.0,102
USER_007253,responsible_borrower,4,0,122.0703125,108
USER_007254,responsible_borrower,3,0,97.65625,113
USER_007255,occasional_borrower,2,0,78.125,107
USER_007256,occasional_borrower,1,0,62.5,100
USER_007257,occasional_borrower,1,1,50.0,108
USER_007258,responsible_borrower,4,0,122.0703125,93
USER_007259,non_borrower,0,-1,0.0,115
USER_007260,risky_borrower,4,1,50.0,104
USER_007261,occasional_borrower,1,1,50.0,81
USER_007262,responsible_borrower,2,0,78.125,93
USER_007263,responsible_borrower,3,1,78.125,109
USER_007264,defaulter,1,2,50.0,98
USER_007265,defaulter,1,2,50.0,100
USER_007266,responsible_borrower,4,0,122.0703125,106
USER_007267,non_borrower,0,-1,0.0,97
USER_007268,non_borrower,0,-1,0.0,106
USER_007269,non_borrower,0,-1,0.0,105
USER_007270,non_borrower,0,-1,0.0,95
USER_007271,responsible_borrower,2,0,78.125,113
USER_007272,non_borrower,0,-1,0.0,94
USER_007273,non_borrower,0,-1,0.0,100
USER_007274,non_borrower,0,-1,0.0,86
USER_007275,responsible_borrower,4,1,97.65625,97
USER_007276,occasional_borrower,2,0,78.125,96
USER_007277,non_borrower,0,-1,0.0,101
USER_007278,responsible_borrower,3,0,97.65625,92
USER_007279,defaulter,1,2,50.0,91
USER_007280,responsible_borrower,2,0,78.125,108
USER_007281,responsible_borrower,3,1,78.125,110
USER_007282,non_borrower,0,-1,0.0,83
USER_007283,responsible_borrower,4,0,122.0703125,126
USER_007284,occasional_borrower,2,0,78.125,92
USER_007285,non_borrower,0,-1,0.0,102
USER_007286,non_borrower,0,-1,0.0,78
USER_007287,responsible_borrower,2,0,78.125,96
USER_007288,non_borrower,0,-1,0.0,115
USER_007289,responsible_borrower,2,0,78.125,95
USER_007290,responsible_borrower,3,0,97.65625,94
USER_007291,responsible_borrower,3,0,97.65625,107
USER_007292,responsible_borrower,4,0,122.0703125,109
USER_007293,occasional_borrower,2,1,62.5,107
USER_007294,non_borrower,0,-1,0.0,116
USER_007295,non_borrower,0,-1,0.0,102
USER_007296,responsible_borrower,4,0,122.0703125,96
USER_007297,non_borrower,0,-1,0.0,83
USER_007298,non_borrower,0,-1,0.0,101
USER_007299,responsible_borrower,3,0,97.65625,110
USER_007300,responsible_borrower,2,0,78.125,93
USER_007301,responsible_borrower,4,1,97.65625,107
USER_007302,non_borrower,0,-1,0.0,95
USER_007303,risky_borrower,4,1,50.0,121
USER_007304,occasional_borrower,1,0,62.5,116
USER_007305,occasional_borrower,1,1,50.0,89
USER_007306,non_borrower,0,-1,0.0,94
USER_007307,risky_borrower,4,1,50.0,125
USER_007308,responsible_borrower,2,0,78.125,105
USER_007309,non_borrower,0,-1,0.0,102
USER_007310,responsible_borrower,2,0,78.125,107
USER_007311,responsible_borrower,2,0,78.125,95
USER_007312,non_borrower,0,-1,0.0,112
USER_007313,responsible_borrower,2,0,78.125,114
USER_007314,non_borrower,0,-1,0.0,93
USER_007315,responsible_borrower,2,0,78.125,93
USER_007316,risky_borrower,4,1,50.0,99
USER_007317,non_borrower,0,-1,0.0,98
USER_007318,occasional_borrower,2,1,62.5,88
USER_007319,non_borrower,0,-1,0.0,126
USER_007320,responsible_borrower,4,0,122.0703125,101
USER_007321,responsible_borrower,3,0,97.65625,102
USER_007322,occasional_borrower,2,2,62.5,95
USER_007323,responsible_borrower,2,0,78.125,87
USER_007324,non_borrower,0,-1,0.0,101
USER_007325,responsible_borrower,2,0,78.125,115
USER_007326,responsible_borrower,3,1,78.125,92
USER_007327,non_borrower,0,-1,0.0,102
USER_007328,non_borrower,0,-1,0.0,97
USER_007329,non_borrower,0,-1,0.0,102
USER_007330,responsible_borrower,3,0,97.65625,123
USER_007331,risky_borrower,3,2,50.0,117
USER_007332,responsible_borrower,3,0,97.65625,94
USER_007333,non_borrower,0,-1,0.0,103
USER_007334,occasional_borrower,2,1,62.5,91
USER_007335,occasional_borrower,1,0,62.5,86
USER_007336,non_borrower,0,-1,0.0,99
USER_007337,responsible_borrower,4,0,122.0703125,100
USER_007338,non_borrower,0,-1,0.0,105
USER_007339,risky_borrower,1,2,50.0,97
USER_007340,defaulter,1,2,50.0,103
USER_007341,occasional_borrower,1,1,50.0,115
USER_007342,occasional_borrower,1,1,50.0,113
USER_007343,non_borrower,0,-1,0.0,95
USER_007344,responsible_borrower,2,0,78.125,98
USER_007345,responsible_borrower,4,0,122.0703125,102
USER_007346,non_borrower,0,-1,0.0,91
USER_007347,responsible_borrower,4,0,122.0703125,112
USER_007348,non_borrower,0,-1,0.0,111
USER_007349,non_borrower,0,-1,0.0,102
USER_007350,non_borrower,0,-1,0.0,102
USER_007351,non_borrower,0,-1,0.0,90
USER_007352,responsible_borrower,4,0,122.0703125,112
USER_007353,non_borrower,0,-1,0.0,99
USER_007354,non_borrower,0,-1,0.0,89
USER_007355,defaulter,1,2,50.0,93
USER_007356,responsible_borrower,2,0,78.125,93
USER_007357,non_borrower,0,-1,0.0,90
USER_007358,responsible_borrower,3,0,97.65625,106
USER_007359,non_borrower,0,-1,0.0,113
USER_007360,defaulter,1,2,50.0,96
USER_007361,risky_borrower,3,2,50.0,107
USER_007362,responsible_borrower,2,0,78.125,115
USER_007363,occasional_borrower,1,1,50.0,100
USER_007364,non_borrower,0,-1,0.0,92
USER_007365,responsible_borrower,2,0,78.125,120
USER_007366,responsible_borrower,3,0,97.65625,95
USER_007367,risky_borrower,5,1,50.0,98
USER_007368,occasional_borrower,2,1,62.5,100
USER_007369,non_borrower,0,-1,0.0,102
USER_007370,responsible_borrower,3,0,97.65625,115
USER_007371,non_borrower,0,-1,0.0,101
USER_007372,responsible_borrower,4,0,122.0703125,113
USER_007373,occasional_borrower,2,1,62.5,132
USER_007374,responsible_borrower,3,1,78.125,102
USER_007375,non_borrower,0,-1,0.0,118
USER_007376,non_borrower,0,-1,0.0,107
USER_007377,non_borrower,0,-1,0.0,110
USER_007378,responsible_borrower,2,0,78.125,105
USER_007379,non_borrower,0,-1,0.0,103
USER_007380,occasional_borrower,2,0,78.125,110
USER_007381,defaulter,1,2,50.0,90
USER_007382,defaulter,1,2,50.0,95
USER_007383,risky_borrower,1,2,50.0,101
USER_007384,occasional_borrower,2,0,78.125,108
USER_007385,risky_borrower,4,1,50.0,99
USER_007386,responsible_borrower,3,1,78.125,109
USER_007387,responsible_borrower,3,0,97.65625,99
USER_007388,responsible_borrower,3,1,78.125,103
USER_007389,occasional_borrower,2,1,62.5,97
USER_007390,risky_borrower,3,2,50.0,111
USER_007391,responsible_borrower,2,1,62.5,103
USER_007392,responsible_borrower,2,0,78.125,97
USER_007393,responsible_borrower,4,0,122.0703125,102
USER_007394,non_borrower,0,-1,0.0,97
USER_007395,non_borrower,0,-1,0.0,101
USER_007396,occasional_borrower,2,1,62.5,109
USER_007397,non_borrower,0,-1,0.0,102
USER_007398,responsible_borrower,4,0,122.0703125,92
USER_007399,responsible_borrower,3,0,97.65625,107
USER_007400,responsible_borrower,2,0,78.125,110
USER_007401,responsible_borrower,3,0,97.65625,96
USER_007402,non_borrower,0,-1,0.0,101
USER_007403,non_borrower,0,-1,0.0,113
USER_007404,non_borrower,0,-1,0.0,98
USER_007405,responsible_borrower,2,1,62.5,94
USER_007406,responsible_borrower,3,0,97.65625,105
USER_007407,occasional_borrower,1,0,62.5,110
USER_007408,responsible_borrower,2,0,78.125,112
USER_007409,non_borrower,0,-1,0.0,107
USER_007410,responsible_borrower,4,0,122.0703125,101
USER_007411,responsible_borrower,4,1,78.125,97
USER_007412,responsible_borrower,4,0,122.0703125,110
USER_007413,occasional_borrower,2,1,62.5,96
USER_007414,responsible_borrower,4,0,122.0703125,108
USER_007415,responsible_borrower,3,0,97.65625,86
USER_007416,non_borrower,0,-1,0.0,106
USER_007417,responsible_borrower,4,0,122.0703125,108
USER_007418,occasional_borrower,2,1,50.0,87
USER_007419,non_borrower,0,-1,0.0,84
USER_007420,occasional_borrower,2,0,78.125,107
USER_007421,non_borrower,0,-1,0.0,112
USER_007422,risky_borrower,5,1,50.0,126
USER_007423,occasional_borrower,1,0,62.5,85
USER_007424,non_borrower,0,-1,0.0,105
USER_007425,occasional_borrower,2,0,78.125,107
USER_007426,non_borrower,0,-1,0.0,94
USER_007427,responsible_borrower,2,0,78.125,106
USER_007428,non_borrower,0,-1,0.0,104
USER_007429,non_borrower,0,-1,0.0,94
USER_007430,non_borrower,0,-1,0.0,101
USER_007431,responsible_borrower,3,0,97.65625,109
USER_007432,responsible_borrower,2,0,78.125,82
USER_007433,occasional_borrower,2,1,50.0,92
USER_007434,responsible_borrower,4,1,78.125,120
USER_007435,non_borrower,0,-1,0.0,106
USER_007436,non_borrower,0,-1,0.0,97
USER_007437,non_borrower,0,-1,0.0,101
USER_007438,risky_borrower,5,1,50.0,123
USER_007439,non_borrower,0,-1,0.0,97
USER_007440,defaulter,1,2,50.0,109
USER_007441,responsible_borrower,4,1,97.65625,113
USER_007442,non_borrower,0,-1,0.0,102
USER_007443,responsible_borrower,3,1,78.125,91
USER_007444,non_borrower,0,-1,0.0,96
USER_007445,non_borrower,0,-1,0.0,89
USER_007446,non_borrower,0,-1,0.0,128
USER_007447,responsible_borrower,2,1,62.5,97
USER_007448,responsible_borrower,3,1,78.125,104
USER_007449,responsible_borrower,4,0,122.0703125,128
USER_007450,risky_borrower,6,1,50.0,124
USER_007451,responsible_borrower,4,0,122.0703125,124
USER_007452,non_borrower,0,-1,0.0,105
USER_007453,non_borrower,0,-1,0.0,85
USER_007454,occasional_borrower,1,0,62.5,111
USER_007455,non_borrower,0,-1,0.0,94
USER_007456,responsible_borrower,4,1,97.65625,115
USER_007457,responsible_borrower,2,0,78.125,111
USER_007458,occasional_borrower,2,1,50.0,97
USER_007459,responsible_borrower,4,0,122.0703125,111
USER_007460,non_borrower,0,-1,0.0,112
USER_007461,responsible_borrower,3,0,97.65625,97
USER_007462,occasional_borrower,1,0,62.5,93
USER_007463,occasional_borrower,2,1,50.0,116
USER_007464,non_borrower,0,-1,0.0,87
USER_007465,non_borrower,0,-1,0.0,88
USER_007466,responsible_borrower,3,0,97.65625,93
USER_007467,responsible_borrower,3,0,97.65625,98
USER_007468,non_borrower,0,-1,0.0,106
USER_007469,occasional_borrower,1,0,62.5,79
USER_007470,non_borrower,0,-1,0.0,89
USER_007471,responsible_borrower,4,0,122.0703125,89
USER_007472,non_borrower,0,-1,0.0,109
USER_007473,responsible_borrower,2,0,78.125,107
USER_007474,non_borrower,0,-1,0.0,94
USER_007475,responsible_borrower,3,0,97.65625,104
USER_007476,non_borrower,0,-1,0.0,86
USER_007477,non_borrower,0,-1,0.0,95
USER_007478,responsible_borrower,2,0,78.125,90
USER_007479,occasional_borrower,2,0,78.125,121
USER_007480,responsible_borrower,3,1,62.5,107
USER_007481,occasional_borrower,1,1,50.0,96
USER_007482,non_borrower,0,-1,0.0,112
USER_007483,responsible_borrower,4,1,97.65625,93
USER_007484,responsible_borrower,3,0,97.65625,99
USER_007485,responsible_borrower,3,1,78.125,112
USER_007486,occasional_borrower,1,1,50.0,91
USER_007487,non_borrower,0,-1,0.0,96
USER_007488,responsible_borrower,3,0,97.65625,111
USER_007489,responsible_borrower,2,0,78.125,104
USER_007490,responsible_borrower,3,0,97.65625,113
USER_007491,non_borrower,0,-1,0.0,92
USER_007492,non_borrower,0,-1,0.0,86
USER_007493,occasional_borrower,1,0,62.5,77
USER_007494,responsible_borrower,4,0,122.0703125,98
USER_007495,responsible_borrower,4,1,78.125,102
USER_007496,non_borrower,0,-1,0.0,94
USER_007497,occasional_borrower,2,0,78.125,108
USER_007498,non_borrower,0,-1,0.0,102
USER_007499,responsible_borrower,2,0,78.125,105
USER_007500,responsible_borrower,2,1,62.5,114
USER_007501,occasional_borrower,1,0,62.5,88
USER_007502,defaulter,1,2,50.0,113
USER_007503,responsible_borrower,2,0,78.125,113
USER_007504,responsible_borrower,3,0,97.65625,109
USER_007505,risky_borrower,5,2,50.0,104
USER_007506,non_borrower,0,-1,0.0,106
USER_007507,non_borrower,0,-1,0.0,93
USER_007508,non_borrower,0,-1,0.0,108
USER_007509,risky_borrower,4,1,50.0,99
USER_007510,risky_borrower,2,2,50.0,108
USER_007511,non_borrower,0,-1,0.0,103
USER_007512,non_borrower,0,-1,0.0,76
USER_007513,non_borrower,0,-1,0.0,101
USER_007514,occasional_borrower,2,1,62.5,98
USER_007515,responsible_borrower,3,0,97.65625,94
USER_007516,responsible_borrower,2,1,62.5,105
USER_007517,responsible_borrower,3,0,97.65625,106
USER_007518,responsible_borrower,2,0,78.125,119
USER_007519,responsible_borrower,3,0,97.65625,110
USER_007520,non_borrower,0,-1,0.0,108
USER_007521,responsible_borrower,3,0,97.65625,104
USER_007522,non_borrower,0,-1,0.0,99
USER_007523,non_borrower,0,-1,0.0,83
USER_007524,defaulter,1,2,50.0,96
USER_007525,non_borrower,0,-1,0.0,88
USER_007526,non_borrower,0,-1,0.0,103
USER_007527,responsible_borrower,4,0,122.0703125,119
USER_007528,responsible_borrower,2,1,62.5,96
USER_007529,responsible_borrower,2,0,78.125,102
USER_007530,occasional_borrower,2,0,78.125,127
USER_007531,responsible_borrower,3,1,78.125,104
USER_007532,risky_borrower,1,2,50.0,106
USER_007533,responsible_borrower,2,0,78.125,101
USER_007534,non_borrower,0,-1,0.0,102
USER_007535,responsible_borrower,3,0,97.65625,101
USER_007536,non_borrower,0,-1,0.0,85
USER_007537,non_borrower,0,-1,0.0,106
USER_007538,non_borrower,0,-1,0.0,114
USER_007539,occasional_borrower,2,0,78.125,119
USER_007540,responsible_borrower,2,0,78.125,103
USER_007541,non_borrower,0,-1,0.0,114
USER_007542,non_borrower,0,-1,0.0,96
USER_007543,risky_borrower,1,2,50.0,119
USER_007544,risky_borrower,5,1,50.0,106
USER_007545,non_borrower,0,-1,0.0,88
USER_007546,responsible_borrower,4,0,122.0703125,109
USER_007547,non_borrower,0,-1,0.0,112
USER_007548,non_borrower,0,-1,0.0,121
USER_007549,non_borrower,0,-1,0.0,101
USER_007550,occasional_borrower,2,1,62.5,106
USER_007551,non_borrower,0,-1,0.0,108
USER_007552,non_borrower,0,-1,0.0,109
USER_007553,occasional_borrower,2,0,78.125,105
USER_007554,responsible_borrower,2,1,62.5,114
USER_007555,non_borrower,0,-1,0.0,97
USER_007556,non_borrower,0,-1,0.0,92
USER_007557,responsible_borrower,3,0,97.65625,121
USER_007558,non_borrower,0,-1,0.0,93
USER_007559,responsible_borrower,3,0,97.65625,105
USER_007560,occasional_borrower,1,0,62.5,84
USER_007561,responsible_borrower,2,0,78.125,94
USER_007562,risky_borrower,3,2,50.0,99
USER_007563,occasional_borrower,1,1,50.0,96
USER_007564,non_borrower,0,-1,0.0,98
USER_007565,responsible_borrower,3,1,78.125,114
USER_007566,responsible_borrower,4,1,97.65625,126
USER_007567,non_borrower,0,-1,0.0,105
USER_007568,responsible_borrower,2,0,78.125,99
USER_007569,non_borrower,0,-1,0.0,81
USER_007570,responsible_borrower,2,1,62.5,101
USER_007571,responsible_borrower,3,0,97.65625,88
USER_007572,occasional_borrower,1,2,50.0,87
USER_007573,non_borrower,0,-1,0.0,83
USER_007574,occasional_borrower,2,1,62.5,92
USER_007575,responsible_borrower,2,1,62.5,84
USER_007576,risky_borrower,6,1,50.0,125
USER_007577,responsible_borrower,4,1,97.65625,118
USER_007578,non_borrower,0,-1,0.0,119
USER_007579,responsible_borrower,4,0,122.0703125,106
USER_007580,responsible_borrower,3,0,97.65625,106
USER_007581,occasional_borrower,2,1,62.5,101
USER_007582,responsible_borrower,4,0,122.0703125,92
USER_007583,responsible_borrower,3,1,78.125,108
USER_007584,risky_borrower,1,2,50.0,114
USER_007585,occasional_borrower,2,1,62.5,96
USER_007586,responsible_borrower,2,0,78.125,106
USER_007587,responsible_borrower,2,0,78.125,99
USER_007588,responsible_borrower,2,0,78.125,99
USER_007589,non_borrower,0,-1,0.0,103
USER_007590,responsible_borrower,3,0,97.65625,104
USER_007591,non_borrower,0,-1,0.0,87
USER_007592,risky_borrower,3,2,50.0,81
USER_007593,responsible_borrower,4,0,122.0703125,95
USER_007594,non_borrower,0,-1,0.0,103
USER_007595,non_borrower,0,-1,0.0,105
USER_007596,non_borrower,0,-1,0.0,98
USER_007597,non_borrower,0,-1,0.0,73
USER_007598,occasional_borrower,2,1,62.5,117
USER_007599,occasional_borrower,2,1,62.5,103
USER_007600,non_borrower,0,-1,0.0,107
USER_007601,occasional_borrower,1,1,50.0,91
USER_007602,non_borrower,0,-1,0.0,96
USER_007603,responsible_borrower,4,0,122.0703125,107
USER_007604,non_borrower,0,-1,0.0,89
USER_007605,responsible_borrower,3,1,78.125,110
USER_007606,non_borrower,0,-1,0.0,110
USER_007607,non_borrower,0,-1,0.0,91
USER_007608,responsible_borrower,3,0,97.65625,94
USER_007609,non_borrower,0,-1,0.0,101
USER_007610,occasional_borrower,2,1,50.0,114
USER_007611,occasional_borrower,1,0,62.5,103
USER_007612,responsible_borrower,3,0,97.65625,110
USER_007613,responsible_borrower,3,0,97.65625,127
USER_007614,responsible_borrower,3,0,97.65625,99
USER_007615,responsible_borrower,3,0,97.65625,88
USER_007616,non_borrower,0,-1,0.0,80
USER_007617,non_borrower,0,-1,0.0,116
USER_007618,responsible_borrower,2,0,78.125,112
USER_007619,non_borrower,0,-1,0.0,104
USER_007620,occasional_borrower,1,0,62.5,89
USER_007621,non_borrower,0,-1,0.0,99
USER_007622,non_borrower,0,-1,0.0,92
USER_007623,non_borrower,0,-1,0.0,104
USER_007624,non_borrower,0,-1,0.0,98
USER_007625,non_borrower,0,-1,0.0,97
USER_007626,occasional_borrower,2,1,62.5,108
USER_007627,non_borrower,0,-1,0.0,106
USER_007628,responsible_borrower,4,1,78.125,103
USER_007629,occasional_borrower,1,0,62.5,94
USER_007630,responsible_borrower,3,0,97.65625,113
USER_007631,responsible_borrower,2,1,62.5,110
USER_007632,non_borrower,0,-1,0.0,100
USER_007633,responsible_borrower,4,1,97.65625,100
USER_007634,occasional_borrower,2,1,62.5,113
USER_007635,non_borrower,0,-1,0.0,121
USER_007636,occasional_borrower,2,1,62.5,113
USER_007637,non_borrower,0,-1,0.0,122
USER_007638,non_borrower,0,-1,0.0,110
USER_007639,responsible_borrower,4,1,97.65625,116
USER_007640,responsible_borrower,2,0,78.125,113
USER_007641,responsible_borrower,4,1,97.65625,101
USER_007642,risky_borrower,4,2,50.0,92
USER_007643,non_borrower,0,-1,0.0,98
USER_007644,responsible_borrower,2,0,78.125,95
USER_007645,occasional_borrower,1,2,50.0,94
USER_007646,non_borrower,0,-1,0.0,92
USER_007647,responsible_borrower,4,0,122.0703125,79
USER_007648,responsible_borrower,2,0,78.125,83
USER_007649,non_borrower,0,-1,0.0,101
USER_007650,responsible_borrower,3,1,78.125,120
USER_007651,responsible_borrower,2,0,78.125,91
USER_007652,non_borrower,0,-1,0.0,106
USER_007653,non_borrower,0,-1,0.0,120
USER_007654,responsible_borrower,3,1,78.125,104
USER_007655,responsible_borrower,3,1,78.125,97
USER_007656,responsible_borrower,3,0,97.65625,98
USER_007657,non_borrower,0,-1,0.0,109
USER_007658,non_borrower,0,-1,0.0,113
USER_007659,non_borrower,0,-1,0.0,97
USER_007660,responsible_borrower,4,0,122.0703125,107
USER_007661,risky_borrower,4,2,50.0,110
USER_007662,responsible_borrower,3,0,97.65625,103
USER_007663,non_borrower,0,-1,0.0,104
USER_007664,responsible_borrower,2,0,78.125,93
USER_007665,non_borrower,0,-1,0.0,116
USER_007666,responsible_borrower,4,0,122.0703125,103
USER_007667,responsible_borrower,2,1,62.5,95
USER_007668,non_borrower,0,-1,0.0,124
USER_007669,non_borrower,0,-1,0.0,96
USER_007670,occasional_borrower,2,1,62.5,111
USER_007671,responsible_borrower,3,0,97.65625,89
USER_007672,responsible_borrower,3,0,97.65625,98
USER_007673,occasional_borrower,1,1,50.0,106
USER_007674,risky_borrower,4,2,50.0,127
USER_007675,non_borrower,0,-1,0.0,113
USER_007676,non_borrower,0,-1,0.0,91
USER_007677,responsible_borrower,3,0,97.65625,91
USER_007678,responsible_borrower,4,0,122.0703125,102
USER_007679,defaulter,1,2,50.0,88
USER_007680,responsible_borrower,4,0,122.0703125,122
USER_007681,occasional_borrower,1,0,62.5,109
USER_007682,non_borrower,0,-1,0.0,81
USER_007683,responsible_borrower,3,1,78.125,121
USER_007684,non_borrower,0,-1,0.0,109
USER_007685,responsible_borrower,2,1,62.5,99
USER_007686,responsible_borrower,3,0,97.65625,108
USER_007687,responsible_borrower,4,0,122.0703125,85
USER_007688,non_borrower,0,-1,0.0,96
USER_007689,responsible_borrower,4,0,122.0703125,117
USER_007690,responsible_borrower,3,1,78.125,116
USER_007691,non_borrower,0,-1,0.0,107
USER_007692,responsible_borrower,4,0,122.0703125,92
USER_007693,non_borrower,0,-1,0.0,98
USER_007694,responsible_borrower,2,0,78.125,99
USER_007695,non_borrower,0,-1,0.0,98
USER_007696,responsible_borrower,4,1,78.125,105
USER_007697,non_borrower,0,-1,0.0,107
USER_007698,non_borrower,0,-1,0.0,86
USER_007699,non_borrower,0,-1,0.0,90
USER_007700,responsible_borrower,2,0,78.125,99
USER_007701,non_borrower,0,-1,0.0,91
USER_007702,responsible_borrower,4,0,122.0703125,99
USER_007703,non_borrower,0,-1,0.0,113
USER_007704,non_borrower,0,-1,0.0,100
USER_007705,responsible_borrower,3,1,62.5,117
USER_007706,responsible_borrower,2,0,78.125,95
USER_007707,responsible_borrower,2,0,78.125,105
USER_007708,responsible_borrower,2,0,78.125,102
USER_007709,non_borrower,0,-1,0.0,109
USER_007710,responsible_borrower,3,0,97.65625,109
USER_007711,occasional_borrower,1,0,62.5,90
USER_007712,occasional_borrower,2,0,78.125,116
USER_007713,responsible_borrower,4,0,122.0703125,79
USER_007714,non_borrower,0,-1,0.0,91
USER_007715,responsible_borrower,4,0,122.0703125,95
USER_007716,non_borrower,0,-1,0.0,126
USER_007717,non_borrower,0,-1,0.0,97
USER_007718,responsible_borrower,3,0,97.65625,110
USER_007719,risky_borrower,6,1,50.0,114
USER_007720,non_borrower,0,-1,0.0,96
USER_007721,non_borrower,0,-1,0.0,104
USER_007722,non_borrower,0,-1,0.0,112
USER_007723,responsible_borrower,2,0,78.125,106
USER_007724,responsible_borrower,3,0,97.65625,112
USER_007725,risky_borrower,5,2,50.0,96
USER_007726,non_borrower,0,-1,0.0,115
USER_007727,non_borrower,0,-1,0.0,118
USER_007728,non_borrower,0,-1,0.0,89
USER_007729,non_borrower,0,-1,0.0,106
USER_007730,occasional_borrower,2,0,78.125,94
USER_007731,risky_borrower,3,2,50.0,121
USER_007732,non_borrower,0,-1,0.0,89
USER_007733,non_borrower,0,-1,0.0,108
USER_007734,responsible_borrower,4,0,122.0703125,113
USER_007735,non_borrower,0,-1,0.0,93
USER_007736,occasional_borrower,2,1,62.5,113
USER_007737,non_borrower,0,-1,0.0,106
USER_007738,non_borrower,0,-1,0.0,108
USER_007739,non_borrower,0,-1,0.0,96
USER_007740,non_borrower,0,-1,0.0,103
USER_007741,responsible_borrower,4,1,97.65625,112
USER_007742,non_borrower,0,-1,0.0,91
USER_007743,responsible_borrower,3,0,97.65625,94
USER_007744,non_borrower,0,-1,0.0,104
USER_007745,responsible_borrower,3,0,97.65625,104
USER_007746,occasional_borrower,2,1,62.5,94
USER_007747,occasional_borrower,1,0,62.5,113
USER_007748,non_borrower,0,-1,0.0,101
USER_007749,occasional_borrower,1,0,62.5,104
USER_007750,non_borrower,0,-1,0.0,88
USER_007751,non_borrower,0,-1,0.0,100
USER_007752,non_borrower,0,-1,0.0,105
USER_007753,occasional_borrower,1,0,62.5,103
USER_007754,responsible_borrower,3,0,97.65625,103
USER_007755,non_borrower,0,-1,0.0,98
USER_007756,non_borrower,0,-1,0.0,108
USER_007757,risky_borrower,4,2,50.0,129
USER_007758,responsible_borrower,4,0,122.0703125,103
USER_007759,non_borrower,0,-1,0.0,112
USER_007760,responsible_borrower,3,0,97.65625,107
USER_007761,non_borrower,0,-1,0.0,92
USER_007762,non_borrower,0,-1,0.0,104
USER_007763,risky_borrower,6,2,50.0,97
USER_007764,risky_borrower,4,1,50.0,80
USER_007765,non_borrower,0,-1,0.0,85
USER_007766,non_borrower,0,-1,0.0,102
USER_007767,non_borrower,0,-1,0.0,100
USER_007768,non_borrower,0,-1,0.0,107
USER_007769,responsible_borrower,2,1,62.5,101
USER_007770,occasional_borrower,1,1,50.0,91
USER_007771,non_borrower,0,-1,0.0,101
USER_007772,occasional_borrower,2,1,62.5,115
USER_007773,defaulter,1,2,50.0,97
USER_007774,responsible_borrower,3,0,97.65625,98
USER_007775,responsible_borrower,3,0,97.65625,108
USER_007776,responsible_borrower,4,1,97.65625,108
USER_007777,non_borrower,0,-1,0.0,98
USER_007778,responsible_borrower,3,1,78.125,112
USER_007779,responsible_borrower,2,1,62.5,89
USER_007780,responsible_borrower,4,1,97.65625,116
USER_007781,non_borrower,0,-1,0.0,85
USER_007782,non_borrower,0,-1,0.0,103
USER_007783,defaulter,1,2,50.0,96
USER_007784,responsible_borrower,3,0,97.65625,127
USER_007785,occasional_borrower,2,1,62.5,106
USER_007786,responsible_borrower,4,0,122.0703125,101
USER_007787,non_borrower,0,-1,0.0,94
USER_007788,non_borrower,0,-1,0.0,78
USER_007789,non_borrower,0,-1,0.0,94
USER_007790,non_borrower,0,-1,0.0,89
USER_007791,responsible_borrower,4,1,97.65625,107
USER_007792,responsible_borrower,4,1,97.65625,113
USER_007793,non_borrower,0,-1,0.0,96
USER_007794,responsible_borrower,3,0,97.65625,97
USER_007795,risky_borrower,2,2,50.0,111
USER_007796,responsible_borrower,3,1,78.125,103
USER_007797,non_borrower,0,-1,0.0,112
USER_007798,non_borrower,0,-1,0.0,105
USER_007799,occasional_borrower,1,0,62.5,110
USER_007800,responsible_borrower,3,0,97.65625,119
USER_007801,non_borrower,0,-1,0.0,90
USER_007802,responsible_borrower,2,0,78.125,108
USER_007803,defaulter,1,2,50.0,101
USER_007804,non_borrower,0,-1,0.0,120
USER_007805,non_borrower,0,-1,0.0,103
USER_007806,responsible_borrower,2,0,78.125,111
USER_007807,responsible_borrower,3,0,97.65625,109
USER_007808,responsible_borrower,3,0,97.65625,103
USER_007809,non_borrower,0,-1,0.0,113
USER_007810,occasional_borrower,1,0,62.5,100
USER_007811,non_borrower,0,-1,0.0,74
USER_007812,non_borrower,0,-1,0.0,95
USER_007813,non_borrower,0,-1,0.0,98
USER_007814,responsible_borrower,3,0,97.65625,98
USER_007815,responsible_borrower,3,0,97.65625,101
USER_007816,responsible_borrower,3,1,78.125,94
USER_007817,responsible_borrower,3,0,97.65625,104
USER_007818,responsible_borrower,2,0,78.125,100
USER_007819,responsible_borrower,3,1,78.125,105
USER_007820,non_borrower,0,-1,0.0,82
USER_007821,responsible_borrower,3,1,78.125,93
USER_007822,responsible_borrower,2,0,78.125,78
USER_007823,responsible_borrower,4,1,97.65625,111
USER_007824,non_borrower,0,-1,0.0,102
USER_007825,risky_borrower,6,1,50.0,99
USER_007826,risky_borrower,6,1,50.0,117
USER_007827,responsible_borrower,2,0,78.125,113
USER_007828,non_borrower,0,-1,0.0,103
USER_007829,non_borrower,0,-1,0.0,97
USER_007830,responsible_borrower,2,1,62.5,99
USER_007831,responsible_borrower,3,1,78.125,98
USER_007832,responsible_borrower,4,1,97.65625,113
USER_007833,risky_borrower,5,2,50.0,99
USER_007834,non_borrower,0,-1,0.0,96
USER_007835,responsible_borrower,3,0,97.65625,124
USER_007836,responsible_borrower,4,1,78.125,115
USER_007837,non_borrower,0,-1,0.0,91
USER_007838,non_borrower,0,-1,0.0,104
USER_007839,non_borrower,0,-1,0.0,97
USER_007840,risky_borrower,4,1,50.0,91
USER_007841,non_borrower,0,-1,0.0,77
USER_007842,non_borrower,0,-1,0.0,104
USER_007843,non_borrower,0,-1,0.0,103
USER_007844,responsible_borrower,4,0,122.0703125,96
USER_007845,responsible_borrower,3,0,97.65625,110
USER_007846,responsible_borrower,3,0,97.65625,106
USER_007847,responsible_borrower,2,0,78.125,96
USER_007848,non_borrower,0,-1,0.0,101
USER_007849,occasional_borrower,1,1,50.0,96
USER_007850,risky_borrower,4,1,50.0,94
USER_007851,non_borrower,0,-1,0.0,106
USER_007852,non_borrower,0,-1,0.0,102
USER_007853,responsible_borrower,3,0,97.65625,107
USER_007854,occasional_borrower,1,1,50.0,100
USER_007855,non_borrower,0,-1,0.0,106
USER_007856,responsible_borrower,3,0,97.65625,110
USER_007857,risky_borrower,5,2,50.0,110
USER_007858,responsible_borrower,3,1,78.125,90
USER_007859,responsible_borrower,3,0,97.65625,112
USER_007860,responsible_borrower,3,0,97.65625,107
USER_007861,responsible_borrower,2,1,62.5,116
USER_007862,responsible_borrower,2,0,78.125,109
USER_007863,non_borrower,0,-1,0.0,91
USER_007864,responsible_borrower,4,0,122.0703125,107
USER_007865,risky_borrower,4,2,50.0,90
USER_007866,responsible_borrower,2,1,62.5,102
USER_007867,risky_borrower,4,1,50.0,105
USER_007868,responsible_borrower,4,1,97.65625,115
USER_007869,non_borrower,0,-1,0.0,106
USER_007870,responsible_borrower,4,0,122.0703125,93
USER_007871,occasional_borrower,1,0,62.5,101
USER_007872,responsible_borrower,4,0,122.0703125,93
USER_007873,non_borrower,0,-1,0.0,116
USER_007874,responsible_borrower,3,0,97.65625,101
USER_007875,occasional_borrower,2,1,50.0,107
USER_007876,non_borrower,0,-1,0.0,114
USER_007877,non_borrower,0,-1,0.0,96
USER_007878,occasional_borrower,1,0,62.5,98
USER_007879,responsible_borrower,2,0,78.125,106
USER_007880,non_borrower,0,-1,0.0,87
USER_007881,non_borrower,0,-1,0.0,132
USER_007882,occasional_borrower,2,1,62.5,92
USER_007883,non_borrower,0,-1,0.0,136
USER_007884,responsible_borrower,4,0,122.0703125,102
USER_007885,non_borrower,0,-1,0.0,101
USER_007886,responsible_borrower,3,0,97.65625,110
USER_007887,responsible_borrower,4,0,122.0703125,108
USER_007888,non_borrower,0,-1,0.0,115
USER_007889,responsible_borrower,2,0,78.125,124
USER_007890,non_borrower,0,-1,0.0,114
USER_007891,responsible_borrower,3,0,97.65625,100
USER_007892,occasional_borrower,1,0,62.5,106
USER_007893,responsible_borrower,2,0,78.125,96
USER_007894,non_borrower,0,-1,0.0,95
USER_007895,occasional_borrower,1,0,62.5,107
USER_007896,occasional_borrower,2,0,78.125,126
USER_007897,non_borrower,0,-1,0.0,87
USER_007898,non_borrower,0,-1,0.0,103
USER_007899,occasional_borrower,1,0,62.5,106
USER_007900,responsible_borrower,2,0,78.125,94
USER_007901,responsible_borrower,3,0,97.65625,98
USER_007902,occasional_borrower,2,0,78.125,102
USER_007903,occasional_borrower,2,1,62.5,120
USER_007904,responsible_borrower,4,0,122.0703125,99
USER_007905,responsible_borrower,2,0,78.125,94
USER_007906,occasional_borrower,2,0,78.125,103
USER_007907,non_borrower,0,-1,0.0,84
USER_007908,responsible_borrower,3,0,97.65625,101
USER_007909,responsible_borrower,4,0,122.0703125,112
USER_007910,occasional_borrower,1,1,50.0,94
USER_007911,responsible_borrower,3,1,78.125,113
USER_007912,responsible_borrower,2,1,62.5,127
USER_007913,non_borrower,0,-1,0.0,94
USER_007914,occasional_borrower,1,0,62.5,111
USER_007915,occasional_borrower,2,1,62.5,107
USER_007916,non_borrower,0,-1,0.0,103
USER_007917,responsible_borrower,2,0,78.125,106
USER_007918,non_borrower,0,-1,0.0,92
USER_007919,non_borrower,0,-1,0.0,96
USER_007920,non_borrower,0,-1,0.0,105
USER_007921,non_borrower,0,-1,0.0,93
USER_007922,responsible_borrower,2,0,78.125,108
USER_007923,responsible_borrower,4,1,78.125,118
USER_007924,non_borrower,0,-1,0.0,115
USER_007925,responsible_borrower,4,0,122.0703125,97
USER_007926,defaulter,1,2,50.0,92
USER_007927,responsible_borrower,2,0,78.125,95
USER_007928,responsible_borrower,4,0,122.0703125,124
USER_007929,occasional_borrower,1,0,62.5,114
USER_007930,non_borrower,0,-1,0.0,91
USER_007931,defaulter,1,2,50.0,98
USER_007932,non_borrower,0,-1,0.0,116
USER_007933,non_borrower,0,-1,0.0,108
USER_007934,occasional_borrower,1,0,62.5,110
USER_007935,non_borrower,0,-1,0.0,89
USER_007936,defaulter,1,2,50.0,117
USER_007937,occasional_borrower,1,0,62.5,101
USER_007938,occasional_borrower,1,0,62.5,120
USER_007939,non_borrower,0,-1,0.0,98
USER_007940,non_borrower,0,-1,0.0,85
USER_007941,occasional_borrower,1,1,50.0,117
USER_007942,responsible_borrower,4,0,122.0703125,129
USER_007943,responsible_borrower,4,0,122.0703125,125
USER_007944,non_borrower,0,-1,0.0,102
USER_007945,non_borrower,0,-1,0.0,100
USER_007946,non_borrower,0,-1,0.0,101
USER_007947,non_borrower,0,-1,0.0,104
USER_007948,occasional_borrower,2,1,62.5,102
USER_007949,responsible_borrower,4,0,122.0703125,117
USER_007950,responsible_borrower,2,0,78.125,123
USER_007951,non_borrower,0,-1,0.0,94
USER_007952,non_borrower,0,-1,0.0,98
USER_007953,responsible_borrower,4,0,122.0703125,108
USER_007954,non_borrower,0,-1,0.0,109
USER_007955,non_borrower,0,-1,0.0,98
USER_007956,risky_borrower,6,1,50.0,107
USER_007957,responsible_borrower,2,1,62.5,108
USER_007958,responsible_borrower,3,0,97.65625,90
USER_007959,non_borrower,0,-1,0.0,118
USER_007960,responsible_borrower,3,0,97.65625,108
USER_007961,occasional_borrower,1,0,62.5,120
USER_007962,risky_borrower,3,2,50.0,105
USER_007963,non_borrower,0,-1,0.0,91
USER_007964,occasional_borrower,1,0,62.5,112
USER_007965,occasional_borrower,1,0,62.5,107
USER_007966,responsible_borrower,4,0,122.0703125,105
USER_007967,non_borrower,0,-1,0.0,102
USER_007968,non_borrower,0,-1,0.0,96
USER_007969,occasional_borrower,2,1,62.5,90
USER_007970,occasional_borrower,1,0,62.5,101
USER_007971,responsible_borrower,3,1,78.125,100
USER_007972,responsible_borrower,4,0,122.0703125,115
USER_007973,responsible_borrower,4,1,97.65625,109
USER_007974,responsible_borrower,4,0,122.0703125,113
USER_007975,non_borrower,0,-1,0.0,94
USER_007976,responsible_borrower,4,1,97.65625,115
USER_007977,non_borrower,0,-1,0.0,103
USER_007978,non_borrower,0,-1,0.0,97
USER_007979,responsible_borrower,3,0,97.65625,87
USER_007980,responsible_borrower,3,1,78.125,105
USER_007981,responsible_borrower,2,1,62.5,107
USER_007982,non_borrower,0,-1,0.0,90
USER_007983,non_borrower,0,-1,0.0,105
USER_007984,non_borrower,0,-1,0.0,107
USER_007985,responsible_borrower,2,1,62.5,94
USER_007986,responsible_borrower,3,0,97.65625,118
USER_007987,responsible_borrower,3,0,97.65625,100
USER_007988,non_borrower,0,-1,0.0,93
USER_007989,responsible_borrower,3,1,78.125,121
USER_007990,non_borrower,0,-1,0.0,98
USER_007991,non_borrower,0,-1,0.0,116
USER_007992,non_borrower,0,-1,0.0,114
USER_007993,occasional_borrower,1,0,62.5,86
USER_007994,risky_borrower,2,2,50.0,89
USER_007995,non_borrower,0,-1,0.0,85
USER_007996,non_borrower,0,-1,0.0,104
USER_007997,non_borrower,0,-1,0.0,89
USER_007998,responsible_borrower,3,1,78.125,112
USER_007999,non_borrower,0,-1,0.0,113
USER_008000,risky_borrower,4,1,50.0,101
USER_008001,responsible_borrower,3,0,97.65625,115
USER_008002,responsible_borrower,4,1,97.65625,119
USER_008003,occasional_borrower,1,1,50.0,96
USER_008004,occasional_borrower,1,0,62.5,113
USER_008005,risky_borrower,4,1,50.0,92
USER_008006,non_borrower,0,-1,0.0,101
USER_008007,responsible_borrower,3,0,97.65625,113
USER_008008,occasional_borrower,1,0,62.5,93
USER_008009,non_borrower,0,-1,0.0,82
USER_008010,responsible_borrower,2,0,78.125,116
USER_008011,responsible_borrower,4,0,122.0703125,123
USER_008012,non_borrower,0,-1,0.0,94
USER_008013,non_borrower,0,-1,0.0,108
USER_008014,responsible_borrower,4,1,78.125,108
USER_008015,responsible_borrower,4,0,122.0703125,105
USER_008016,responsible_borrower,3,0,97.65625,101
USER_008017,non_borrower,0,-1,0.0,84
USER_008018,non_borrower,0,-1,0.0,86
USER_008019,responsible_borrower,3,0,97.65625,113
USER_008020,occasional_borrower,1,0,62.5,115
USER_008021,non_borrower,0,-1,0.0,99
USER_008022,non_borrower,0,-1,0.0,94
USER_008023,defaulter,1,2,50.0,104
USER_008024,occasional_borrower,2,1,62.5,85
USER_008025,non_borrower,0,-1,0.0,98
USER_008026,responsible_borrower,3,0,97.65625,101
USER_008027,responsible_borrower,2,0,78.125,124
USER_008028,responsible_borrower,4,1,78.125,85
USER_008029,responsible_borrower,2,1,50.0,94
USER_008030,responsible_borrower,2,0,78.125,89
USER_008031,responsible_borrower,4,0,122.0703125,106
USER_008032,responsible_borrower,4,0,122.0703125,107
USER_008033,occasional_borrower,2,1,62.5,104
USER_008034,risky_borrower,3,2,50.0,127
USER_008035,non_borrower,0,-1,0.0,98
USER_008036,risky_borrower,3,2,50.0,101
USER_008037,responsible_borrower,3,1,78.125,107
USER_008038,responsible_borrower,2,1,50.0,115
USER_008039,non_borrower,0,-1,0.0,107
USER_008040,risky_borrower,4,1,50.0,110
USER_008041,non_borrower,0,-1,0.0,100
USER_008042,responsible_borrower,4,1,97.65625,101
USER_008043,responsible_borrower,2,0,78.125,100
USER_008044,responsible_borrower,4,0,122.0703125,112
USER_008045,responsible_borrower,2,0,78.125,111
USER_008046,occasional_borrower,1,0,62.5,108
USER_008047,non_borrower,0,-1,0.0,88
USER_008048,occasional_borrower,2,1,62.5,104
USER_008049,non_borrower,0,-1,0.0,93
USER_008050,non_borrower,0,-1,0.0,90
USER_008051,risky_borrower,1,2,50.0,114
USER_008052,occasional_borrower,2,0,78.125,99
USER_008053,responsible_borrower,4,1,97.65625,103
USER_008054,non_borrower,0,-1,0.0,102
USER_008055,responsible_borrower,2,0,78.125,101
USER_008056,occasional_borrower,1,0,62.5,93
USER_008057,occasional_borrower,2,1,62.5,118
USER_008058,responsible_borrower,4,1,97.65625,114
USER_008059,non_borrower,0,-1,0.0,98
USER_008060,responsible_borrower,3,1,78.125,88
USER_008061,responsible_borrower,4,0,122.0703125,95
USER_008062,risky_borrower,2,2,50.0,102
USER_008063,non_borrower,0,-1,0.0,98
USER_008064,non_borrower,0,-1,0.0,120
USER_008065,responsible_borrower,4,0,122.0703125,99
USER_008066,non_borrower,0,-1,0.0,110
USER_008067,non_borrower,0,-1,0.0,104
USER_008068,non_borrower,0,-1,0.0,100
USER_008069,responsible_borrower,3,0,97.65625,92
USER_008070,responsible_borrower,3,1,78.125,101
USER_008071,non_borrower,0,-1,0.0,89
USER_008072,non_borrower,0,-1,0.0,102
USER_008073,non_borrower,0,-1,0.0,93
USER_008074,non_borrower,0,-1,0.0,100
USER_008075,risky_borrower,1,2,50.0,111
USER_008076,responsible_borrower,2,0,78.125,105
USER_008077,non_borrower,0,-1,0.0,91
USER_008078,risky_borrower,4,1,50.0,110
USER_008079,non_borrower,0,-1,0.0,101
USER_008080,non_borrower,0,-1,0.0,106
USER_008081,risky_borrower,4,1,50.0,108
USER_008082,non_borrower,0,-1,0.0,108
USER_008083,non_borrower,0,-1,0.0,91
USER_008084,non_borrower,0,-1,0.0,115
USER_008085,occasional_borrower,2,1,50.0,116
USER_008086,non_borrower,0,-1,0.0,102
USER_008087,responsible_borrower,3,0,97.65625,108
USER_008088,risky_borrower,5,2,50.0,109
USER_008089,occasional_borrower,1,1,50.0,96
USER_008090,non_borrower,0,-1,0.0,92
USER_008091,non_borrower,0,-1,0.0,97
USER_008092,defaulter,1,2,50.0,83
USER_008093,responsible_borrower,2,0,78.125,108
USER_008094,responsible_borrower,3,0,97.65625,109
USER_008095,occasional_borrower,1,0,62.5,98
USER_008096,responsible_borrower,3,0,97.65625,109
USER_008097,risky_borrower,2,2,50.0,120
USER_008098,responsible_borrower,3,1,78.125,99
USER_008099,non_borrower,0,-1,0.0,80
USER_008100,responsible_borrower,4,1,97.65625,108
USER_008101,responsible_borrower,2,0,78.125,108
USER_008102,occasional_borrower,2,1,50.0,94
USER_008103,non_borrower,0,-1,0.0,84
USER_008104,defaulter,1,2,50.0,98
USER_008105,non_borrower,0,-1,0.0,83
USER_008106,non_borrower,0,-1,0.0,96
USER_008107,responsible_borrower,2,0,78.125,114
USER_008108,occasional_borrower,2,0,78.125,106
USER_008109,defaulter,1,2,50.0,92
USER_008110,responsible_borrower,3,0,97.65625,94
USER_008111,responsible_borrower,4,0,122.0703125,88
USER_008112,defaulter,1,2,50.0,101
USER_008113,non_borrower,0,-1,0.0,94
USER_008114,responsible_borrower,4,1,97.65625,112
USER_008115,non_borrower,0,-1,0.0,88
USER_008116,non_borrower,0,-1,0.0,108
USER_008117,responsible_borrower,4,1,97.65625,98
USER_008118,non_borrower,0,-1,0.0,118
USER_008119,non_borrower,0,-1,0.0,97
USER_008120,occasional_borrower,1,0,62.5,89
USER_008121,occasional_borrower,1,0,62.5,113
USER_008122,non_borrower,0,-1,0.0,107
USER_008123,non_borrower,0,-1,0.0,93
USER_008124,occasional_borrower,1,0,62.5,109
USER_008125,non_borrower,0,-1,0.0,111
USER_008126,non_borrower,0,-1,0.0,80
USER_008127,non_borrower,0,-1,0.0,89
USER_008128,responsible_borrower,3,0,97.65625,88
USER_008129,responsible_borrower,4,0,122.0703125,104
USER_008130,risky_borrower,1,2,50.0,100
USER_008131,non_borrower,0,-1,0.0,100
USER_008132,non_borrower,0,-1,0.0,102
USER_008133,non_borrower,0,-1,0.0,113
USER_008134,non_borrower,0,-1,0.0,108
USER_008135,non_borrower,0,-1,0.0,93
USER_008136,occasional_borrower,2,1,50.0,113
USER_008137,occasional_borrower,1,1,50.0,101
USER_008138,responsible_borrower,3,0,97.65625,111
USER_008139,non_borrower,0,-1,0.0,109
USER_008140,responsible_borrower,4,1,97.65625,99
USER_008141,non_borrower,0,-1,0.0,107
USER_008142,responsible_borrower,4,1,97.65625,112
USER_008143,non_borrower,0,-1,0.0,97
USER_008144,responsible_borrower,2,1,50.0,121
USER_008145,non_borrower,0,-1,0.0,105
USER_008146,responsible_borrower,3,0,97.65625,115
USER_008147,occasional_borrower,1,0,62.5,95
USER_008148,occasional_borrower,2,1,62.5,95
USER_008149,responsible_borrower,2,0,78.125,81
USER_008150,non_borrower,0,-1,0.0,98
USER_008151,responsible_borrower,4,0,122.0703125,102
USER_008152,non_borrower,0,-1,0.0,91
USER_008153,occasional_borrower,2,1,62.5,127
USER_008154,responsible_borrower,2,1,62.5,113
USER_008155,responsible_borrower,4,1,97.65625,110
USER_008156,responsible_borrower,4,0,122.0703125,112
USER_008157,responsible_borrower,3,0,97.65625,116
USER_008158,occasional_borrower,2,0,78.125,89
USER_008159,risky_borrower,6,1,50.0,116
USER_008160,non_borrower,0,-1,0.0,98
USER_008161,occasional_borrower,2,0,78.125,91
USER_008162,non_borrower,0,-1,0.0,119
USER_008163,non_borrower,0,-1,0.0,110
USER_008164,non_borrower,0,-1,0.0,86
USER_008165,responsible_borrower,3,1,78.125,102
USER_008166,responsible_borrower,4,0,122.0703125,100
USER_008167,occasional_borrower,2,0,78.125,110
USER_008168,responsible_borrower,4,1,97.65625,122
USER_008169,responsible_borrower,3,1,78.125,106
USER_008170,non_borrower,0,-1,0.0,85
USER_008171,non_borrower,0,-1,0.0,103
USER_008172,non_borrower,0,-1,0.0,113
USER_008173,responsible_borrower,4,0,122.0703125,115
USER_008174,occasional_borrower,1,1,50.0,98
USER_008175,risky_borrower,3,2,50.0,100
USER_008176,responsible_borrower,4,0,122.0703125,105
USER_008177,risky_borrower,6,1,50.0,117
USER_008178,non_borrower,0,-1,0.0,109
USER_008179,occasional_borrower,2,1,62.5,104
USER_008180,responsible_borrower,3,0,97.65625,119
USER_008181,non_borrower,0,-1,0.0,90
USER_008182,responsible_borrower,3,0,97.65625,130
USER_008183,responsible_borrower,4,0,122.0703125,102
USER_008184,responsible_borrower,3,1,78.125,101
USER_008185,non_borrower,0,-1,0.0,79
USER_008186,non_borrower,0,-1,0.0,111
USER_008187,occasional_borrower,1,0,62.5,102
USER_008188,non_borrower,0,-1,0.0,87
USER_008189,non_borrower,0,-1,0.0,84
USER_008190,occasional_borrower,2,0,78.125,101
USER_008191,responsible_borrower,4,0,122.0703125,95
USER_008192,non_borrower,0,-1,0.0,96
USER_008193,responsible_borrower,4,0,122.0703125,118
USER_008194,non_borrower,0,-1,0.0,110
USER_008195,occasional_borrower,2,0,78.125,103
USER_008196,responsible_borrower,4,1,97.65625,113
USER_008197,responsible_borrower,3,0,97.65625,116
USER_008198,non_borrower,0,-1,0.0,103
USER_008199,responsible_borrower,2,1,62.5,116
USER_008200,non_borrower,0,-1,0.0,102
USER_008201,non_borrower,0,-1,0.0,115
USER_008202,responsible_borrower,4,1,97.65625,98
USER_008203,responsible_borrower,3,0,97.65625,94
USER_008204,non_borrower,0,-1,0.0,137
USER_008205,risky_borrower,1,2,50.0,95
USER_008206,responsible_borrower,4,0,122.0703125,116
USER_008207,non_borrower,0,-1,0.0,94
USER_008208,occasional_borrower,2,1,62.5,81
USER_008209,non_borrower,0,-1,0.0,122
USER_008210,responsible_borrower,2,0,78.125,95
USER_008211,non_borrower,0,-1,0.0,118
USER_008212,occasional_borrower,1,1,50.0,103
USER_008213,non_borrower,0,-1,0.0,92
USER_008214,risky_borrower,3,2,50.0,97
USER_008215,non_borrower,0,-1,0.0,103
USER_008216,occasional_borrower,2,0,78.125,91
USER_008217,non_borrower,0,-1,0.0,98
USER_008218,responsible_borrower,2,0,78.125,97
USER_008219,occasional_borrower,1,0,62.5,117
USER_008220,non_borrower,0,-1,0.0,92
USER_008221,occasional_borrower,1,1,50.0,104
USER_008222,responsible_borrower,2,0,78.125,114
USER_008223,responsible_borrower,3,0,97.65625,104
USER_008224,responsible_borrower,2,1,62.5,104
USER_008225,occasional_borrower,2,1,62.5,103
USER_008226,responsible_borrower,2,1,62.5,116
USER_008227,responsible_borrower,2,0,78.125,113
USER_008228,non_borrower,0,-1,0.0,98
USER_008229,responsible_borrower,2,0,78.125,106
USER_008230,non_borrower,0,-1,0.0,111
USER_008231,non_borrower,0,-1,0.0,114
USER_008232,responsible_borrower,2,0,78.125,97
USER_008233,non_borrower,0,-1,0.0,119
USER_008234,non_borrower,0,-1,0.0,114
USER_008235,non_borrower,0,-1,0.0,92
USER_008236,non_borrower,0,-1,0.0,92
USER_008237,risky_borrower,4,1,50.0,96
USER_008238,occasional_borrower,2,0,78.125,106
USER_008239,non_borrower,0,-1,0.0,105
USER_008240,occasional_borrower,2,0,78.125,105
USER_008241,responsible_borrower,4,1,97.65625,106
USER_008242,responsible_borrower,4,0,122.0703125,102
USER_008243,non_borrower,0,-1,0.0,91
USER_008244,non_borrower,0,-1,0.0,96
USER_008245,non_borrower,0,-1,0.0,97
USER_008246,non_borrower,0,-1,0.0,111
USER_008247,responsible_borrower,3,1,78.125,100
USER_008248,non_borrower,0,-1,0.0,101
USER_008249,responsible_borrower,2,0,78.125,97
USER_008250,occasional_borrower,1,0,62.5,97
USER_008251,occasional_borrower,2,0,78.125,93
USER_008252,responsible_borrower,3,1,78.125,115
USER_008253,non_borrower,0,-1,0.0,98
USER_008254,non_borrower,0,-1,0.0,88
USER_008255,responsible_borrower,2,0,78.125,99
USER_008256,responsible_borrower,3,0,97.65625,110
USER_008257,responsible_borrower,2,0,78.125,97
USER_008258,responsible_borrower,4,0,122.0703125,97
USER_008259,non_borrower,0,-1,0.0,102
USER_008260,non_borrower,0,-1,0.0,99
USER_008261,non_borrower,0,-1,0.0,97
USER_008262,occasional_borrower,2,1,62.5,114
USER_008263,non_borrower,0,-1,0.0,101
USER_008264,defaulter,1,2,50.0,105
USER_008265,responsible_borrower,2,0,78.125,125
USER_008266,non_borrower,0,-1,0.0,113
USER_008267,responsible_borrower,3,0,97.65625,123
USER_008268,responsible_borrower,4,1,97.65625,108
USER_008269,responsible_borrower,4,0,122.0703125,101
USER_008270,risky_borrower,2,2,50.0,98
USER_008271,non_borrower,0,-1,0.0,95
USER_008272,occasional_borrower,2,1,62.5,107
USER_008273,non_borrower,0,-1,0.0,96
USER_008274,responsible_borrower,4,1,97.65625,125
USER_008275,responsible_borrower,2,0,78.125,112
USER_008276,occasional_borrower,1,1,50.0,83
USER_008277,non_borrower,0,-1,0.0,122
USER_008278,non_borrower,0,-1,0.0,122
USER_008279,occasional_borrower,1,1,50.0,99
USER_008280,non_borrower,0,-1,0.0,100
USER_008281,responsible_borrower,4,0,122.0703125,121
USER_008282,non_borrower,0,-1,0.0,113
USER_008283,risky_borrower,4,1,50.0,97
USER_008284,occasional_borrower,2,1,62.5,93
USER_008285,responsible_borrower,2,0,78.125,82
USER_008286,defaulter,1,2,50.0,100
USER_008287,responsible_borrower,2,0,78.125,109
USER_008288,non_borrower,0,-1,0.0,99
USER_008289,responsible_borrower,4,0,122.0703125,102
USER_008290,non_borrower,0,-1,0.0,95
USER_008291,responsible_borrower,4,0,122.0703125,125
USER_008292,occasional_borrower,1,0,62.5,101
USER_008293,non_borrower,0,-1,0.0,97
USER_008294,non_borrower,0,-1,0.0,98
USER_008295,responsible_borrower,3,1,62.5,116
USER_008296,non_borrower,0,-1,0.0,110
USER_008297,defaulter,1,2,50.0,113
USER_008298,non_borrower,0,-1,0.0,106
USER_008299,responsible_borrower,2,0,78.125,110
USER_008300,occasional_borrower,2,1,62.5,98
USER_008301,risky_borrower,4,1,50.0,121
USER_008302,responsible_borrower,3,1,78.125,117
USER_008303,non_borrower,0,-1,0.0,101
USER_008304,responsible_borrower,4,0,122.0703125,109
USER_008305,non_borrower,0,-1,0.0,106
USER_008306,non_borrower,0,-1,0.0,101
USER_008307,occasional_borrower,2,0,78.125,92
USER_008308,occasional_borrower,1,1,50.0,118
USER_008309,defaulter,1,2,50.0,95
USER_008310,non_borrower,0,-1,0.0,93
USER_008311,responsible_borrower,2,0,78.125,133
USER_008312,non_borrower,0,-1,0.0,107
USER_008313,non_borrower,0,-1,0.0,111
USER_008314,occasional_borrower,1,0,62.5,96
USER_008315,responsible_borrower,4,0,122.0703125,102
USER_008316,non_borrower,0,-1,0.0,98
USER_008317,non_borrower,0,-1,0.0,101
USER_008318,responsible_borrower,4,0,122.0703125,133
USER_008319,non_borrower,0,-1,0.0,94
USER_008320,non_borrower,0,-1,0.0,101
USER_008321,responsible_borrower,4,0,122.0703125,103
USER_008322,non_borrower,0,-1,0.0,111
USER_008323,responsible_borrower,4,0,122.0703125,101
USER_008324,responsible_borrower,2,0,78.125,96
USER_008325,responsible_borrower,4,0,122.0703125,111
USER_008326,non_borrower,0,-1,0.0,100
USER_008327,non_borrower,0,-1,0.0,103
USER_008328,non_borrower,0,-1,0.0,89
USER_008329,occasional_borrower,2,1,62.5,94
USER_008330,responsible_borrower,3,0,97.65625,84
USER_008331,risky_borrower,4,1,50.0,119
USER_008332,non_borrower,0,-1,0.0,88
USER_008333,non_borrower,0,-1,0.0,98
USER_008334,occasional_borrower,1,0,62.5,113
USER_008335,non_borrower,0,-1,0.0,70
USER_008336,non_borrower,0,-1,0.0,117
USER_008337,non_borrower,0,-1,0.0,106
USER_008338,responsible_borrower,4,0,122.0703125,99
USER_008339,non_borrower,0,-1,0.0,93
USER_008340,occasional_borrower,1,1,50.0,95
USER_008341,responsible_borrower,2,1,62.5,96
USER_008342,occasional_borrower,2,1,62.5,101
USER_008343,occasional_borrower,1,1,50.0,96
USER_008344,non_borrower,0,-1,0.0,108
USER_008345,non_borrower,0,-1,0.0,108
USER_008346,responsible_borrower,4,0,122.0703125,122
USER_008347,responsible_borrower,3,0,97.65625,112
USER_008348,risky_borrower,1,2,50.0,86
USER_008349,responsible_borrower,3,0,97.65625,95
USER_008350,non_borrower,0,-1,0.0,78
USER_008351,occasional_borrower,1,2,50.0,104
USER_008352,risky_borrower,1,2,50.0,116
USER_008353,occasional_borrower,2,0,78.125,93
USER_008354,non_borrower,0,-1,0.0,106
USER_008355,non_borrower,0,-1,0.0,99
USER_008356,responsible_borrower,4,1,97.65625,90
USER_008357,responsible_borrower,4,1,97.65625,112
USER_008358,non_borrower,0,-1,0.0,81
USER_008359,non_borrower,0,-1,0.0,79
USER_008360,occasional_borrower,2,1,62.5,98
USER_008361,non_borrower,0,-1,0.0,107
USER_008362,responsible_borrower,3,1,78.125,98
USER_008363,non_borrower,0,-1,0.0,102
USER_008364,non_borrower,0,-1,0.0,112
USER_008365,non_borrower,0,-1,0.0,102
USER_008366,non_borrower,0,-1,0.0,104
USER_008367,responsible_borrower,3,1,78.125,106
USER_008368,occasional_borrower,1,1,50.0,99
USER_008369,responsible_borrower,4,1,97.65625,95
USER_008370,responsible_borrower,3,1,78.125,131
USER_008371,responsible_borrower,2,0,78.125,108
USER_008372,responsible_borrower,2,0,78.125,114
USER_008373,non_borrower,0,-1,0.0,85
USER_008374,non_borrower,0,-1,0.0,110
USER_008375,risky_borrower,1,2,50.0,106
USER_008376,non_borrower,0,-1,0.0,91
USER_008377,non_borrower,0,-1,0.0,110
USER_008378,occasional_borrower,1,1,50.0,105
USER_008379,non_borrower,0,-1,0.0,94
USER_008380,non_borrower,0,-1,0.0,91
USER_008381,occasional_borrower,1,1,50.0,106
USER_008382,occasional_borrower,2,1,50.0,107
USER_008383,non_borrower,0,-1,0.0,97
USER_008384,responsible_borrower,2,1,62.5,96
USER_008385,non_borrower,0,-1,0.0,90
USER_008386,non_borrower,0,-1,0.0,115
USER_008387,non_borrower,0,-1,0.0,109
USER_008388,non_borrower,0,-1,0.0,109
USER_008389,responsible_borrower,3,0,97.65625,102
USER_008390,non_borrower,0,-1,0.0,99
USER_008391,risky_borrower,4,2,50.0,108
USER_008392,non_borrower,0,-1,0.0,99
USER_008393,occasional_borrower,2,0,78.125,93
USER_008394,occasional_borrower,2,0,78.125,104
USER_008395,non_borrower,0,-1,0.0,100
USER_008396,non_borrower,0,-1,0.0,108
USER_008397,occasional_borrower,1,1,50.0,99
USER_008398,responsible_borrower,3,0,97.65625,103
USER_008399,non_borrower,0,-1,0.0,103
USER_008400,responsible_borrower,3,0,97.65625,110
USER_008401,occasional_borrower,1,0,62.5,102
USER_008402,responsible_borrower,4,0,122.0703125,126
USER_008403,responsible_borrower,2,0,78.125,98
USER_008404,responsible_borrower,3,1,78.125,114
USER_008405,responsible_borrower,4,1,97.65625,105
USER_008406,non_borrower,0,-1,0.0,119
USER_008407,occasional_borrower,2,1,62.5,97
USER_008408,responsible_borrower,2,0,78.125,119
USER_008409,non_borrower,0,-1,0.0,111
USER_008410,non_borrower,0,-1,0.0,96
USER_008411,occasional_borrower,2,0,78.125,111
USER_008412,responsible_borrower,2,1,62.5,112
USER_008413,responsible_borrower,2,0,78.125,114
USER_008414,non_borrower,0,-1,0.0,113
USER_008415,occasional_borrower,2,0,78.125,96
USER_008416,occasional_borrower,2,1,62.5,105
USER_008417,occasional_borrower,1,0,62.5,88
USER_008418,responsible_borrower,2,0,78.125,102
USER_008419,non_borrower,0,-1,0.0,79
USER_008420,responsible_borrower,2,0,78.125,109
USER_008421,occasional_borrower,2,0,78.125,92
USER_008422,non_borrower,0,-1,0.0,112
USER_008423,non_borrower,0,-1,0.0,104
USER_008424,non_borrower,0,-1,0.0,94
USER_008425,non_borrower,0,-1,0.0,96
USER_008426,occasional_borrower,2,1,62.5,102
USER_008427,non_borrower,0,-1,0.0,99
USER_008428,non_borrower,0,-1,0.0,113
USER_008429,responsible_borrower,3,0,97.65625,103
USER_008430,responsible_borrower,4,1,97.65625,84
USER_008431,non_borrower,0,-1,0.0,103
USER_008432,non_borrower,0,-1,0.0,112
USER_008433,occasional_borrower,2,1,62.5,103
USER_008434,risky_borrower,4,2,50.0,112
USER_008435,risky_borrower,3,2,50.0,110
USER_008436,occasional_borrower,2,1,62.5,106
USER_008437,non_borrower,0,-1,0.0,93
USER_008438,responsible_borrower,4,1,97.65625,93
USER_008439,occasional_borrower,1,1,50.0,106
USER_008440,responsible_borrower,2,0,78.125,100
USER_008441,responsible_borrower,3,1,78.125,85
USER_008442,non_borrower,0,-1,0.0,109
USER_008443,non_borrower,0,-1,0.0,72
USER_008444,responsible_borrower,3,1,78.125,118
USER_008445,non_borrower,0,-1,0.0,92
USER_008446,non_borrower,0,-1,0.0,107
USER_008447,occasional_borrower,1,1,50.0,89
USER_008448,responsible_borrower,3,0,97.65625,95
USER_008449,non_borrower,0,-1,0.0,96
USER_008450,responsible_borrower,4,1,97.65625,94
USER_008451,non_borrower,0,-1,0.0,108
USER_008452,non_borrower,0,-1,0.0,109
USER_008453,non_borrower,0,-1,0.0,103
USER_008454,occasional_borrower,1,1,50.0,114
USER_008455,risky_borrower,6,1,50.0,103
USER_008456,non_borrower,0,-1,0.0,94
USER_008457,non_borrower,0,-1,0.0,94
USER_008458,responsible_borrower,4,1,97.65625,93
USER_008459,non_borrower,0,-1,0.0,100
USER_008460,responsible_borrower,4,0,122.0703125,115
USER_008461,non_borrower,0,-1,0.0,76
USER_008462,risky_borrower,4,1,50.0,112
USER_008463,non_borrower,0,-1,0.0,94
USER_008464,responsible_borrower,3,0,97.65625,115
USER_008465,risky_borrower,5,2,50.0,114
USER_008466,non_borrower,0,-1,0.0,95
USER_008467,non_borrower,0,-1,0.0,113
USER_008468,risky_borrower,6,1,50.0,134
USER_008469,occasional_borrower,2,1,62.5,99
USER_008470,responsible_borrower,3,0,97.65625,103
USER_008471,non_borrower,0,-1,0.0,96
USER_008472,non_borrower,0,-1,0.0,104
USER_008473,risky_borrower,6,1,50.0,107
USER_008474,occasional_borrower,2,1,50.0,112
USER_008475,non_borrower,0,-1,0.0,115
USER_008476,non_borrower,0,-1,0.0,94
USER_008477,responsible_borrower,3,1,78.125,103
USER_008478,non_borrower,0,-1,0.0,101
USER_008479,responsible_borrower,3,0,97.65625,120
USER_008480,occasional_borrower,2,1,62.5,81
USER_008481,non_borrower,0,-1,0.0,115
USER_008482,non_borrower,0,-1,0.0,88
USER_008483,non_borrower,0,-1,0.0,81
USER_008484,non_borrower,0,-1,0.0,108
USER_008485,responsible_borrower,4,0,122.0703125,121
USER_008486,risky_borrower,6,1,50.0,92
USER_008487,responsible_borrower,3,0,97.65625,105
USER_008488,non_borrower,0,-1,0.0,94
USER_008489,risky_borrower,4,2,50.0,114
USER_008490,responsible_borrower,4,0,122.0703125,99
USER_008491,occasional_borrower,1,0,62.5,112
USER_008492,responsible_borrower,2,0,78.125,89
USER_008493,responsible_borrower,3,0,97.65625,109
USER_008494,responsible_borrower,3,0,97.65625,100
USER_008495,responsible_borrower,4,0,122.0703125,108
USER_008496,risky_borrower,6,1,50.0,110
USER_008497,occasional_borrower,2,1,62.5,112
USER_008498,occasional_borrower,2,1,50.0,82
USER_008499,responsible_borrower,4,1,97.65625,103
USER_008500,responsible_borrower,4,0,122.0703125,104
USER_008501,responsible_borrower,2,1,62.5,95
USER_008502,non_borrower,0,-1,0.0,112
USER_008503,responsible_borrower,4,1,78.125,145
USER_008504,defaulter,1,2,50.0,103
USER_008505,responsible_borrower,2,1,62.5,109
USER_008506,risky_borrower,6,1,50.0,113
USER_008507,responsible_borrower,3,0,97.65625,118
USER_008508,responsible_borrower,4,0,122.0703125,116
USER_008509,responsible_borrower,3,1,78.125,94
USER_008510,occasional_borrower,2,1,62.5,104
USER_008511,non_borrower,0,-1,0.0,101
USER_008512,responsible_borrower,2,0,78.125,95
USER_008513,non_borrower,0,-1,0.0,110
USER_008514,responsible_borrower,4,0,122.0703125,114
USER_008515,responsible_borrower,4,0,122.0703125,117
USER_008516,responsible_borrower,4,0,122.0703125,104
USER_008517,responsible_borrower,3,1,78.125,90
USER_008518,non_borrower,0,-1,0.0,96
USER_008519,non_borrower,0,-1,0.0,89
USER_008520,responsible_borrower,4,0,122.0703125,117
USER_008521,non_borrower,0,-1,0.0,98
USER_008522,responsible_borrower,4,0,122.0703125,108
USER_008523,responsible_borrower,2,0,78.125,91
USER_008524,non_borrower,0,-1,0.0,108
USER_008525,non_borrower,0,-1,0.0,89
USER_008526,non_borrower,0,-1,0.0,103
USER_008527,non_borrower,0,-1,0.0,103
USER_008528,risky_borrower,6,1,50.0,100
USER_008529,occasional_borrower,1,0,62.5,95
USER_008530,non_borrower,0,-1,0.0,98
USER_008531,responsible_borrower,2,0,78.125,91
USER_008532,responsible_borrower,2,0,78.125,107
USER_008533,responsible_borrower,4,0,122.0703125,99
USER_008534,non_borrower,0,-1,0.0,113
USER_008535,defaulter,1,2,50.0,103
USER_008536,non_borrower,0,-1,0.0,100
USER_008537,non_borrower,0,-1,0.0,95
USER_008538,defaulter,1,2,50.0,80
USER_008539,non_borrower,0,-1,0.0,113
USER_008540,non_borrower,0,-1,0.0,115
USER_008541,responsible_borrower,3,0,97.65625,115
USER_008542,risky_borrower,6,1,50.0,115
USER_008543,responsible_borrower,3,0,97.65625,94
USER_008544,occasional_borrower,2,1,62.5,110
USER_008545,occasional_borrower,2,1,50.0,110
USER_008546,risky_borrower,1,2,50.0,88
USER_008547,non_borrower,0,-1,0.0,107
USER_008548,responsible_borrower,4,1,97.65625,107
USER_008549,responsible_borrower,3,0,97.65625,98
USER_008550,non_borrower,0,-1,0.0,99
USER_008551,responsible_borrower,3,0,97.65625,102
USER_008552,non_borrower,0,-1,0.0,97
USER_008553,responsible_borrower,4,0,122.0703125,107
USER_008554,responsible_borrower,4,1,97.65625,109
USER_008555,non_borrower,0,-1,0.0,103
USER_008556,non_borrower,0,-1,0.0,95
USER_008557,non_borrower,0,-1,0.0,98
USER_008558,risky_borrower,3,2,50.0,112
USER_008559,non_borrower,0,-1,0.0,108
USER_008560,responsible_borrower,2,0,78.125,117
USER_008561,non_borrower,0,-1,0.0,106
USER_008562,responsible_borrower,4,1,97.65625,113
USER_008563,responsible_borrower,3,0,97.65625,101
USER_008564,non_borrower,0,-1,0.0,113
USER_008565,responsible_borrower,2,0,78.125,109
USER_008566,occasional_borrower,2,0,78.125,104
USER_008567,responsible_borrower,2,1,62.5,110
USER_008568,responsible_borrower,2,1,62.5,107
USER_008569,non_borrower,0,-1,0.0,87
USER_008570,non_borrower,0,-1,0.0,99
USER_008571,occasional_borrower,2,0,78.125,110
USER_008572,risky_borrower,2,2,50.0,113
USER_008573,non_borrower,0,-1,0.0,102
USER_008574,occasional_borrower,1,0,62.5,103
USER_008575,responsible_borrower,4,0,122.0703125,134
USER_008576,occasional_borrower,2,0,78.125,98
USER_008577,responsible_borrower,3,0,97.65625,100
USER_008578,responsible_borrower,4,0,122.0703125,125
USER_008579,responsible_borrower,3,0,97.65625,111
USER_008580,non_borrower,0,-1,0.0,122
USER_008581,risky_borrower,1,2,50.0,92
USER_008582,non_borrower,0,-1,0.0,90
USER_008583,occasional_borrower,2,2,50.0,79
USER_008584,non_borrower,0,-1,0.0,114
USER_008585,responsible_borrower,4,0,122.0703125,113
USER_008586,non_borrower,0,-1,0.0,104
USER_008587,occasional_borrower,1,1,50.0,112
USER_008588,occasional_borrower,2,1,62.5,119
USER_008589,non_borrower,0,-1,0.0,101
USER_008590,responsible_borrower,3,1,78.125,110
USER_008591,non_borrower,0,-1,0.0,90
USER_008592,occasional_borrower,2,0,78.125,101
USER_008593,occasional_borrower,2,1,62.5,91
USER_008594,responsible_borrower,2,0,78.125,99
USER_008595,occasional_borrower,2,1,62.5,109
USER_008596,risky_borrower,2,2,50.0,113
USER_008597,responsible_borrower,3,0,97.65625,111
USER_008598,responsible_borrower,2,0,78.125,97
USER_008599,non_borrower,0,-1,0.0,102
USER_008600,responsible_borrower,2,0,78.125,104
USER_008601,responsible_borrower,4,1,97.65625,114
USER_008602,responsible_borrower,4,0,122.0703125,103
USER_008603,non_borrower,0,-1,0.0,103
USER_008604,non_borrower,0,-1,0.0,102
USER_008605,non_borrower,0,-1,0.0,111
USER_008606,non_borrower,0,-1,0.0,108
USER_008607,non_borrower,0,-1,0.0,97
USER_008608,non_borrower,0,-1,0.0,94
USER_008609,non_borrower,0,-1,0.0,98
USER_008610,risky_borrower,2,2,50.0,95
USER_008611,responsible_borrower,4,1,97.65625,113
USER_008612,non_borrower,0,-1,0.0,91
USER_008613,responsible_borrower,3,0,97.65625,106
USER_008614,non_borrower,0,-1,0.0,104
USER_008615,occasional_borrower,2,1,50.0,115
USER_008616,non_borrower,0,-1,0.0,115
USER_008617,responsible_borrower,2,1,62.5,102
USER_008618,defaulter,1,2,50.0,98
USER_008619,risky_borrower,2,2,50.0,100
USER_008620,risky_borrower,6,2,50.0,113
USER_008621,occasional_borrower,2,0,78.125,104
USER_008622,responsible_borrower,4,0,122.0703125,114
USER_008623,responsible_borrower,3,0,97.65625,113
USER_008624,responsible_borrower,2,0,78.125,83
USER_008625,responsible_borrower,3,0,97.65625,105
USER_008626,non_borrower,0,-1,0.0,105
USER_008627,responsible_borrower,2,1,62.5,109
USER_008628,non_borrower,0,-1,0.0,93
USER_008629,responsible_borrower,3,0,97.65625,104
USER_008630,occasional_borrower,1,1,50.0,104
USER_008631,non_borrower,0,-1,0.0,106
USER_008632,non_borrower,0,-1,0.0,108
USER_008633,non_borrower,0,-1,0.0,89
USER_008634,non_borrower,0,-1,0.0,99
USER_008635,non_borrower,0,-1,0.0,98
USER_008636,defaulter,1,2,50.0,111
USER_008637,responsible_borrower,4,0,122.0703125,111
USER_008638,non_borrower,0,-1,0.0,104
USER_008639,responsible_borrower,3,0,97.65625,99
USER_008640,responsible_borrower,2,0,78.125,102
USER_008641,non_borrower,0,-1,0.0,89
USER_008642,responsible_borrower,2,0,78.125,106
USER_008643,responsible_borrower,2,1,62.5,99
USER_008644,non_borrower,0,-1,0.0,97
USER_008645,risky_borrower,5,2,50.0,96
USER_008646,non_borrower,0,-1,0.0,116
USER_008647,responsible_borrower,2,0,78.125,106
USER_008648,risky_borrower,1,2,50.0,118
USER_008649,occasional_borrower,2,1,50.0,107
USER_008650,responsible_borrower,2,0,78.125,104
USER_008651,non_borrower,0,-1,0.0,106
USER_008652,non_borrower,0,-1,0.0,95
USER_008653,occasional_borrower,2,0,78.125,115
USER_008654,non_borrower,0,-1,0.0,84
USER_008655,non_borrower,0,-1,0.0,97
USER_008656,responsible_borrower,4,0,122.0703125,104
USER_008657,responsible_borrower,2,0,78.125,101
USER_008658,non_borrower,0,-1,0.0,115
USER_008659,non_borrower,0,-1,0.0,90
USER_008660,non_borrower,0,-1,0.0,80
USER_008661,risky_borrower,6,1,50.0,114
USER_008662,non_borrower,0,-1,0.0,88
USER_008663,responsible_borrower,2,1,62.5,99
USER_008664,responsible_borrower,4,1,97.65625,122
USER_008665,non_borrower,0,-1,0.0,99
USER_008666,responsible_borrower,2,0,78.125,91
USER_008667,responsible_borrower,2,0,78.125,109
USER_008668,responsible_borrower,3,0,97.65625,103
USER_008669,non_borrower,0,-1,0.0,88
USER_008670,risky_borrower,1,2,50.0,94
USER_008671,responsible_borrower,3,0,97.65625,99
USER_008672,responsible_borrower,3,1,62.5,104
USER_008673,responsible_borrower,4,1,78.125,93
USER_008674,responsible_borrower,3,0,97.65625,105
USER_008675,responsible_borrower,4,0,122.0703125,103
USER_008676,responsible_borrower,4,1,97.65625,120
USER_008677,non_borrower,0,-1,0.0,112
USER_008678,non_borrower,0,-1,0.0,107
USER_008679,non_borrower,0,-1,0.0,96
USER_008680,non_borrower,0,-1,0.0,88
USER_008681,responsible_borrower,2,0,78.125,89
USER_008682,defaulter,1,2,50.0,95
USER_008683,non_borrower,0,-1,0.0,98
USER_008684,non_borrower,0,-1,0.0,101
USER_008685,non_borrower,0,-1,0.0,99
USER_008686,risky_borrower,3,2,50.0,114
USER_008687,non_borrower,0,-1,0.0,98
USER_008688,non_borrower,0,-1,0.0,101
USER_008689,responsible_borrower,3,1,78.125,98
USER_008690,non_borrower,0,-1,0.0,95
USER_008691,non_borrower,0,-1,0.0,77
USER_008692,non_borrower,0,-1,0.0,113
USER_008693,risky_borrower,4,2,50.0,105
USER_008694,non_borrower,0,-1,0.0,99
USER_008695,occasional_borrower,2,1,50.0,107
USER_008696,non_borrower,0,-1,0.0,115
USER_008697,non_borrower,0,-1,0.0,109
USER_008698,responsible_borrower,2,1,62.5,124
USER_008699,occasional_borrower,2,1,62.5,120
USER_008700,risky_borrower,1,2,50.0,89
USER_008701,non_borrower,0,-1,0.0,105
USER_008702,responsible_borrower,3,1,78.125,94
USER_008703,non_borrower,0,-1,0.0,114
USER_008704,non_borrower,0,-1,0.0,92
USER_008705,non_borrower,0,-1,0.0,98
USER_008706,responsible_borrower,2,0,78.125,118
USER_008707,non_borrower,0,-1,0.0,101
USER_008708,non_borrower,0,-1,0.0,108
USER_008709,non_borrower,0,-1,0.0,102
USER_008710,responsible_borrower,2,0,78.125,98
USER_008711,responsible_borrower,3,1,62.5,97
USER_008712,responsible_borrower,4,0,122.0703125,115
USER_008713,responsible_borrower,2,0,78.125,101
USER_008714,risky_borrower,3,2,50.0,91
USER_008715,non_borrower,0,-1,0.0,112
USER_008716,occasional_borrower,1,0,62.5,104
USER_008717,responsible_borrower,3,0,97.65625,108
USER_008718,non_borrower,0,-1,0.0,104
USER_008719,occasional_borrower,1,1,50.0,115
USER_008720,non_borrower,0,-1,0.0,79
USER_008721,non_borrower,0,-1,0.0,87
USER_008722,non_borrower,0,-1,0.0,99
USER_008723,responsible_borrower,3,0,97.65625,86
USER_008724,non_borrower,0,-1,0.0,100
USER_008725,non_borrower,0,-1,0.0,105
USER_008726,responsible_borrower,3,1,78.125,118
USER_008727,occasional_borrower,2,0,78.125,120
USER_008728,occasional_borrower,2,1,62.5,102
USER_008729,responsible_borrower,2,0,78.125,115
USER_008730,non_borrower,0,-1,0.0,98
USER_008731,non_borrower,0,-1,0.0,93
USER_008732,non_borrower,0,-1,0.0,112
USER_008733,non_borrower,0,-1,0.0,118
USER_008734,occasional_borrower,2,0,78.125,98
USER_008735,responsible_borrower,2,0,78.125,118
USER_008736,responsible_borrower,4,0,122.0703125,88
USER_008737,non_borrower,0,-1,0.0,108
USER_008738,occasional_borrower,2,0,78.125,110
USER_008739,non_borrower,0,-1,0.0,108
USER_008740,non_borrower,0,-1,0.0,94
USER_008741,occasional_borrower,1,0,62.5,93
USER_008742,responsible_borrower,3,0,97.65625,110
USER_008743,responsible_borrower,3,0,97.65625,108
USER_008744,responsible_borrower,2,0,78.125,110
USER_008745,non_borrower,0,-1,0.0,96
USER_008746,non_borrower,0,-1,0.0,103
USER_008747,responsible_borrower,4,0,122.0703125,106
USER_008748,non_borrower,0,-1,0.0,104
USER_008749,responsible_borrower,3,0,97.65625,95
USER_008750,responsible_borrower,4,0,122.0703125,105
USER_008751,responsible_borrower,4,1,97.65625,118
USER_008752,responsible_borrower,2,1,62.5,108
USER_008753,responsible_borrower,4,0,122.0703125,112
USER_008754,non_borrower,0,-1,0.0,101
USER_008755,non_borrower,0,-1,0.0,93
USER_008756,occasional_borrower,1,1,50.0,100
USER_008757,responsible_borrower,4,0,122.0703125,110
USER_008758,responsible_borrower,2,0,78.125,93
USER_008759,responsible_borrower,3,0,97.65625,100
USER_008760,risky_borrower,4,1,50.0,103
USER_008761,responsible_borrower,4,1,97.65625,101
USER_008762,occasional_borrower,1,1,50.0,104
USER_008763,responsible_borrower,3,0,97.65625,113
USER_008764,non_borrower,0,-1,0.0,96
USER_008765,responsible_borrower,2,0,78.125,111
USER_008766,responsible_borrower,4,1,97.65625,109
USER_008767,non_borrower,0,-1,0.0,103
USER_008768,non_borrower,0,-1,0.0,109
USER_008769,risky_borrower,5,1,50.0,108
USER_008770,non_borrower,0,-1,0.0,100
USER_008771,occasional_borrower,1,0,62.5,106
USER_008772,responsible_borrower,3,0,97.65625,123
USER_008773,non_borrower,0,-1,0.0,90
USER_008774,responsible_borrower,2,1,50.0,122
USER_008775,non_borrower,0,-1,0.0,98
USER_008776,responsible_borrower,4,0,122.0703125,127
USER_008777,non_borrower,0,-1,0.0,93
USER_008778,occasional_borrower,1,0,62.5,99
USER_008779,risky_borrower,1,2,50.0,91
USER_008780,non_borrower,0,-1,0.0,94
USER_008781,occasional_borrower,1,0,62.5,109
USER_008782,risky_borrower,1,2,50.0,111
USER_008783,responsible_borrower,4,0,122.0703125,107
USER_008784,responsible_borrower,2,0,78.125,106
USER_008785,responsible_borrower,4,1,97.65625,94
USER_008786,responsible_borrower,4,0,122.0703125,106
USER_008787,occasional_borrower,2,0,78.125,105
USER_008788,non_borrower,0,-1,0.0,110
USER_008789,responsible_borrower,4,1,97.65625,113
USER_008790,non_borrower,0,-1,0.0,113
USER_008791,non_borrower,0,-1,0.0,93
USER_008792,occasional_borrower,2,1,62.5,108
USER_008793,occasional_borrower,2,0,78.125,109
USER_008794,risky_borrower,4,1,50.0,115
USER_008795,occasional_borrower,2,1,62.5,94
USER_008796,occasional_borrower,1,0,62.5,81
USER_008797,responsible_borrower,4,0,122.0703125,112
USER_008798,non_borrower,0,-1,0.0,107
USER_008799,occasional_borrower,2,0,78.125,105
USER_008800,occasional_borrower,2,1,62.5,106
USER_008801,non_borrower,0,-1,0.0,83
USER_008802,non_borrower,0,-1,0.0,90
USER_008803,risky_borrower,6,1,50.0,114
USER_008804,risky_borrower,4,2,50.0,111
USER_008805,responsible_borrower,4,0,122.0703125,107
USER_008806,non_borrower,0,-1,0.0,85
USER_008807,risky_borrower,4,1,50.0,125
USER_008808,responsible_borrower,4,0,122.0703125,126
USER_008809,non_borrower,0,-1,0.0,95
USER_008810,non_borrower,0,-1,0.0,103
USER_008811,non_borrower,0,-1,0.0,119
USER_008812,non_borrower,0,-1,0.0,105
USER_008813,occasional_borrower,2,0,78.125,98
USER_008814,non_borrower,0,-1,0.0,101
USER_008815,non_borrower,0,-1,0.0,96
USER_008816,non_borrower,0,-1,0.0,117
USER_008817,responsible_borrower,3,0,97.65625,113
USER_008818,occasional_borrower,2,1,62.5,115
USER_008819,occasional_borrower,1,2,50.0,102
USER_008820,non_borrower,0,-1,0.0,101
USER_008821,responsible_borrower,3,0,97.65625,101
USER_008822,defaulter,1,2,50.0,111
USER_008823,responsible_borrower,4,0,122.0703125,101
USER_008824,occasional_borrower,2,1,62.5,95
USER_008825,non_borrower,0,-1,0.0,123
USER_008826,occasional_borrower,1,1,50.0,100
USER_008827,non_borrower,0,-1,0.0,105
USER_008828,responsible_borrower,2,0,78.125,93
USER_008829,responsible_borrower,3,1,78.125,116
USER_008830,non_borrower,0,-1,0.0,93
USER_008831,non_borrower,0,-1,0.0,95
USER_008832,non_borrower,0,-1,0.0,91
USER_008833,responsible_borrower,4,0,122.0703125,115
USER_008834,non_borrower,0,-1,0.0,109
USER_008835,responsible_borrower,2,0,78.125,93
USER_008836,risky_borrower,1,2,50.0,104
USER_008837,responsible_borrower,4,1,97.65625,94
USER_008838,responsible_borrower,2,0,78.125,99
USER_008839,non_borrower,0,-1,0.0,106
USER_008840,responsible_borrower,2,0,78.125,101
USER_008841,non_borrower,0,-1,0.0,89
USER_008842,responsible_borrower,4,0,122.0703125,124
USER_008843,occasional_borrower,2,1,62.5,121
USER_008844,occasional_borrower,2,1,62.5,115
USER_008845,non_borrower,0,-1,0.0,95
USER_008846,responsible_borrower,2,1,62.5,114
USER_008847,responsible_borrower,2,0,78.125,102
USER_008848,non_borrower,0,-1,0.0,109
USER_008849,responsible_borrower,4,0,122.0703125,116
USER_008850,occasional_borrower,1,0,62.5,96
USER_008851,occasional_borrower,2,1,62.5,98
USER_008852,occasional_borrower,1,1,50.0,97
USER_008853,responsible_borrower,4,1,97.65625,99
USER_008854,non_borrower,0,-1,0.0,113
USER_008855,responsible_borrower,3,0,97.65625,133
USER_008856,responsible_borrower,4,0,122.0703125,102
USER_008857,responsible_borrower,2,0,78.125,98
USER_008858,responsible_borrower,2,0,78.125,109
USER_008859,non_borrower,0,-1,0.0,81
USER_008860,occasional_borrower,2,1,62.5,84
USER_008861,non_borrower,0,-1,0.0,111
USER_008862,responsible_borrower,3,0,97.65625,109
USER_008863,non_borrower,0,-1,0.0,91
USER_008864,occasional_borrower,1,1,50.0,89
USER_008865,risky_borrower,6,1,50.0,91
USER_008866,responsible_borrower,2,0,78.125,91
USER_008867,responsible_borrower,2,0,78.125,109
USER_008868,occasional_borrower,2,1,50.0,82
USER_008869,responsible_borrower,2,1,62.5,107
USER_008870,occasional_borrower,1,0,62.5,98
USER_008871,non_borrower,0,-1,0.0,96
USER_008872,responsible_borrower,4,0,122.0703125,118
USER_008873,non_borrower,0,-1,0.0,82
USER_008874,non_borrower,0,-1,0.0,95
USER_008875,non_borrower,0,-1,0.0,111
USER_008876,risky_borrower,4,1,50.0,109
USER_008877,responsible_borrower,4,0,122.0703125,113
USER_008878,risky_borrower,6,1,50.0,106
USER_008879,non_borrower,0,-1,0.0,94
USER_008880,responsible_borrower,3,0,97.65625,118
USER_008881,non_borrower,0,-1,0.0,95
USER_008882,responsible_borrower,3,0,97.65625,102
USER_008883,non_borrower,0,-1,0.0,95
USER_008884,non_borrower,0,-1,0.0,96
USER_008885,responsible_borrower,4,1,97.65625,114
USER_008886,risky_borrower,1,2,50.0,114
USER_008887,defaulter,1,2,50.0,100
USER_008888,responsible_borrower,2,0,78.125,100
USER_008889,occasional_borrower,1,0,62.5,100
USER_008890,non_borrower,0,-1,0.0,88
USER_008891,responsible_borrower,3,0,97.65625,105
USER_008892,non_borrower,0,-1,0.0,126
USER_008893,occasional_borrower,2,1,62.5,118
USER_008894,responsible_borrower,4,0,122.0703125,103
USER_008895,responsible_borrower,4,1,97.65625,107
USER_008896,occasional_borrower,2,0,78.125,96
USER_008897,responsible_borrower,2,0,78.125,108
USER_008898,non_borrower,0,-1,0.0,89
USER_008899,non_borrower,0,-1,0.0,108
USER_008900,non_borrower,0,-1,0.0,90
USER_008901,non_borrower,0,-1,0.0,100
USER_008902,non_borrower,0,-1,0.0,83
USER_008903,non_borrower,0,-1,0.0,85
USER_008904,non_borrower,0,-1,0.0,113
USER_008905,occasional_borrower,2,0,78.125,87
USER_008906,non_borrower,0,-1,0.0,106
USER_008907,responsible_borrower,2,0,78.125,97
USER_008908,non_borrower,0,-1,0.0,86
USER_008909,non_borrower,0,-1,0.0,100
USER_008910,responsible_borrower,2,1,62.5,120
USER_008911,occasional_borrower,1,1,50.0,92
USER_008912,non_borrower,0,-1,0.0,105
USER_008913,responsible_borrower,2,1,62.5,99
USER_008914,non_borrower,0,-1,0.0,111
USER_008915,occasional_borrower,1,0,62.5,104
USER_008916,responsible_borrower,2,1,50.0,99
USER_008917,responsible_borrower,4,1,97.65625,116
USER_008918,responsible_borrower,3,0,97.65625,117
USER_008919,responsible_borrower,2,0,78.125,110
USER_008920,responsible_borrower,3,0,97.65625,101
USER_008921,non_borrower,0,-1,0.0,97
USER_008922,non_borrower,0,-1,0.0,107
USER_008923,non_borrower,0,-1,0.0,103
USER_008924,occasional_borrower,1,0,62.5,92
USER_008925,non_borrower,0,-1,0.0,98
USER_008926,occasional_borrower,1,0,62.5,103
USER_008927,responsible_borrower,4,0,122.0703125,116
USER_008928,non_borrower,0,-1,0.0,82
USER_008929,defaulter,1,2,50.0,105
USER_008930,responsible_borrower,2,1,62.5,105
USER_008931,occasional_borrower,2,0,78.125,109
USER_008932,non_borrower,0,-1,0.0,93
USER_008933,occasional_borrower,1,0,62.5,109
USER_008934,non_borrower,0,-1,0.0,97
USER_008935,responsible_borrower,2,0,78.125,122
USER_008936,non_borrower,0,-1,0.0,103
USER_008937,non_borrower,0,-1,0.0,97
USER_008938,non_borrower,0,-1,0.0,100
USER_008939,responsible_borrower,2,0,78.125,91
USER_008940,occasional_borrower,2,1,50.0,112
USER_008941,occasional_borrower,1,0,62.5,113
USER_008942,non_borrower,0,-1,0.0,96
USER_008943,occasional_borrower,2,0,78.125,92
USER_008944,responsible_borrower,4,1,78.125,105
USER_008945,responsible_borrower,2,0,78.125,102
USER_008946,risky_borrower,4,1,50.0,92
USER_008947,non_borrower,0,-1,0.0,114
USER_008948,responsible_borrower,2,0,78.125,106
USER_008949,responsible_borrower,2,0,78.125,104
USER_008950,non_borrower,0,-1,0.0,102
USER_008951,non_borrower,0,-1,0.0,87
USER_008952,risky_borrower,5,2,50.0,110
USER_008953,non_borrower,0,-1,0.0,93
USER_008954,non_borrower,0,-1,0.0,86
USER_008955,responsible_borrower,3,0,97.65625,99
USER_008956,responsible_borrower,2,0,78.125,101
USER_008957,responsible_borrower,4,1,97.65625,118
USER_008958,defaulter,1,2,50.0,101
USER_008959,non_borrower,0,-1,0.0,111
USER_008960,non_borrower,0,-1,0.0,110
USER_008961,responsible_borrower,4,0,122.0703125,116
USER_008962,non_borrower,0,-1,0.0,100
USER_008963,occasional_borrower,1,0,62.5,100
USER_008964,non_borrower,0,-1,0.0,103
USER_008965,non_borrower,0,-1,0.0,85
USER_008966,non_borrower,0,-1,0.0,96
USER_008967,non_borrower,0,-1,0.0,103
USER_008968,occasional_borrower,2,2,50.0,104
USER_008969,responsible_borrower,3,1,78.125,110
USER_008970,responsible_borrower,4,0,122.0703125,107
USER_008971,responsible_borrower,3,0,97.65625,117
USER_008972,occasional_borrower,2,1,50.0,83
USER_008973,responsible_borrower,2,0,78.125,86
USER_008974,responsible_borrower,4,0,122.0703125,120
USER_008975,non_borrower,0,-1,0.0,103
USER_008976,occasional_borrower,2,0,78.125,101
USER_008977,non_borrower,0,-1,0.0,96
USER_008978,non_borrower,0,-1,0.0,86
USER_008979,responsible_borrower,3,0,97.65625,111
USER_008980,responsible_borrower,2,0,78.125,89
USER_008981,non_borrower,0,-1,0.0,108
USER_008982,non_borrower,0,-1,0.0,103
USER_008983,responsible_borrower,3,0,97.65625,101
USER_008984,responsible_borrower,3,0,97.65625,96
USER_008985,responsible_borrower,2,0,78.125,111
USER_008986,non_borrower,0,-1,0.0,106
USER_008987,risky_borrower,5,1,50.0,111
USER_008988,non_borrower,0,-1,0.0,83
USER_008989,non_borrower,0,-1,0.0,89
USER_008990,occasional_borrower,1,0,62.5,101
USER_008991,risky_borrower,2,2,50.0,106
USER_008992,responsible_borrower,4,0,122.0703125,111
USER_008993,occasional_borrower,2,1,62.5,123
USER_008994,responsible_borrower,4,0,122.0703125,107
USER_008995,non_borrower,0,-1,0.0,88
USER_008996,risky_borrower,6,1,50.0,105
USER_008997,risky_borrower,2,2,50.0,111
USER_008998,risky_borrower,4,1,50.0,102
USER_008999,responsible_borrower,4,1,97.65625,104
USER_009000,non_borrower,0,-1,0.0,105
USER_009001,responsible_borrower,4,1,97.65625,107
USER_009002,non_borrower,0,-1,0.0,86
USER_009003,responsible_borrower,2,0,78.125,107
USER_009004,defaulter,1,2,50.0,100
USER_009005,non_borrower,0,-1,0.0,93
USER_009006,non_borrower,0,-1,0.0,90
USER_009007,non_borrower,0,-1,0.0,99
USER_009008,non_borrower,0,-1,0.0,108
USER_009009,non_borrower,0,-1,0.0,103
USER_009010,responsible_borrower,4,0,122.0703125,114
USER_009011,risky_borrower,4,1,50.0,113
USER_009012,non_borrower,0,-1,0.0,97
USER_009013,non_borrower,0,-1,0.0,105
USER_009014,responsible_borrower,4,1,97.65625,111
USER_009015,occasional_borrower,1,0,62.5,91
USER_009016,responsible_borrower,4,1,97.65625,100
USER_009017,responsible_borrower,3,0,97.65625,92
USER_009018,responsible_borrower,2,0,78.125,120
USER_009019,occasional_borrower,1,0,62.5,115
USER_009020,responsible_borrower,2,0,78.125,94
USER_009021,non_borrower,0,-1,0.0,87
USER_009022,non_borrower,0,-1,0.0,109
USER_009023,responsible_borrower,2,0,78.125,109
USER_009024,non_borrower,0,-1,0.0,99
USER_009025,risky_borrower,4,2,50.0,105
USER_009026,non_borrower,0,-1,0.0,103
USER_009027,risky_borrower,5,1,50.0,123
USER_009028,responsible_borrower,4,0,122.0703125,96
USER_009029,defaulter,1,2,50.0,103
USER_009030,non_borrower,0,-1,0.0,106
USER_009031,non_borrower,0,-1,0.0,88
USER_009032,occasional_borrower,1,1,50.0,90
USER_009033,responsible_borrower,2,1,62.5,103
USER_009034,non_borrower,0,-1,0.0,101
USER_009035,non_borrower,0,-1,0.0,103
USER_009036,non_borrower,0,-1,0.0,100
USER_009037,defaulter,1,2,50.0,102
USER_009038,responsible_borrower,3,0,97.65625,111
USER_009039,occasional_borrower,1,1,50.0,103
USER_009040,occasional_borrower,1,1,50.0,117
USER_009041,non_borrower,0,-1,0.0,96
USER_009042,non_borrower,0,-1,0.0,112
USER_009043,non_borrower,0,-1,0.0,111
USER_009044,occasional_borrower,1,1,50.0,106
USER_009045,responsible_borrower,4,0,122.0703125,115
USER_009046,non_borrower,0,-1,0.0,111
USER_009047,responsible_borrower,3,0,97.65625,118
USER_009048,risky_borrower,1,2,50.0,110
USER_009049,risky_borrower,5,1,50.0,116
USER_009050,risky_borrower,5,1,50.0,119
USER_009051,responsible_borrower,3,0,97.65625,100
USER_009052,risky_borrower,4,1,50.0,112
USER_009053,non_borrower,0,-1,0.0,101
USER_009054,occasional_borrower,1,0,62.5,110
USER_009055,occasional_borrower,2,0,78.125,101
USER_009056,occasional_borrower,1,0,62.5,97
USER_009057,non_borrower,0,-1,0.0,117
USER_009058,risky_borrower,3,2,50.0,105
USER_009059,non_borrower,0,-1,0.0,101
USER_009060,defaulter,1,2,50.0,102
USER_009061,responsible_borrower,2,1,62.5,112
USER_009062,occasional_borrower,1,1,50.0,101
USER_009063,non_borrower,0,-1,0.0,94
USER_009064,occasional_borrower,1,2,50.0,95
USER_009065,risky_borrower,5,1,50.0,92
USER_009066,non_borrower,0,-1,0.0,94
USER_009067,occasional_borrower,2,0,78.125,126
USER_009068,non_borrower,0,-1,0.0,86
USER_009069,responsible_borrower,3,0,97.65625,106
USER_009070,risky_borrower,5,2,50.0,100
USER_009071,responsible_borrower,2,1,62.5,111
USER_009072,risky_borrower,6,2,50.0,101
USER_009073,non_borrower,0,-1,0.0,112
USER_009074,responsible_borrower,4,0,122.0703125,118
USER_009075,risky_borrower,6,1,50.0,121
USER_009076,responsible_borrower,4,0,122.0703125,117
USER_009077,responsible_borrower,2,0,78.125,81
USER_009078,responsible_borrower,4,0,122.0703125,119
USER_009079,responsible_borrower,2,1,62.5,96
USER_009080,responsible_borrower,4,0,122.0703125,120
USER_009081,non_borrower,0,-1,0.0,96
USER_009082,non_borrower,0,-1,0.0,97
USER_009083,responsible_borrower,2,0,78.125,112
USER_009084,responsible_borrower,3,0,97.65625,91
USER_009085,non_borrower,0,-1,0.0,97
USER_009086,non_borrower,0,-1,0.0,114
USER_009087,non_borrower,0,-1,0.0,122
USER_009088,non_borrower,0,-1,0.0,98
USER_009089,risky_borrower,4,2,50.0,100
USER_009090,responsible_borrower,2,0,78.125,118
USER_009091,non_borrower,0,-1,0.0,120
USER_009092,non_borrower,0,-1,0.0,96
USER_009093,non_borrower,0,-1,0.0,110
USER_009094,risky_borrower,5,1,50.0,106
USER_009095,responsible_borrower,4,0,122.0703125,114
USER_009096,responsible_borrower,3,0,97.65625,104
USER_009097,non_borrower,0,-1,0.0,89
USER_009098,risky_borrower,4,2,50.0,117
USER_009099,responsible_borrower,3,0,97.65625,113
USER_009100,risky_borrower,6,1,50.0,127
USER_009101,non_borrower,0,-1,0.0,81
USER_009102,responsible_borrower,2,0,78.125,126
USER_009103,non_borrower,0,-1,0.0,106
USER_009104,responsible_borrower,4,0,122.0703125,133
USER_009105,non_borrower,0,-1,0.0,94
USER_009106,non_borrower,0,-1,0.0,84
USER_009107,responsible_borrower,3,0,97.65625,114
USER_009108,risky_borrower,5,1,50.0,116
USER_009109,non_borrower,0,-1,0.0,93
USER_009110,occasional_borrower,1,1,50.0,121
USER_009111,occasional_borrower,2,0,78.125,108
USER_009112,responsible_borrower,2,0,78.125,94
USER_009113,responsible_borrower,2,0,78.125,110
USER_009114,non_borrower,0,-1,0.0,104
USER_009115,defaulter,1,2,50.0,102
USER_009116,responsible_borrower,2,0,78.125,107
USER_009117,responsible_borrower,3,0,97.65625,97
USER_009118,risky_borrower,5,2,50.0,109
USER_009119,non_borrower,0,-1,0.0,104
USER_009120,risky_borrower,5,1,50.0,92
USER_009121,risky_borrower,5,2,50.0,119
USER_009122,responsible_borrower,4,1,97.65625,115
USER_009123,responsible_borrower,2,0,78.125,90
USER_009124,non_borrower,0,-1,0.0,100
USER_009125,occasional_borrower,2,1,62.5,118
USER_009126,occasional_borrower,1,2,50.0,116
USER_009127,non_borrower,0,-1,0.0,111
USER_009128,responsible_borrower,4,1,97.65625,104
USER_009129,non_borrower,0,-1,0.0,108
USER_009130,occasional_borrower,2,1,62.5,100
USER_009131,occasional_borrower,2,1,62.5,98
USER_009132,non_borrower,0,-1,0.0,94
USER_009133,responsible_borrower,3,0,97.65625,111
USER_009134,responsible_borrower,2,0,78.125,103
USER_009135,non_borrower,0,-1,0.0,96
USER_009136,responsible_borrower,3,0,97.65625,113
USER_009137,non_borrower,0,-1,0.0,120
USER_009138,occasional_borrower,1,0,62.5,102
USER_009139,risky_borrower,4,1,50.0,124
USER_009140,responsible_borrower,2,0,78.125,101
USER_009141,risky_borrower,4,2,50.0,119
USER_009142,responsible_borrower,2,0,78.125,99
USER_009143,non_borrower,0,-1,0.0,101
USER_009144,responsible_borrower,4,1,97.65625,125
USER_009145,responsible_borrower,3,0,97.65625,119
USER_009146,responsible_borrower,4,0,122.0703125,106
USER_009147,risky_borrower,4,1,50.0,113
USER_009148,responsible_borrower,4,0,122.0703125,110
USER_009149,non_borrower,0,-1,0.0,99
USER_009150,responsible_borrower,2,0,78.125,107
USER_009151,risky_borrower,2,2,50.0,90
USER_009152,non_borrower,0,-1,0.0,89
USER_009153,responsible_borrower,3,0,97.65625,102
USER_009154,responsible_borrower,4,0,122.0703125,117
USER_009155,responsible_borrower,2,0,78.125,120
USER_009156,non_borrower,0,-1,0.0,103
USER_009157,responsible_borrower,4,0,122.0703125,94
USER_009158,responsible_borrower,3,0,97.65625,94
USER_009159,responsible_borrower,3,1,78.125,95
USER_009160,responsible_borrower,2,0,78.125,103
USER_009161,non_borrower,0,-1,0.0,110
USER_009162,risky_borrower,4,1,50.0,131
USER_009163,responsible_borrower,3,1,78.125,116
USER_009164,defaulter,1,2,50.0,113
USER_009165,responsible_borrower,4,1,97.65625,95
USER_009166,non_borrower,0,-1,0.0,99
USER_009167,responsible_borrower,4,1,97.65625,117
USER_009168,non_borrower,0,-1,0.0,104
USER_009169,responsible_borrower,4,0,122.0703125,98
USER_009170,responsible_borrower,4,1,97.65625,107
USER_009171,non_borrower,0,-1,0.0,97
USER_009172,responsible_borrower,4,0,122.0703125,109
USER_009173,responsible_borrower,3,0,97.65625,110
USER_009174,occasional_borrower,1,1,50.0,91
USER_009175,responsible_borrower,4,0,122.0703125,107
USER_009176,responsible_borrower,2,1,62.5,112
USER_009177,defaulter,1,2,50.0,92
USER_009178,occasional_borrower,2,1,62.5,96
USER_009179,risky_borrower,2,2,50.0,112
USER_009180,responsible_borrower,4,0,122.0703125,117
USER_009181,responsible_borrower,2,0,78.125,98
USER_009182,responsible_borrower,4,1,97.65625,103
USER_009183,non_borrower,0,-1,0.0,104
USER_009184,non_borrower,0,-1,0.0,91
USER_009185,non_borrower,0,-1,0.0,99
USER_009186,non_borrower,0,-1,0.0,124
USER_009187,occasional_borrower,2,0,78.125,95
USER_009188,occasional_borrower,2,1,62.5,104
USER_009189,non_borrower,0,-1,0.0,107
USER_009190,responsible_borrower,2,0,78.125,106
USER_009191,risky_borrower,5,1,50.0,105
USER_009192,occasional_borrower,1,1,50.0,115
USER_009193,non_borrower,0,-1,0.0,100
USER_009194,non_borrower,0,-1,0.0,102
USER_009195,occasional_borrower,1,0,62.5,99
USER_009196,responsible_borrower,2,0,78.125,118
USER_009197,responsible_borrower,3,0,97.65625,108
USER_009198,occasional_borrower,1,1,50.0,108
USER_009199,non_borrower,0,-1,0.0,107
USER_009200,occasional_borrower,1,1,50.0,96
USER_009201,responsible_borrower,4,0,122.0703125,113
USER_009202,responsible_borrower,4,0,122.0703125,115
USER_009203,non_borrower,0,-1,0.0,96
USER_009204,responsible_borrower,2,0,78.125,100
USER_009205,non_borrower,0,-1,0.0,88
USER_009206,non_borrower,0,-1,0.0,90
USER_009207,responsible_borrower,4,1,78.125,113
USER_009208,non_borrower,0,-1,0.0,101
USER_009209,non_borrower,0,-1,0.0,89
USER_009210,responsible_borrower,4,1,97.65625,91
USER_009211,occasional_borrower,1,1,50.0,96
USER_009212,non_borrower,0,-1,0.0,103
USER_009213,occasional_borrower,1,0,62.5,85
USER_009214,non_borrower,0,-1,0.0,106
USER_009215,non_borrower,0,-1,0.0,94
USER_009216,responsible_borrower,2,0,78.125,108
USER_009217,non_borrower,0,-1,0.0,87
USER_009218,non_borrower,0,-1,0.0,100
USER_009219,occasional_borrower,2,0,78.125,113
USER_009220,non_borrower,0,-1,0.0,107
USER_009221,non_borrower,0,-1,0.0,85
USER_009222,non_borrower,0,-1,0.0,94
USER_009223,non_borrower,0,-1,0.0,95
USER_009224,occasional_borrower,1,1,50.0,105
USER_009225,responsible_borrower,3,0,97.65625,108
USER_009226,responsible_borrower,3,0,97.65625,107
USER_009227,non_borrower,0,-1,0.0,78
USER_009228,non_borrower,0,-1,0.0,95
USER_009229,responsible_borrower,2,0,78.125,118
USER_009230,occasional_borrower,1,0,62.5,126
USER_009231,non_borrower,0,-1,0.0,92
USER_009232,responsible_borrower,4,0,122.0703125,92
USER_009233,non_borrower,0,-1,0.0,101
USER_009234,responsible_borrower,3,0,97.65625,98
USER_009235,occasional_borrower,2,1,62.5,112
USER_009236,non_borrower,0,-1,0.0,93
USER_009237,responsible_borrower,2,0,78.125,94
USER_009238,non_borrower,0,-1,0.0,115
USER_009239,responsible_borrower,2,0,78.125,97
USER_009240,responsible_borrower,2,0,78.125,86
USER_009241,non_borrower,0,-1,0.0,98
USER_009242,responsible_borrower,3,0,97.65625,100
USER_009243,non_borrower,0,-1,0.0,98
USER_009244,responsible_borrower,2,0,78.125,92
USER_009245,occasional_borrower,1,1,50.0,105
USER_009246,responsible_borrower,4,1,97.65625,96
USER_009247,risky_borrower,4,1,50.0,104
USER_009248,responsible_borrower,4,0,122.0703125,124
USER_009249,responsible_borrower,4,0,122.0703125,116
USER_009250,non_borrower,0,-1,0.0,120
USER_009251,non_borrower,0,-1,0.0,103
USER_009252,non_borrower,0,-1,0.0,102
USER_009253,non_borrower,0,-1,0.0,92
USER_009254,responsible_borrower,3,0,97.65625,103
USER_009255,non_borrower,0,-1,0.0,86
USER_009256,responsible_borrower,3,0,97.65625,109
USER_009257,risky_borrower,4,2,50.0,123
USER_009258,non_borrower,0,-1,0.0,97
USER_009259,responsible_borrower,2,0,78.125,105
USER_009260,non_borrower,0,-1,0.0,120
USER_009261,non_borrower,0,-1,0.0,110
USER_009262,responsible_borrower,2,0,78.125,105
USER_009263,responsible_borrower,2,0,78.125,116
USER_009264,non_borrower,0,-1,0.0,103
USER_009265,non_borrower,0,-1,0.0,98
USER_009266,occasional_borrower,2,1,50.0,105
USER_009267,responsible_borrower,4,0,122.0703125,95
USER_009268,responsible_borrower,2,0,78.125,97
USER_009269,non_borrower,0,-1,0.0,77
USER_009270,occasional_borrower,1,1,50.0,112
USER_009271,non_borrower,0,-1,0.0,89
USER_009272,non_borrower,0,-1,0.0,116
USER_009273,risky_borrower,4,1,50.0,104
USER_009274,responsible_borrower,3,1,78.125,108
USER_009275,occasional_borrower,1,0,62.5,111
USER_009276,responsible_borrower,2,0,78.125,105
USER_009277,risky_borrower,1,2,50.0,98
USER_009278,risky_borrower,4,1,50.0,104
USER_009279,responsible_borrower,4,1,97.65625,113
USER_009280,non_borrower,0,-1,0.0,96
USER_009281,non_borrower,0,-1,0.0,100
USER_009282,occasional_borrower,2,0,78.125,117
USER_009283,responsible_borrower,3,0,97.65625,109
USER_009284,non_borrower,0,-1,0.0,79
USER_009285,non_borrower,0,-1,0.0,81
USER_009286,non_borrower,0,-1,0.0,106
USER_009287,occasional_borrower,1,1,50.0,95
USER_009288,responsible_borrower,4,0,122.0703125,113
USER_009289,responsible_borrower,3,1,78.125,98
USER_009290,responsible_borrower,3,1,78.125,103
USER_009291,responsible_borrower,2,1,62.5,98
USER_009292,non_borrower,0,-1,0.0,139
USER_009293,non_borrower,0,-1,0.0,95
USER_009294,non_borrower,0,-1,0.0,101
USER_009295,responsible_borrower,3,0,97.65625,106
USER_009296,responsible_borrower,3,1,78.125,101
USER_009297,responsible_borrower,3,0,97.65625,105
USER_009298,non_borrower,0,-1,0.0,108
USER_009299,occasional_borrower,2,1,62.5,127
USER_009300,non_borrower,0,-1,0.0,107
USER_009301,occasional_borrower,2,0,78.125,99
USER_009302,non_borrower,0,-1,0.0,96
USER_009303,non_borrower,0,-1,0.0,88
USER_009304,responsible_borrower,4,0,122.0703125,112
USER_009305,responsible_borrower,2,0,78.125,102
USER_009306,non_borrower,0,-1,0.0,104
USER_009307,risky_borrower,2,2,50.0,84
USER_009308,responsible_borrower,4,1,97.65625,114
USER_009309,risky_borrower,4,1,50.0,101
USER_009310,responsible_borrower,2,0,78.125,99
USER_009311,responsible_borrower,2,0,78.125,116
USER_009312,responsible_borrower,4,0,122.0703125,97
USER_009313,occasional_borrower,1,2,50.0,91
USER_009314,responsible_borrower,2,0,78.125,107
USER_009315,occasional_borrower,2,1,50.0,98
USER_009316,non_borrower,0,-1,0.0,108
USER_009317,responsible_borrower,4,1,97.65625,110
USER_009318,responsible_borrower,4,1,78.125,98
USER_009319,occasional_borrower,2,0,78.125,111
USER_009320,non_borrower,0,-1,0.0,94
USER_009321,responsible_borrower,2,0,78.125,100
USER_009322,occasional_borrower,2,1,62.5,83
USER_009323,occasional_borrower,1,0,62.5,115
USER_009324,non_borrower,0,-1,0.0,120
USER_009325,non_borrower,0,-1,0.0,100
USER_009326,responsible_borrower,4,0,122.0703125,118
USER_009327,risky_borrower,2,2,50.0,104
USER_009328,responsible_borrower,4,0,122.0703125,93
USER_009329,non_borrower,0,-1,0.0,100
USER_009330,responsible_borrower,4,0,122.0703125,108
USER_009331,occasional_borrower,1,0,62.5,108
USER_009332,non_borrower,0,-1,0.0,108
USER_009333,risky_borrower,3,2,50.0,117
USER_009334,risky_borrower,4,2,50.0,106
USER_009335,occasional_borrower,2,1,62.5,103
USER_009336,responsible_borrower,3,1,78.125,94
USER_009337,occasional_borrower,1,0,62.5,87
USER_009338,responsible_borrower,2,0,78.125,102
USER_009339,occasional_borrower,2,0,78.125,101
USER_009340,responsible_borrower,2,0,78.125,107
USER_009341,non_borrower,0,-1,0.0,98
USER_009342,risky_borrower,3,2,50.0,113
USER_009343,responsible_borrower,2,0,78.125,116
USER_009344,responsible_borrower,4,1,97.65625,112
USER_009345,responsible_borrower,2,0,78.125,98
USER_009346,non_borrower,0,-1,0.0,89
USER_009347,non_borrower,0,-1,0.0,104
USER_009348,responsible_borrower,3,0,97.65625,112
USER_009349,non_borrower,0,-1,0.0,94
USER_009350,responsible_borrower,2,0,78.125,115
USER_009351,non_borrower,0,-1,0.0,110
USER_009352,responsible_borrower,3,0,97.65625,106
USER_009353,non_borrower,0,-1,0.0,107
USER_009354,non_borrower,0,-1,0.0,101
USER_009355,risky_borrower,5,1,50.0,100
USER_009356,non_borrower,0,-1,0.0,107
USER_009357,non_borrower,0,-1,0.0,91
USER_009358,risky_borrower,5,1,50.0,122
USER_009359,occasional_borrower,2,1,62.5,101
USER_009360,occasional_borrower,2,1,62.5,106
USER_009361,responsible_borrower,3,0,97.65625,97
USER_009362,defaulter,1,2,50.0,97
USER_009363,non_borrower,0,-1,0.0,86
USER_009364,risky_borrower,4,1,50.0,107
USER_009365,risky_borrower,6,1,50.0,107
USER_009366,risky_borrower,5,1,50.0,105
USER_009367,responsible_borrower,4,0,122.0703125,111
USER_009368,risky_borrower,4,1,50.0,101
USER_009369,non_borrower,0,-1,0.0,89
USER_009370,non_borrower,0,-1,0.0,105
USER_009371,occasional_borrower,2,1,62.5,106
USER_009372,non_borrower,0,-1,0.0,92
USER_009373,responsible_borrower,3,1,78.125,104
USER_009374,responsible_borrower,4,0,122.0703125,112
USER_009375,responsible_borrower,3,0,97.65625,105
USER_009376,non_borrower,0,-1,0.0,106
USER_009377,non_borrower,0,-1,0.0,80
USER_009378,responsible_borrower,3,1,78.125,102
USER_009379,responsible_borrower,3,0,97.65625,106
USER_009380,non_borrower,0,-1,0.0,105
USER_009381,responsible_borrower,4,0,122.0703125,122
USER_009382,non_borrower,0,-1,0.0,105
USER_009383,occasional_borrower,1,1,50.0,99
USER_009384,responsible_borrower,4,0,122.0703125,119
USER_009385,non_borrower,0,-1,0.0,103
USER_009386,responsible_borrower,2,1,62.5,104
USER_009387,risky_borrower,1,2,50.0,105
USER_009388,occasional_borrower,2,1,62.5,126
USER_009389,responsible_borrower,2,1,62.5,111
USER_009390,responsible_borrower,4,1,97.65625,115
USER_009391,responsible_borrower,4,1,97.65625,109
USER_009392,non_borrower,0,-1,0.0,128
USER_009393,non_borrower,0,-1,0.0,103
USER_009394,risky_borrower,5,1,50.0,99
USER_009395,responsible_borrower,2,0,78.125,101
USER_009396,responsible_borrower,3,0,97.65625,94
USER_009397,responsible_borrower,3,1,62.5,94
USER_009398,non_borrower,0,-1,0.0,91
USER_009399,non_borrower,0,-1,0.0,102
USER_009400,occasional_borrower,2,1,62.5,92
USER_009401,non_borrower,0,-1,0.0,95
USER_009402,non_borrower,0,-1,0.0,97
USER_009403,occasional_borrower,1,0,62.5,104
USER_009404,non_borrower,0,-1,0.0,100
USER_009405,risky_borrower,3,2,50.0,113
USER_009406,risky_borrower,1,2,50.0,98
USER_009407,non_borrower,0,-1,0.0,102
USER_009408,responsible_borrower,3,0,97.65625,103
USER_009409,non_borrower,0,-1,0.0,90
USER_009410,non_borrower,0,-1,0.0,109
USER_009411,non_borrower,0,-1,0.0,105
USER_009412,risky_borrower,1,2,50.0,85
USER_009413,responsible_borrower,2,0,78.125,109
USER_009414,risky_borrower,3,2,50.0,113
USER_009415,non_borrower,0,-1,0.0,97
USER_009416,occasional_borrower,1,0,62.5,87
USER_009417,responsible_borrower,4,1,78.125,122
USER_009418,risky_borrower,4,1,50.0,122
USER_009419,non_borrower,0,-1,0.0,99
USER_009420,non_borrower,0,-1,0.0,102
USER_009421,occasional_borrower,1,1,50.0,102
USER_009422,occasional_borrower,1,0,62.5,115
USER_009423,responsible_borrower,2,0,78.125,99
USER_009424,risky_borrower,5,2,50.0,108
USER_009425,responsible_borrower,4,1,78.125,112
USER_009426,occasional_borrower,2,1,62.5,94
USER_009427,responsible_borrower,2,0,78.125,102
USER_009428,responsible_borrower,2,0,78.125,110
USER_009429,non_borrower,0,-1,0.0,114
USER_009430,responsible_borrower,3,0,97.65625,111
USER_009431,occasional_borrower,2,1,62.5,120
USER_009432,risky_borrower,1,2,50.0,82
USER_009433,occasional_borrower,2,1,62.5,115
USER_009434,non_borrower,0,-1,0.0,103
USER_009435,non_borrower,0,-1,0.0,73
USER_009436,non_borrower,0,-1,0.0,96
USER_009437,non_borrower,0,-1,0.0,104
USER_009438,occasional_borrower,2,1,62.5,113
USER_009439,non_borrower,0,-1,0.0,91
USER_009440,occasional_borrower,2,1,62.5,81
USER_009441,occasional_borrower,1,1,50.0,82
USER_009442,non_borrower,0,-1,0.0,75
USER_009443,non_borrower,0,-1,0.0,99
USER_009444,non_borrower,0,-1,0.0,82
USER_009445,responsible_borrower,2,0,78.125,97
USER_009446,non_borrower,0,-1,0.0,101
USER_009447,non_borrower,0,-1,0.0,126
USER_009448,occasional_borrower,1,1,50.0,96
USER_009449,occasional_borrower,1,0,62.5,102
USER_009450,responsible_borrower,4,0,122.0703125,94
USER_009451,responsible_borrower,3,0,97.65625,105
USER_009452,risky_borrower,5,1,50.0,107
USER_009453,non_borrower,0,-1,0.0,87
USER_009454,non_borrower,0,-1,0.0,100
USER_009455,non_borrower,0,-1,0.0,100
USER_009456,risky_borrower,2,2,50.0,92
USER_009457,non_borrower,0,-1,0.0,96
USER_009458,occasional_borrower,1,0,62.5,109
USER_009459,non_borrower,0,-1,0.0,103
USER_009460,non_borrower,0,-1,0.0,100
USER_009461,non_borrower,0,-1,0.0,100
USER_009462,responsible_borrower,2,0,78.125,124
USER_009463,responsible_borrower,2,0,78.125,118
USER_009464,non_borrower,0,-1,0.0,96
USER_009465,responsible_borrower,3,1,78.125,105
USER_009466,non_borrower,0,-1,0.0,98
USER_009467,non_borrower,0,-1,0.0,117
USER_009468,non_borrower,0,-1,0.0,105
USER_009469,defaulter,1,2,50.0,98
USER_009470,occasional_borrower,1,0,62.5,94
USER_009471,non_borrower,0,-1,0.0,104
USER_009472,responsible_borrower,4,0,122.0703125,131
USER_009473,responsible_borrower,2,0,78.125,101
USER_009474,responsible_borrower,2,1,62.5,103
USER_009475,responsible_borrower,4,0,122.0703125,103
USER_009476,non_borrower,0,-1,0.0,85
USER_009477,occasional_borrower,2,0,78.125,114
USER_009478,non_borrower,0,-1,0.0,98
USER_009479,non_borrower,0,-1,0.0,97
USER_009480,responsible_borrower,2,0,78.125,112
USER_009481,non_borrower,0,-1,0.0,85
USER_009482,responsible_borrower,4,0,122.0703125,100
USER_009483,non_borrower,0,-1,0.0,82
USER_009484,non_borrower,0,-1,0.0,105
USER_009485,non_borrower,0,-1,0.0,109
USER_009486,responsible_borrower,2,1,62.5,120
USER_009487,occasional_borrower,1,0,62.5,104
USER_009488,responsible_borrower,3,1,62.5,128
USER_009489,non_borrower,0,-1,0.0,98
USER_009490,occasional_borrower,1,0,62.5,95
USER_009491,non_borrower,0,-1,0.0,126
USER_009492,responsible_borrower,3,1,78.125,114
USER_009493,responsible_borrower,3,1,78.125,92
USER_009494,occasional_borrower,2,1,62.5,103
USER_009495,risky_borrower,1,2,50.0,100
USER_009496,responsible_borrower,4,0,122.0703125,126
USER_009497,responsible_borrower,4,1,97.65625,102
USER_009498,non_borrower,0,-1,0.0,106
USER_009499,responsible_borrower,2,0,78.125,101
USER_009500,non_borrower,0,-1,0.0,111
USER_009501,occasional_borrower,2,1,62.5,103
USER_009502,non_borrower,0,-1,0.0,106
USER_009503,non_borrower,0,-1,0.0,97
USER_009504,non_borrower,0,-1,0.0,73
USER_009505,non_borrower,0,-1,0.0,90
USER_009506,non_borrower,0,-1,0.0,87
USER_009507,non_borrower,0,-1,0.0,96
USER_009508,non_borrower,0,-1,0.0,100
USER_009509,responsible_borrower,2,1,50.0,88
USER_009510,risky_borrower,2,2,50.0,94
USER_009511,non_borrower,0,-1,0.0,106
USER_009512,risky_borrower,5,1,50.0,124
USER_009513,non_borrower,0,-1,0.0,102
USER_009514,responsible_borrower,4,1,97.65625,120
USER_009515,defaulter,1,2,50.0,109
USER_009516,risky_borrower,4,2,50.0,120
USER_009517,non_borrower,0,-1,0.0,91
USER_009518,responsible_borrower,2,0,78.125,104
USER_009519,responsible_borrower,4,1,97.65625,109
USER_009520,responsible_borrower,2,0,78.125,88
USER_009521,non_borrower,0,-1,0.0,87
USER_009522,non_borrower,0,-1,0.0,101
USER_009523,non_borrower,0,-1,0.0,105
USER_009524,risky_borrower,6,1,50.0,100
USER_009525,responsible_borrower,4,1,97.65625,99
USER_009526,responsible_borrower,4,0,122.0703125,104
USER_009527,responsible_borrower,3,0,97.65625,89
USER_009528,risky_borrower,5,1,50.0,100
USER_009529,responsible_borrower,2,1,62.5,101
USER_009530,non_borrower,0,-1,0.0,104
USER_009531,responsible_borrower,3,0,97.65625,101
USER_009532,occasional_borrower,2,1,62.5,90
USER_009533,responsible_borrower,4,1,97.65625,102
USER_009534,non_borrower,0,-1,0.0,102
USER_009535,occasional_borrower,1,1,50.0,104
USER_009536,responsible_borrower,3,0,97.65625,110
USER_009537,responsible_borrower,4,1,97.65625,109
USER_009538,non_borrower,0,-1,0.0,81
USER_009539,responsible_borrower,3,1,78.125,99
USER_009540,non_borrower,0,-1,0.0,109
USER_009541,responsible_borrower,4,0,122.0703125,112
USER_009542,responsible_borrower,4,0,122.0703125,94
USER_009543,non_borrower,0,-1,0.0,90
USER_009544,responsible_borrower,2,1,62.5,85
USER_009545,risky_borrower,6,2,50.0,115
USER_009546,occasional_borrower,2,0,78.125,107
USER_009547,responsible_borrower,2,0,78.125,123
USER_009548,non_borrower,0,-1,0.0,109
USER_009549,occasional_borrower,1,0,62.5,107
USER_009550,non_borrower,0,-1,0.0,113
USER_009551,non_borrower,0,-1,0.0,95
USER_009552,responsible_borrower,3,0,97.65625,131
USER_009553,responsible_borrower,3,1,78.125,111
USER_009554,non_borrower,0,-1,0.0,85
USER_009555,non_borrower,0,-1,0.0,121
USER_009556,occasional_borrower,1,0,62.5,91
USER_009557,responsible_borrower,4,0,122.0703125,112
USER_009558,responsible_borrower,2,0,78.125,108
USER_009559,responsible_borrower,3,1,78.125,105
USER_009560,responsible_borrower,2,0,78.125,103
USER_009561,occasional_borrower,2,1,62.5,112
USER_009562,non_borrower,0,-1,0.0,103
USER_009563,responsible_borrower,2,0,78.125,97
USER_009564,non_borrower,0,-1,0.0,99
USER_009565,responsible_borrower,4,1,97.65625,115
USER_009566,responsible_borrower,2,1,62.5,98
USER_009567,risky_borrower,6,1,50.0,128
USER_009568,non_borrower,0,-1,0.0,106
USER_009569,non_borrower,0,-1,0.0,111
USER_009570,non_borrower,0,-1,0.0,94
USER_009571,non_borrower,0,-1,0.0,96
USER_009572,risky_borrower,4,1,50.0,103
USER_009573,responsible_borrower,4,0,122.0703125,112
USER_009574,non_borrower,0,-1,0.0,84
USER_009575,risky_borrower,1,2,50.0,111
USER_009576,non_borrower,0,-1,0.0,104
USER_009577,non_borrower,0,-1,0.0,99
USER_009578,risky_borrower,4,2,50.0,117
USER_009579,non_borrower,0,-1,0.0,91
USER_009580,risky_borrower,3,2,50.0,117
USER_009581,occasional_borrower,2,1,62.5,86
USER_009582,non_borrower,0,-1,0.0,102
USER_009583,non_borrower,0,-1,0.0,126
USER_009584,occasional_borrower,2,1,62.5,102
USER_009585,non_borrower,0,-1,0.0,98
USER_009586,responsible_borrower,4,1,78.125,102
USER_009587,responsible_borrower,3,0,97.65625,108
USER_009588,non_borrower,0,-1,0.0,89
USER_009589,responsible_borrower,3,0,97.65625,115
USER_009590,responsible_borrower,2,0,78.125,114
USER_009591,non_borrower,0,-1,0.0,107
USER_009592,non_borrower,0,-1,0.0,72
USER_009593,responsible_borrower,2,0,78.125,105
USER_009594,non_borrower,0,-1,0.0,102
USER_009595,defaulter,1,2,50.0,104
USER_009596,occasional_borrower,2,1,50.0,102
USER_009597,responsible_borrower,3,0,97.65625,90
USER_009598,responsible_borrower,3,1,78.125,96
USER_009599,non_borrower,0,-1,0.0,115
USER_009600,non_borrower,0,-1,0.0,90
USER_009601,responsible_borrower,4,1,97.65625,110
USER_009602,responsible_borrower,4,0,122.0703125,103
USER_009603,occasional_borrower,2,0,78.125,99
USER_009604,non_borrower,0,-1,0.0,102
USER_009605,risky_borrower,4,2,50.0,88
USER_009606,non_borrower,0,-1,0.0,110
USER_009607,occasional_borrower,1,0,62.5,107
USER_009608,occasional_borrower,1,1,50.0,94
USER_009609,responsible_borrower,2,0,78.125,89
USER_009610,responsible_borrower,2,1,62.5,105
USER_009611,responsible_borrower,3,0,97.65625,103
USER_009612,responsible_borrower,2,0,78.125,114
USER_009613,occasional_borrower,2,0,78.125,110
USER_009614,non_borrower,0,-1,0.0,106
USER_009615,occasional_borrower,2,1,50.0,111
USER_009616,risky_borrower,6,1,50.0,121
USER_009617,responsible_borrower,3,0,97.65625,107
USER_009618,non_borrower,0,-1,0.0,91
USER_009619,risky_borrower,3,2,50.0,103
USER_009620,non_borrower,0,-1,0.0,92
USER_009621,responsible_borrower,4,0,122.0703125,102
USER_009622,responsible_borrower,2,0,78.125,123
USER_009623,non_borrower,0,-1,0.0,102
USER_009624,non_borrower,0,-1,0.0,98
USER_009625,non_borrower,0,-1,0.0,111
USER_009626,responsible_borrower,3,0,97.65625,92
USER_009627,non_borrower,0,-1,0.0,91
USER_009628,non_borrower,0,-1,0.0,94
USER_009629,non_borrower,0,-1,0.0,85
USER_009630,non_borrower,0,-1,0.0,91
USER_009631,non_borrower,0,-1,0.0,101
USER_009632,occasional_borrower,1,1,50.0,111
USER_009633,non_borrower,0,-1,0.0,91
USER_009634,occasional_borrower,1,1,50.0,100
USER_009635,occasional_borrower,1,0,62.5,101
USER_009636,responsible_borrower,3,1,78.125,97
USER_009637,responsible_borrower,2,1,62.5,95
USER_009638,non_borrower,0,-1,0.0,108
USER_009639,non_borrower,0,-1,0.0,102
USER_009640,responsible_borrower,4,0,122.0703125,89
USER_009641,responsible_borrower,2,0,78.125,96
USER_009642,occasional_borrower,1,1,50.0,104
USER_009643,occasional_borrower,1,0,62.5,101
USER_009644,risky_borrower,1,2,50.0,104
USER_009645,risky_borrower,4,1,50.0,123
USER_009646,risky_borrower,6,1,50.0,116
USER_009647,responsible_borrower,2,0,78.125,114
USER_009648,risky_borrower,6,1,50.0,106
USER_009649,risky_borrower,5,1,50.0,129
USER_009650,non_borrower,0,-1,0.0,98
USER_009651,non_borrower,0,-1,0.0,102
USER_009652,responsible_borrower,4,0,122.0703125,97
USER_009653,responsible_borrower,4,1,97.65625,91
USER_009654,responsible_borrower,4,1,97.65625,111
USER_009655,non_borrower,0,-1,0.0,110
USER_009656,responsible_borrower,2,1,50.0,115
USER_009657,non_borrower,0,-1,0.0,105
USER_009658,non_borrower,0,-1,0.0,93
USER_009659,non_borrower,0,-1,0.0,114
USER_009660,non_borrower,0,-1,0.0,113
USER_009661,non_borrower,0,-1,0.0,101
USER_009662,occasional_borrower,1,0,62.5,108
USER_009663,responsible_borrower,2,0,78.125,100
USER_009664,non_borrower,0,-1,0.0,99
USER_009665,non_borrower,0,-1,0.0,101
USER_009666,occasional_borrower,2,0,78.125,98
USER_009667,occasional_borrower,1,1,50.0,96
USER_009668,risky_borrower,5,1,50.0,110
USER_009669,non_borrower,0,-1,0.0,99
USER_009670,responsible_borrower,3,1,78.125,117
USER_009671,responsible_borrower,4,1,97.65625,107
USER_009672,responsible_borrower,3,0,97.65625,120
USER_009673,non_borrower,0,-1,0.0,89
USER_009674,occasional_borrower,1,0,62.5,99
USER_009675,responsible_borrower,3,0,97.65625,100
USER_009676,responsible_borrower,3,1,78.125,115
USER_009677,non_borrower,0,-1,0.0,93
USER_009678,non_borrower,0,-1,0.0,101
USER_009679,non_borrower,0,-1,0.0,99
USER_009680,responsible_borrower,3,0,97.65625,102
USER_009681,defaulter,1,2,50.0,103
USER_009682,responsible_borrower,3,0,97.65625,110
USER_009683,non_borrower,0,-1,0.0,108
USER_009684,responsible_borrower,2,1,62.5,96
USER_009685,occasional_borrower,2,1,50.0,102
USER_009686,non_borrower,0,-1,0.0,100
USER_009687,non_borrower,0,-1,0.0,111
USER_009688,occasional_borrower,2,0,78.125,87
USER_009689,risky_borrower,3,2,50.0,108
USER_009690,responsible_borrower,4,0,122.0703125,125
USER_009691,occasional_borrower,1,0,62.5,108
USER_009692,occasional_borrower,1,0,62.5,101
USER_009693,non_borrower,0,-1,0.0,88
USER_009694,non_borrower,0,-1,0.0,100
USER_009695,non_borrower,0,-1,0.0,92
USER_009696,responsible_borrower,3,1,78.125,109
USER_009697,non_borrower,0,-1,0.0,86
USER_009698,non_borrower,0,-1,0.0,100
USER_009699,occasional_borrower,1,2,50.0,90
USER_009700,responsible_borrower,4,0,122.0703125,105
USER_009701,non_borrower,0,-1,0.0,96
USER_009702,non_borrower,0,-1,0.0,94
USER_009703,risky_borrower,4,2,50.0,93
USER_009704,non_borrower,0,-1,0.0,99
USER_009705,occasional_borrower,1,0,62.5,112
USER_009706,non_borrower,0,-1,0.0,99
USER_009707,non_borrower,0,-1,0.0,81
USER_009708,responsible_borrower,4,0,122.0703125,123
USER_009709,responsible_borrower,2,0,78.125,103
USER_009710,responsible_borrower,2,0,78.125,116
USER_009711,non_borrower,0,-1,0.0,115
USER_009712,responsible_borrower,3,0,97.65625,92
USER_009713,non_borrower,0,-1,0.0,116
USER_009714,non_borrower,0,-1,0.0,106
USER_009715,occasional_borrower,1,0,62.5,107
USER_009716,risky_borrower,6,1,50.0,115
USER_009717,responsible_borrower,4,0,122.0703125,102
USER_009718,responsible_borrower,3,0,97.65625,96
USER_009719,occasional_borrower,2,0,78.125,110
USER_009720,responsible_borrower,3,0,97.65625,90
USER_009721,risky_borrower,4,1,50.0,93
USER_009722,non_borrower,0,-1,0.0,90
USER_009723,non_borrower,0,-1,0.0,94
USER_009724,non_borrower,0,-1,0.0,90
USER_009725,non_borrower,0,-1,0.0,111
USER_009726,responsible_borrower,4,0,122.0703125,95
USER_009727,responsible_borrower,2,0,78.125,117
USER_009728,responsible_borrower,2,0,78.125,98
USER_009729,non_borrower,0,-1,0.0,94
USER_009730,risky_borrower,6,1,50.0,97
USER_009731,non_borrower,0,-1,0.0,109
USER_009732,non_borrower,0,-1,0.0,88
USER_009733,non_borrower,0,-1,0.0,101
USER_009734,risky_borrower,2,2,50.0,104
USER_009735,non_borrower,0,-1,0.0,98
USER_009736,non_borrower,0,-1,0.0,114
USER_009737,responsible_borrower,4,0,122.0703125,102
USER_009738,non_borrower,0,-1,0.0,113
USER_009739,occasional_borrower,2,0,78.125,101
USER_009740,responsible_borrower,2,0,78.125,101
USER_009741,responsible_borrower,3,0,97.65625,99
USER_009742,responsible_borrower,4,1,97.65625,131
USER_009743,non_borrower,0,-1,0.0,95
USER_009744,risky_borrower,5,1,50.0,114
USER_009745,non_borrower,0,-1,0.0,94
USER_009746,non_borrower,0,-1,0.0,111
USER_009747,non_borrower,0,-1,0.0,104
USER_009748,risky_borrower,1,2,50.0,100
USER_009749,occasional_borrower,2,0,78.125,96
USER_009750,non_borrower,0,-1,0.0,99
USER_009751,responsible_borrower,3,0,97.65625,101
USER_009752,responsible_borrower,3,0,97.65625,111
USER_009753,responsible_borrower,3,0,97.65625,109
USER_009754,responsible_borrower,3,0,97.65625,99
USER_009755,responsible_borrower,2,0,78.125,103
USER_009756,occasional_borrower,2,0,78.125,106
USER_009757,responsible_borrower,2,1,62.5,98
USER_009758,non_borrower,0,-1,0.0,111
USER_009759,non_borrower,0,-1,0.0,101
USER_009760,responsible_borrower,3,1,78.125,103
USER_009761,responsible_borrower,3,0,97.65625,122
USER_009762,non_borrower,0,-1,0.0,95
USER_009763,occasional_borrower,2,1,50.0,113
USER_009764,non_borrower,0,-1,0.0,85
USER_009765,occasional_borrower,1,0,62.5,94
USER_009766,non_borrower,0,-1,0.0,110
USER_009767,non_borrower,0,-1,0.0,110
USER_009768,responsible_borrower,3,0,97.65625,106
USER_009769,non_borrower,0,-1,0.0,115
USER_009770,non_borrower,0,-1,0.0,97
USER_009771,non_borrower,0,-1,0.0,112
USER_009772,responsible_borrower,3,0,97.65625,109
USER_009773,responsible_borrower,4,1,97.65625,96
USER_009774,non_borrower,0,-1,0.0,90
USER_009775,non_borrower,0,-1,0.0,105
USER_009776,non_borrower,0,-1,0.0,116
USER_009777,non_borrower,0,-1,0.0,117
USER_009778,non_borrower,0,-1,0.0,87
USER_009779,risky_borrower,3,2,50.0,105
USER_009780,responsible_borrower,3,0,97.65625,100
USER_009781,non_borrower,0,-1,0.0,74
USER_009782,non_borrower,0,-1,0.0,107
USER_009783,non_borrower,0,-1,0.0,105
USER_009784,responsible_borrower,2,1,62.5,129
USER_009785,responsible_borrower,4,1,97.65625,99
USER_009786,risky_borrower,4,1,50.0,102
USER_009787,responsible_borrower,2,0,78.125,85
USER_009788,non_borrower,0,-1,0.0,101
USER_009789,non_borrower,0,-1,0.0,102
USER_009790,occasional_borrower,2,1,62.5,107
USER_009791,non_borrower,0,-1,0.0,97
USER_009792,responsible_borrower,3,0,97.65625,88
USER_009793,responsible_borrower,4,0,122.0703125,112
USER_009794,non_borrower,0,-1,0.0,104
USER_009795,risky_borrower,3,2,50.0,86
USER_009796,non_borrower,0,-1,0.0,87
USER_009797,non_borrower,0,-1,0.0,103
USER_009798,responsible_borrower,2,0,78.125,96
USER_009799,responsible_borrower,3,0,97.65625,97
USER_009800,responsible_borrower,2,0,78.125,101
USER_009801,non_borrower,0,-1,0.0,85
USER_009802,responsible_borrower,3,1,78.125,104
USER_009803,non_borrower,0,-1,0.0,100
USER_009804,non_borrower,0,-1,0.0,94
USER_009805,risky_borrower,2,2,50.0,93
USER_009806,non_borrower,0,-1,0.0,94
USER_009807,occasional_borrower,2,1,62.5,87
USER_009808,responsible_borrower,3,0,97.65625,97
USER_009809,non_borrower,0,-1,0.0,114
USER_009810,responsible_borrower,2,0,78.125,102
USER_009811,risky_borrower,5,1,50.0,130
USER_009812,responsible_borrower,3,0,97.65625,100
USER_009813,responsible_borrower,3,0,97.65625,126
USER_009814,non_borrower,0,-1,0.0,99
USER_009815,non_borrower,0,-1,0.0,96
USER_009816,occasional_borrower,2,1,62.5,118
USER_009817,occasional_borrower,2,0,78.125,109
USER_009818,non_borrower,0,-1,0.0,96
USER_009819,non_borrower,0,-1,0.0,103
USER_009820,occasional_borrower,2,1,62.5,96
USER_009821,responsible_borrower,2,0,78.125,112
USER_009822,non_borrower,0,-1,0.0,99
USER_009823,non_borrower,0,-1,0.0,104
USER_009824,non_borrower,0,-1,0.0,93
USER_009825,responsible_borrower,4,1,97.65625,105
USER_009826,responsible_borrower,2,0,78.125,91
USER_009827,responsible_borrower,3,0,97.65625,108
USER_009828,responsible_borrower,4,0,122.0703125,116
USER_009829,defaulter,1,2,50.0,110
USER_009830,non_borrower,0,-1,0.0,103
USER_009831,responsible_borrower,2,0,78.125,94
USER_009832,occasional_borrower,1,0,62.5,100
USER_009833,occasional_borrower,1,1,50.0,102
USER_009834,non_borrower,0,-1,0.0,97
USER_009835,non_borrower,0,-1,0.0,100
USER_009836,occasional_borrower,2,1,62.5,104
USER_009837,non_borrower,0,-1,0.0,98
USER_009838,occasional_borrower,1,2,50.0,77
USER_009839,non_borrower,0,-1,0.0,96
USER_009840,responsible_borrower,3,0,97.65625,92
USER_009841,responsible_borrower,3,0,97.65625,103
USER_009842,occasional_borrower,1,0,62.5,93
USER_009843,non_borrower,0,-1,0.0,86
USER_009844,risky_borrower,6,1,50.0,110
USER_009845,non_borrower,0,-1,0.0,89
USER_009846,responsible_borrower,4,0,122.0703125,100
USER_009847,responsible_borrower,3,0,97.65625,93
USER_009848,responsible_borrower,3,1,78.125,95
USER_009849,non_borrower,0,-1,0.0,95
USER_009850,non_borrower,0,-1,0.0,96
USER_009851,non_borrower,0,-1,0.0,102
USER_009852,risky_borrower,6,1,50.0,100
USER_009853,occasional_borrower,1,0,62.5,107
USER_009854,responsible_borrower,4,1,97.65625,128
USER_009855,occasional_borrower,2,1,50.0,106
USER_009856,non_borrower,0,-1,0.0,116
USER_009857,risky_borrower,5,2,50.0,118
USER_009858,risky_borrower,3,2,50.0,101
USER_009859,occasional_borrower,1,0,62.5,88
USER_009860,non_borrower,0,-1,0.0,93
USER_009861,non_borrower,0,-1,0.0,103
USER_009862,responsible_borrower,2,0,78.125,108
USER_009863,responsible_borrower,2,0,78.125,105
USER_009864,non_borrower,0,-1,0.0,94
USER_009865,responsible_borrower,3,1,78.125,108
USER_009866,responsible_borrower,3,0,97.65625,96
USER_009867,non_borrower,0,-1,0.0,104
USER_009868,occasional_borrower,2,0,78.125,97
USER_009869,non_borrower,0,-1,0.0,101
USER_009870,non_borrower,0,-1,0.0,85
USER_009871,non_borrower,0,-1,0.0,84
USER_009872,defaulter,1,2,50.0,97
USER_009873,non_borrower,0,-1,0.0,114
USER_009874,non_borrower,0,-1,0.0,81
USER_009875,non_borrower,0,-1,0.0,110
USER_009876,responsible_borrower,3,0,97.65625,97
USER_009877,risky_borrower,5,1,50.0,114
USER_009878,responsible_borrower,2,0,78.125,110
USER_009879,responsible_borrower,2,1,62.5,114
USER_009880,risky_borrower,6,1,50.0,111
USER_009881,responsible_borrower,2,0,78.125,115
USER_009882,occasional_borrower,1,1,50.0,106
USER_009883,occasional_borrower,2,0,78.125,103
USER_009884,non_borrower,0,-1,0.0,83
USER_009885,non_borrower,0,-1,0.0,111
USER_009886,non_borrower,0,-1,0.0,100
USER_009887,responsible_borrower,2,0,78.125,99
USER_009888,responsible_borrower,2,0,78.125,111
USER_009889,responsible_borrower,3,0,97.65625,116
USER_009890,responsible_borrower,2,0,78.125,112
USER_009891,responsible_borrower,4,1,97.65625,100
USER_009892,risky_borrower,4,1,50.0,103
USER_009893,non_borrower,0,-1,0.0,115
USER_009894,responsible_borrower,2,1,62.5,109
USER_009895,non_borrower,0,-1,0.0,89
USER_009896,occasional_borrower,2,0,78.125,99
USER_009897,risky_borrower,1,2,50.0,90
USER_009898,non_borrower,0,-1,0.0,100
USER_009899,risky_borrower,4,2,50.0,98
USER_009900,responsible_borrower,3,0,97.65625,99
USER_009901,occasional_borrower,1,0,62.5,82
USER_009902,responsible_borrower,3,0,97.65625,85
USER_009903,responsible_borrower,4,1,97.65625,111
USER_009904,occasional_borrower,2,1,62.5,115
USER_009905,responsible_borrower,4,1,97.65625,106
USER_009906,non_borrower,0,-1,0.0,96
USER_009907,risky_borrower,5,1,50.0,98
USER_009908,responsible_borrower,4,0,122.0703125,113
USER_009909,occasional_borrower,1,0,62.5,120
USER_009910,responsible_borrower,3,0,97.65625,117
USER_009911,non_borrower,0,-1,0.0,85
USER_009912,non_borrower,0,-1,0.0,94
USER_009913,occasional_borrower,1,0,62.5,107
USER_009914,responsible_borrower,4,0,122.0703125,99
USER_009915,responsible_borrower,4,0,122.0703125,130
USER_009916,non_borrower,0,-1,0.0,102
USER_009917,responsible_borrower,4,0,122.0703125,101
USER_009918,responsible_borrower,3,0,97.65625,99
USER_009919,non_borrower,0,-1,0.0,92
USER_009920,responsible_borrower,3,1,78.125,101
USER_009921,risky_borrower,4,1,50.0,112
USER_009922,non_borrower,0,-1,0.0,109
USER_009923,non_borrower,0,-1,0.0,103
USER_009924,responsible_borrower,3,1,78.125,118
USER_009925,risky_borrower,4,2,50.0,105
USER_009926,occasional_borrower,2,1,62.5,106
USER_009927,non_borrower,0,-1,0.0,101
USER_009928,non_borrower,0,-1,0.0,110
USER_009929,non_borrower,0,-1,0.0,120
USER_009930,non_borrower,0,-1,0.0,84
USER_009931,defaulter,1,2,50.0,92
USER_009932,responsible_borrower,4,0,122.0703125,117
USER_009933,occasional_borrower,2,1,62.5,91
USER_009934,responsible_borrower,3,1,78.125,120
USER_009935,occasional_borrower,2,2,62.5,111
USER_009936,defaulter,1,2,50.0,92
USER_009937,non_borrower,0,-1,0.0,84
USER_009938,responsible_borrower,4,0,122.0703125,110
USER_009939,responsible_borrower,4,0,122.0703125,102
USER_009940,non_borrower,0,-1,0.0,96
USER_009941,responsible_borrower,3,0,97.65625,118
USER_009942,non_borrower,0,-1,0.0,101
USER_009943,non_borrower,0,-1,0.0,102
USER_009944,non_borrower,0,-1,0.0,79
USER_009945,responsible_borrower,4,1,78.125,113
USER_009946,non_borrower,0,-1,0.0,83
USER_009947,non_borrower,0,-1,0.0,85
USER_009948,responsible_borrower,2,0,78.125,106
USER_009949,occasional_borrower,2,0,78.125,109
USER_009950,non_borrower,0,-1,0.0,93
USER_009951,non_borrower,0,-1,0.0,89
USER_009952,responsible_borrower,2,0,78.125,113
USER_009953,non_borrower,0,-1,0.0,110
USER_009954,occasional_borrower,1,0,62.5,96
USER_009955,responsible_borrower,4,0,122.0703125,107
USER_009956,non_borrower,0,-1,0.0,124
USER_009957,non_borrower,0,-1,0.0,103
USER_009958,non_borrower,0,-1,0.0,97
USER_009959,risky_borrower,1,2,50.0,97
USER_009960,responsible_borrower,4,0,122.0703125,121
USER_009961,non_borrower,0,-1,0.0,93
USER_009962,non_borrower,0,-1,0.0,103
USER_009963,occasional_borrower,2,1,62.5,92
USER_009964,responsible_borrower,3,0,97.65625,115
USER_009965,responsible_borrower,4,0,122.0703125,117
USER_009966,responsible_borrower,4,0,122.0703125,117
USER_009967,occasional_borrower,2,1,62.5,96
USER_009968,responsible_borrower,3,0,97.65625,94
USER_009969,risky_borrower,3,2,50.0,100
USER_009970,non_borrower,0,-1,0.0,117
USER_009971,non_borrower,0,-1,0.0,91
USER_009972,responsible_borrower,3,0,97.65625,105
USER_009973,occasional_borrower,1,0,62.5,93
USER_009974,non_borrower,0,-1,0.0,101
USER_009975,responsible_borrower,3,0,97.65625,103
USER_009976,responsible_borrower,2,0,78.125,118
USER_009977,responsible_borrower,4,1,97.65625,91
USER_009978,responsible_borrower,3,0,97.65625,112
USER_009979,responsible_borrower,2,0,78.125,88
USER_009980,non_borrower,0,-1,0.0,95
USER_009981,responsible_borrower,3,0,97.65625,103
USER_009982,non_borrower,0,-1,0.0,101
USER_009983,non_borrower,0,-1,0.0,92
USER_009984,risky_borrower,5,1,50.0,117
USER_009985,responsible_borrower,4,0,122.0703125,111
USER_009986,non_borrower,0,-1,0.0,92
USER_009987,non_borrower,0,-1,0.0,73
USER_009988,non_borrower,0,-1,0.0,117
USER_009989,non_borrower,0,-1,0.0,84
USER_009990,occasional_borrower,2,1,62.5,125
USER_009991,non_borrower,0,-1,0.0,82
USER_009992,non_borrower,0,-1,0.0,102
USER_009993,non_borrower,0,-1,0.0,88
USER_009994,non_borrower,0,-1,0.0,100
USER_009995,non_borrower,0,-1,0.0,91
USER_009996,risky_borrower,1,2,50.0,101
USER_009997,responsible_borrower,3,0,97.65625,100
USER_009998,responsible_borrower,4,0,122.0703125,111
USER_009999,responsible_borrower,4,0,122.0703125,94
